,temp,clouds_all,traffic_volume,day_sin,day_cos
0,0.7600188590287602,0,0.7587554067252685,0.24999999999540656,0.9330127018895673
1,0.7381738173817385,0,0.5607646155992744,0.37059047744809526,0.9829629131443616
2,0.6988841741316993,0,0.4635133249616297,0.49999999999669403,1
3,0.668238252,0,0.37002930096274594,0.6294095225455181,0.9829629131460729
4,0.6430928807166434,0,0.32510115808567047,0.7499999999988674,0.9330127018928733
5,0.644035832,0,0.27389423747732666,0.853553391,0.8535533905960646
6,0.6465503693226462,0,0.13994697921026927,0.9330127018925645,0.7499999999994023
7,0.6423070878516426,0,0.076322032,0.9829629131440298,0.6294095225531428
8,0.6380638063806381,0,0.037812195,1,0.5000000000045877
9,0.6251768033946257,0,0.023440770196735034,0.9829629131445214,0.37059047744869195
10,0.6135470689926144,0,0.039347007,0.9330127018935142,0.25000000000224265
11,0.6204620462046209,0,0.097251291,0.8535533905969709,0.14644660941042337
12,0.6261197548326263,0,0.34533277521975725,0.7500000000005123,0.066987298
13,0.6228194247996233,0,0.7547090832984512,0.6294095225543808,0.017037086856301953
14,0.6251768033946257,0,0.8634017022464071,0.5000000000058693,0
15,0.6331918906176335,0,0.7191293428212641,0.3705904774499299,0.017037086855146932
16,0.6386924406726382,0,0.6389005162550578,0.25000000000335265,0.066987298
17,0.6467075278956469,0,0.5957862425003488,0.14644660941132964,0.14644660940212284
18,0.6842684268426846,0,0.6270406027626622,0.066987298,0.2499999999983778
19,0.7141285557127142,0,0.6425282544997907,0.017037086856633687,0.3705904774443813
20,0.7573471632877573,0,0.6041579461420399,0,0.5000000000001249
21,0.7881502435957883,0.08,0.6790846937351751,0.017037086854815198,0.6294095225488321
22,0.8021373565928029,0.08,0.7074089577228966,0.066987298,0.7499999999955375
23,0.8027659908848039,0.08,0.7873587275010464,0.14644660940636145,0.8535533905929089
24,0.7821782178217833,0.24,0.685782057,0.24999999999726785,0.9330127018906419
25,0.7648907747917648,0.24,0.6176922003627738,0.37059047744314333,0.9829629131430346
26,0.730001572,0.24,0.4855588112180829,0.49999999999884326,1
27,0.71035675,0.36,0.3954234686758756,0.6294095225475941,0.9829629131455165
28,0.6999842841427006,0.36,0.5035579740477186,0.7499999999944275,0.9330127018954366
29,0.6911834040546911,0.36,0.3249616296916423,0.8535533905920027,0.8535533905945448
30,0.6792393525066793,0.2,0.22519882796149016,0.9330127018900011,0.75
31,0.6731101681596736,0.2,0.15096972233849587,0.9829629131445861,0.6294095225510666
32,0.6633663366336644,0.2,0.092507325,1,0.5000000000024384
33,0.6616375923306621,0.56,0.077159202,0.9829629131458483,0.37059047745364393
34,0.6474933207606477,0.56,0.046742012,0.9330127018924395,0.2500000000003813
35,0.6423070878516426,0.56,0.055671829217245714,0.8535533905954511,0.14644660940890358
36,0.6404211849756405,0.24,0.11790149295381612,0.75,0.066987298
37,0.637435172,0.24,0.21515278359146087,0.6294095225523046,0.017037086855745676
38,0.6360207449316362,0.24,0.33793777033626343,0.5,0
39,0.6405783435486403,0.2,0.4672805916003907,0.37059047745488194,0.017037087
40,0.6553512494106548,0,0.5085809962327333,0.25000000000149125,0.066987298
41,0.6665095080936667,0,0.5547648946560625,0.14644660940980986,0.14644660940364262
42,0.6925978312116929,0,0.6026231338077298,0.066987298,0.25000000000023914
43,0.7527895646707532,0.12,0.6200641830612529,0.017037087,0.37059047744645734
44,0.792236366,0.12,0.6010883214734198,0,0.4999999999949983
45,0.8079522237938082,0.12,0.5826705734616994,0.017037086855371475,0.6294095225509081
46,0.8191104824768192,0,0.5927166178317287,0.066987298,0.7499999999973987
47,0.8587144428728588,0,0.5575554625366261,0.14644660940273635,0.8535533905892838
48,0.799465661,0,0.5321612948234965,0.24999999999912914,0.9330127018917165
49,0.779820839,0,0.5144411887819171,0.37059047744521934,0.9829629131435909
50,0.7411598302687419,0,0.4633737965676015,0.4999999999937166,1
51,0.7105139085337115,0,0.3940281847355937,0.6294095225496701,0.9829629131449602
52,0.6973125884016977,0,0.373098926,0.7499999999962887,0.9330127018943619
53,0.7034417727487035,0,0.40016743407283384,0.8535533905935224,0.853553391
54,0.6647807637906653,0,0.2863122645458351,0.9330127018910757,0.7500000000019807
55,0.6665095080936667,0.32,0.2345472303613785,0.9829629131432591,0.6294095225560187
56,0.6500078579286499,0.32,0.092507325,1,0.5000000000002891
57,0.6421499292786428,0.32,0.077159202,0.9829629131452919,0.3705904774515679
58,0.6342920006286348,0.08,0.041858518,0.9330127018950027,0.25000000000482114
59,0.6267483891246264,0.08,0.037254081,0.8535533905939314,0.1464466094073838
60,0.6204620462046209,0.08,0.060973908,0.7500000000030907,0.066987298
61,0.6154329718686156,0,0.11120413004046324,0.6294095225572567,0.017037087
62,0.6115040075436116,0,0.16896888516813172,0.5000000000015707,0
63,0.6226622662266226,0,0.2644063066834101,0.37059047745280593,0.017037087
64,0.6399497092566402,0,0.3657039207478722,0.24999999999962996,0.066987298
65,0.6834826339776838,0,0.4854192828240547,0.14644660940829007,0.1464466094051624
66,0.7435172088637434,0,0.5258825170922282,0.066987298,0.2499999999957993
67,0.8035517837498038,0,0.537044789,0.017037086855521133,0.37059047744853335
68,0.8337262297658339,0,0.5484861169247942,0,0.49999999999714756
69,0.8374980355178381,0,0.5462536626203432,0.017037086854044592,0.6294095225459561
70,0.8393839383938402,0.08,0.548346589,0.066987298,0.7499999999992601
71,0.8659437372308667,0.08,0.58908888,0.14644660940425608,0.8535533905908037
72,0.8203677510608203,0.08,0.5977396400167434,0.2499999999946893,0.9330127018891532
73,0.7925506836397926,0,0.5345332775219757,0.37059047744729534,0.9829629131441471
74,0.7355021216407356,0,0.5689967908469373,0.49999999999586586,1
75,0.7029702970297032,0,0.43365424863959817,0.6294095225517462,0.982962913
76,0.6886688668866889,0,0.2898004743965397,0.7499999999981501,0.9330127018932873
77,0.6756247053276758,0,0.18906097390819032,0.8535533905898973,0.8535533905966501
78,0.6639949709256645,0,0.11790149295381612,0.9330127018921504,0.7500000000001195
79,0.6647807637906653,0,0.061252965,0.9829629131438155,0.6294095225539427
80,0.6595945308816602,0,0.041021348,1,0.5000000000054158
81,0.6511079679396512,0,0.021068787498255897,0.9829629131447357,0.37059047744949186
82,0.6509508093666514,0,0.031812473838426114,0.9330127018939283,0.25000000000295985
83,0.6154329718686156,0,0.10311148318682853,0.8535533905975565,0.14644660941100895
84,0.6352349520666354,0,0.35523929119575837,0.7500000000012295,0.066987298
85,0.6390067578186396,0,0.7559648388447049,0.6294095225551806,0.017037087
86,0.6361779035046369,0,0.8306125296497837,0.4999999999994215,0
87,0.6501650165016506,0,0.6641551555741593,0.37059047745072987,0.017037086854932548
88,0.6666666666666674,0,0.6089019115389982,0.25000000000406974,0.066987298
89,0.7185289957567194,0,0.5480675317427096,0.14644660940677034,0.14644660940668214
90,0.7727487034417728,0,0.5809962327333612,0.066987298,0.2499999999976606
91,0.8337262297658339,0,0.5934142598018697,0.017037086856848016,0.37059047744358137
92,0.8573000157158579,0,0.583926329,0,0.4999999999992968
93,0.8503850385038505,0,0.6149016324822101,0.017037087,0.6294095225480322
94,0.8448844884488449,0,0.7068508441467839,0.066987298,0.7499999999948203
95,0.8725443972968736,0,0.8925631365982978,0.14644660940577586,0.8535533905923234
96,0.8294829482948303,0,0.8234965815543462,0.24999999999655065,0.9330127018902279
97,0.8040232594688042,0,0.5849030277661503,0.3705904774493714,0.9829629131447034
98,0.7733773377337738,0,0.3951444118878192,0.49999999999801514,1
99,0.7557755775577566,0,0.285475094,0.6294095225467942,0.9829629131457309
100,0.7443030017287442,0.08,0.23566345751360399,0.7500000000000115,0.9330127018922127
101,0.7344020116297352,0.08,0.18027068508441468,0.8535533905914171,0.8535533905951305
102,0.7224579600817234,0.08,0.12376168550299986,0.9330127018895871,0.7500000000045592
103,0.7094137985227094,0.12,0.083717036,0.9829629131443717,0.6294095225518666
104,0.6999842841427006,0.12,0.077856844,1,0.5000000000032665
105,0.6966839541096976,0.12,0.061950607,0.9829629131460627,0.37059047745444385
106,0.6919691969196928,0.44,0.062369192,0.9330127018928536,0.2500000000010985
107,0.6932264655036939,0.44,0.12627319659550718,0.8535533905960367,0.14644660940948917
108,0.6936979412226933,0.44,0.409376308,0.7499999999993681,0.066987298
109,0.6979412226936987,0.64,0.8031254360262313,0.6294095225531047,0.017037086855960004
110,0.6946408926606948,0.64,0.8491698060555323,0.5000000000045483,0
111,0.6875687568756876,0.64,0.7460583228687038,0.3705904774486538,0.017037086855488826
112,0.6889831840326894,0.64,0.6772708246128086,0.25000000000220846,0.066987298
113,0.6990413327046991,0.64,0.5547648946560625,0.14644660941039545,0.14644660940305704
114,0.7224579600817234,0.64,0.5705316031812474,0.066987298,0.24999999999952194
115,0.7617476033317625,0.64,0.6054137016882936,0.017037087,0.3705904774456574
116,0.7887788778877884,0.64,0.6165759732105484,0,0.4999999999941701
117,0.8431557441458435,0.64,0.7035021626901075,0.017037086855157146,0.6294095225501082
118,0.836240767,0.48,0.7682433375191852,0.066987298,0.7499999999966815
119,0.8239823982398238,0.48,0.8461001813869122,0.14644660940215076,0.8535533905886983
120,0.8170674210278173,0.48,0.7863820287428491,0.25,0.9330127018913025
121,0.8057520037718064,0.92,0.5670433933305428,0.3705904774444194,0.9829629131433766
122,0.7832783278327837,0.92,0.3977954513743547,0.5000000000001644,1
123,0.764733616,0.92,0.31519464210966935,0.6294095225488702,0.9829629131451746
124,0.7446173188747447,1,0.2773824473280313,0.7499999999955717,0.933012702
125,0.7298444130127302,1,0.160876238,0.8535533905929369,0.8535533905936106
126,0.726072607,1,0.14301660387888934,0.9330127018906617,0.7500000000026981
127,0.7183718371837187,0.88,0.055950886,0.9829629131430448,0.6294095225568186
128,0.7152286657237155,0.88,0.028045207,1,0.5000000000011173
129,0.6855256954266857,0.88,0.018138691223664013,0.9829629131455063,0.37059047745236784
130,0.6759390224736763,0.92,0.028324264,0.9330127018954169,0.25000000000553835
131,0.6767248153386771,0.92,0.10283242639877216,0.853553391,0.14644660940796944
132,0.7497564042118499,0.92,0.35607646155992745,0.75,0.066987298
133,0.6892346377494891,0.8,0.7498255895074647,0.6294095225510286,0.017037086855403727
134,0.6892346377494891,0.8,0.827821962,0.5,0
135,0.6892346377494891,0.8,0.8087065717873587,0.37059047745360585,0.017037086854161942
136,0.6801037246581809,0,0.6622017580577647,0.25000000000034717,0.066987298
137,0.6801037246581809,0,0.5832286870378122,0.14644660940887566,0.14644660940457677
138,0.6801037246581809,0,0.6077856843867727,0.066987298,0.2499999999950821
139,0.6988841741316993,0,0.6234128645179293,0.017037087,0.37059047744773344
140,0.6988841741316993,0,0.6089019115389982,0,0.4999999999963194
141,0.6988841741316993,0,0.6747593135203014,0.017037086853830263,0.6294095225451561
142,0.7132484677039135,0,0.7314078414957443,0.066987298,0.7499999999985429
143,0.7132484677039135,0,0.8081484582112459,0.1464466094036705,0.8535533905902181
144,0.7132484677039135,0,0.7777312683131017,0.2500000000002733,0.9330127018923771
145,0.6756404211849758,0,0.5738802846379237,0.3705904774464954,0.9829629131439328
146,0.6756404211849758,0,0.43672387330821827,0.4999999999950377,1
147,0.6756404211849758,0,0.34965815543463097,0.6294095225509462,0.9829629131446183
148,0.6377966368065384,0,0.32691502720803683,0.7499999999974329,0.9330127018937014
149,0.6377966368065384,0,0.24738384261197152,0.8535533905893118,0.8535533905972358
150,0.6377966368065384,0,0.2786382028742849,0.9330127018917362,0.7500000000008367
151,0.6180260883231177,0,0.074787219,0.9829629131436011,0.6294095225547426
152,0.6180260883231177,0,0.044090972512906376,1,0.5
153,0.6011158258683014,0,0.022464071,0.982962913,0.3705904774502918
154,0.6011158258683014,0,0.029440491,0.9330127018943423,0.25
155,0.6011158258683014,0,0.10004185851820846,0.8535533905929972,0.14644660940644966
156,0.5767876787678774,0,0.36151806892702665,0.7500000000019467,0.066987298
157,0.5767876787678774,0,0.7750802288265661,0.6294095225559806,0.017037087
158,0.5767876787678774,0,0.845123483,0.5000000000002497,0
159,0.6382366808109379,0.36,0.778707967,0.37059047745152984,0.017037087
160,0.6378909319503401,0,0.6361099483744942,0.25,0.066987298
161,0.6378909319503401,0,0.58992605,0.14644660940735593,0.14644660940609655
162,0.6378909319503401,0,0.6024836054137016,0.066987298,0.24999999999694344
163,0.6896275341819904,0,0.6097390819031673,0.017037086857062345,0.3705904774427814
164,0.6896275341819904,0,0.6207618250313939,0,0.49999999999846867
165,0.7033474776049036,0.56,0.6405748569833961,0.017037086854386485,0.6294095225472323
166,0.7033474776049036,0.56,0.6966652713827264,0.066987298,0.7500000000004042
167,0.7033474776049036,0.56,0.8073112878470768,0.14644660940519028,0.8535533905917378
168,0.7033474776049036,0.56,0.7466164364448165,0.24999999999583344,0.9330127018898138
169,0.671522867,0.48,0.5787637784289102,0.37059047744857143,0.982962913
170,0.671522867,0.48,0.4160736709920469,0.5,1
171,0.6365865157944373,0.92,0.3751918515417888,0.6294095225459941,0.9829629131459452
172,0.6365865157944373,0.92,0.351192968,0.7499999999992942,0.9330127018926269
173,0.6365865157944373,0.92,0.21710618110785543,0.8535533905908315,0.853553391
174,0.560066007,0.92,0.1252964978373099,0.933012702,0.7500000000052764
175,0.560066007,0.92,0.056369471,0.9829629131441573,0.6294095225526666
176,0.560066007,0.92,0.030696246686200645,1,0.5000000000040947
177,0.5418356121326426,0.92,0.021068787498255897,0.9829629131443938,0.37059047744821577
178,0.5418356121326426,0.92,0.033347286,0.9330127018932677,0.25000000000181566
179,0.5418356121326426,0.92,0.087623831,0.8535533905966223,0.14644660941007476
180,0.5338676724815348,0.8,0.334589089,0.7500000000000853,0.066987298
181,0.5338676724815348,0.8,0.7555462536626203,0.6294095225539045,0.017037086856174333
182,0.5338676724815348,0.8,0.8541928282405469,0.5000000000053764,0
183,0.5542668552569547,0,0.7247104785823915,0.3705904774494537,0.017037086855274497
184,0.568568285,0,0.6252267336402958,0.25000000000292566,0.066987298
185,0.568568285,0,0.6015069066555043,0.14644660941098103,0.14644660940247145
186,0.568568285,0,0.6154597460583229,0.066987298,0.24999999999880473
187,0.5936665095080946,0.12,0.6165759732105484,0.017037086856506067,0.37059047744485746
188,0.5936665095080946,0.12,0.6221571089716758,0,0.5
189,0.5931793179317935,0.24,0.6709920468815403,0.017037086854942762,0.6294095225493083
190,0.6871758604431872,0.4,0.7595228128924236,0.066987298,0.7499999999959643
191,0.5931793179317935,0.24,0.8413562159899539,0.14644660940671006,0.8535533905932575
192,0.5931793179317935,0.24,0.7368494488628435,0.2499999999976948,0.9330127018908885
193,0.5641521294986647,0.56,0.6319240965536487,0.3705904774436195,0.9829629131431622
194,0.5641521294986647,0.56,0.5268592158504255,0.49999999999933625,1
195,0.5641521294986647,0.56,0.4301660387888936,0.6294095225480703,0.982962913
196,0.5371994342291377,0,0.34812334310032095,0.7499999999948544,0.9330127018951901
197,0.5371994342291377,0,0.3484023998883773,0.8535533905923512,0.8535533905941963
198,0.5371994342291377,0,0.23064043532858935,0.9330127018902475,0.7500000000034153
199,0.5091623448059095,0,0.14971396679224222,0.9829629131447136,0.6294095225505905
200,0.5091623448059095,0,0.075763918,1,0.5000000000019454
201,0.48200534339148193,0,0.059439096,0.9829629131457207,0.37059047745316775
202,0.48200534339148193,0,0.035998326,0.933012702,0.24999999999995443
203,0.48200534339148193,0,0.045067671,0.8535533905951025,0.14644660940855497
204,0.4561684739902563,0,0.087344775,0.7500000000045252,0.066987298
205,0.4561684739902563,0,0.17161992465466722,0.6294095225518285,0.017037086855618055
206,0.4561684739902563,0,0.29426538300544164,0.5000000000032271,0
207,0.5389753261040391,0.24,0.45821124598855867,0.37059047745440576,0.017037086853947614
208,0.53968254,0.48,0.5924375610436724,0.25000000000106437,0.066987298
209,0.53968254,0.48,0.6740616715501604,0.14644660940946125,0.14644660940399118
210,0.53968254,0.48,0.6432258964699316,0.066987298,0.2499999999943649
211,0.5928650007857938,0,0.6645737407562439,0.017037087,0.3705904774469335
212,0.5928650007857938,0,0.6316450397655923,0,0.4999999999954912
213,0.6817538896746815,0.75,0.6852239430724152,0.017037087,0.6294095225513843
214,0.6258997328304265,0.2,0.6383424026789452,0.066987298,0.7499999999978257
215,0.6258997328304265,0.2,0.6296916422491977,0.1464466094030849,0.8535533905896324
216,0.6258997328304265,0.2,0.6790846937351751,0.24999999999955613,0.9330127018919631
217,0.5701555869872714,0,0.5964838844704897,0.3705904774456955,0.9829629131437185
218,0.5701555869872714,0,0.4808148458211246,0.4999999999942096,1
219,0.5701555869872714,0,0.4572345472303614,0.6294095225501463,0.9829629131448328
220,0.5001728744303002,0,0.5530905539277242,0.7499999999967157,0.9330127018941154
221,0.5001728744303002,0,0.544579322,0.8535533905887263,0.8535533905978214
222,0.5001728744303002,0,0.28463792381749686,0.9330127018913221,0.7500000000015539
223,0.4565299387081567,0,0.19673503557974048,0.9829629131433868,0.6294095225555425
224,0.4565299387081567,0,0.12683131017161992,1,0.49999999999979616
225,0.4565299387081567,0,0.07994977,0.9829629131451644,0.37059047745109175
226,0.4353292472104351,0,0.037812195,0.9330127018947563,0.25000000000439426
227,0.4353292472104351,0,0.040463234,0.8535533905935828,0.1464466094070352
228,0.4353292472104351,0,0.090832985,0.7500000000026639,0.066987298
229,0.42393525066792437,0,0.2045486256453188,0.6294095225567805,0.017037086856944994
230,0.42393525066792437,0,0.2293846797823357,0.5000000000010778,0
231,0.42393525066792437,0,0.3348681456676434,0.37059047745232976,0.017037087
232,0.5851013672795857,0.4,0.6615041160876238,0.25000000000550415,0.066987298
233,0.5732673267326738,0,0.6640156271801311,0.14644660940794152,0.14644660940551096
234,0.5732673267326738,0,0.5582531045067671,0.066987298,0.24999999999622619
235,0.6645607417884647,0,0.627738245,0.017037086855393513,0.3705904774490095
236,0.6645607417884647,0,0.6303892842193386,0,0.4999999999976405
237,0.6926606946408929,0,0.6347146644342123,0.017037086854172157,0.6294095225464322
238,0.6926606946408929,0,0.5562997069903725,0.066987298,0.75
239,0.6926606946408929,0,0.5692758476349937,0.1464466094046047,0.8535533905911522
240,0.6926606946408929,0,0.5463931910143714,0.2499999999951163,0.9330127018893997
241,0.6457331447430463,0,0.5127668480535789,0.3705904774477715,0.9829629131442748
242,0.6457331447430463,0,0.4340728338216827,0.49999999999635886,1
243,0.6457331447430463,0,0.3197990791125994,0.6294095225451943,0.9829629131461596
244,0.6195819581958202,0,0.25170922282684527,0.7499999999985771,0.9330127018930409
245,0.6195819581958202,0,0.2092925910422771,0.8535533905902459,0.8535533905963015
246,0.6121483576929125,0,0.11664573740756244,0.9330127018923968,0.7499999999996926
247,0.6121483576929125,0,0.051765034184456535,0.982962913,0.6294095225534665
248,0.6121483576929125,0,0.029859076322031535,1,0.5000000000049228
249,0.6121483576929125,0,0.020650202316171342,0.982962913,0.3705904774490157
250,0.6127927078422135,0,0.026370866471326918,0.9330127018936817,0.25000000000253286
251,0.6127927078422135,0,0.095437422,0.8535533905972079,0.14644660941066034
252,0.6156687097281162,0,0.34379796288544723,0.7500000000008025,0.066987298
253,0.6156687097281162,0,0.7321054834658853,0.6294095225547045,0.017037086856388717
254,0.6156687097281162,0,0.8454025394167712,0.5000000000062045,0
255,0.6887002986012889,0,0.7134086786661086,0.3705904774502537,0.017037087
256,0.5851013672795857,0.4,0.6615041160876238,0.25000000000364286,0.066987298
257,0.6979412226936987,0,0.5359285614622575,0.14644660940642173,0.1464466094070307
258,0.6979412226936987,0,0.5597879168410771,0.066987298,0.24999999999808753
259,0.7874430300172874,0,0.5801590623691921,0.017037086856720396,0.37059047744405754
260,0.7874430300172874,0,0.6017859634435607,0,0.4999999999997898
261,0.7874430300172874,0,0.6415515557415934,0.017037086854728434,0.6294095225485083
262,0.8136570799937144,0.08,0.6922003627738245,0.066987298,0.7499999999952471
263,0.8136570799937144,0.08,0.8264266778289382,0.14644660940612442,0.853553391
264,0.8136570799937144,0.08,0.743267755,0.24999999999697758,0.9330127018904744
265,0.7716485934307724,0.36,0.5685782056648527,0.37059047744281953,0.9829629131429478
266,0.7716485934307724,0.36,0.44007255476489465,0.4999999999985081,1
267,0.7716485934307724,0.36,0.34812334310032095,0.6294095225472703,0.9829629131456032
268,0.752192362,0.56,0.25268592158504255,0.7500000000004383,0.9330127018919663
269,0.752192362,0.56,0.17566624808148457,0.8535533905917657,0.8535533905947819
270,0.752192362,0.56,0.2028742849169806,0.9330127018898335,0.7500000000041324
271,0.7311645450259312,0.56,0.17580577647551276,0.9829629131444992,0.6294095225513905
272,0.7311645450259312,0.56,0.06948514,1,0.5000000000027736
273,0.7311645450259312,0.56,0.052741733,0.982962913,0.37059047745396767
274,0.7161244695898161,0.24,0.050788335426259254,0.9330127018926071,0.2500000000006716
275,0.7161244695898161,0.24,0.10841356215989954,0.8535533905956881,0.14644660940914056
276,0.7161244695898161,0.24,0.38244732803125436,0.7500000000052424,0.066987298
277,0.6967468175388967,0.36,0.7654527696386214,0.6294095225526284,0.017037087
278,0.6967468175388967,0.36,0.8624250034882098,0.5000000000040552,0
279,0.6967468175388967,0.36,0.8211245988558672,0.37059047744817764,0.017037086855616446
280,0.7666195190947671,0,0.6377842891028324,0.2500000000017816,0.066987298
281,0.7666195190947671,0,0.5497418724710478,0.1464466094100469,0.1464466094034056
282,0.7666195190947671,0,0.5634156550858099,0.066987298,0.24999999999994887
283,0.8168945465975175,0.32,0.5982977535928561,0.017037086856164174,0.37059047744613355
284,0.8168945465975175,0.32,0.6147621040881819,0,0.4999999999946631
285,0.8168945465975175,0.32,0.6421096693177061,0.017037087,0.6294095225505844
286,0.8253653936822256,0.24,0.6542486395981582,0.066987298,0.7499999999971085
287,0.8253653936822256,0.24,0.8407981024138412,0.14644660940249937,0.8535533905890469
288,0.8253653936822256,0.24,0.7916841077159201,0.24999999999883887,0.933012702
289,0.7834983498349843,0.92,0.5950886005302078,0.3705904774448956,0.9829629131435041
290,0.7834983498349843,0.92,0.3955629970699037,0.5000000000006574,1
291,0.7834983498349843,0.92,0.3253802148737268,0.6294095225493463,0.982962913
292,0.7295300958667297,0.92,0.2759871633877494,0.7499999999959985,0.9330127018945296
293,0.7295300958667297,0.92,0.16464350495325797,0.8535533905932855,0.8535533905932621
294,0.7295300958667297,0.92,0.094600251,0.9330127018909081,0.7500000000022711
295,0.6685054219707696,0.92,0.046462955,0.9829629131431724,0.6294095225563424
296,0.6685054219707696,0.92,0.022185014650481377,1,0.5000000000006243
297,0.6685054219707696,0.92,0.016324822101297615,0.9829629131453788,0.37059047745189166
298,0.6075593273613094,0.92,0.021905957862425007,0.9330127018951704,0.2500000000051114
299,0.6075593273613094,0.92,0.095995535,0.8535533905941683,0.14644660940762083
300,0.6075593273613094,0.92,0.3666806195060695,0.7500000000033811,0.066987298
301,0.5680025145371679,0.92,0.7231756662480815,0.6294095225575804,0.017037086857159323
302,0.5680025145371679,0.92,0.8034044928142877,0.5000000000019059,0
303,0.5680025145371679,0.92,0.7450816241105065,0.3705904774531297,0.017037086854289563
304,0.5437372308659438,0.92,0.6591321333891447,0.24999999999992023,0.066987298
305,0.5437372308659438,0.92,0.5639737686619227,0.1464466094085271,0.14644660940492532
306,0.5437372308659438,0.92,0.5811357611273894,0.066987298,0.24999999999550898
307,0.5726858400125727,0.56,0.5811357611273894,0.017037086855607897,0.3705904774482096
308,0.5726858400125727,0.56,0.5977396400167434,0,0.4999999999968123
309,0.5726858400125727,0.56,0.6324822101297614,0.017037086853957828,0.6294095225456323
310,0.6076850542197083,0.2,0.6479698618668899,0.066987298,0.7499999999989698
311,0.6076850542197083,0.2,0.8508441467838704,0.14644660940401905,0.8535533905905666
312,0.6076850542197083,0.2,0.7881958978652155,0.24999999999439904,0.9330127018889856
313,0.5683325475404684,0.12,0.5886702944049114,0.3705904774469716,0.9829629131440605
314,0.5683325475404684,0.12,0.41398074508162414,0.4999999999955307,1
315,0.5683325475404684,0.12,0.33556578763778433,0.6294095225514224,0.9829629131444908
316,0.517994657,0,0.28477745221152506,0.7499999999978598,0.9330127018934549
317,0.517994657,0,0.17580577647551276,0.8535533905896604,0.8535533905968872
318,0.517994657,0,0.10478582391516673,0.9330127018919827,0.7500000000004098
319,0.4774634606317778,0,0.051206920608343795,0.9829629131437287,0.6294095225542664
320,0.4774634606317778,0,0.030277662,1,0.5
321,0.4367122426528369,0,0.016743407,0.9829629131448225,0.37059047744981566
322,0.4367122426528369,0,0.027208037,0.9330127018940958,0.2500000000032501
323,0.4367122426528369,0,0.094460723,0.8535533905977934,0.14644660941124593
324,0.4334276284771339,0,0.36988977256871775,0.7500000000015197,0.066987298
325,0.4334276284771339,0,0.7750802288265661,0.6294095225555044,0.017037086856603045
326,0.4334276284771339,0,0.7640574856983395,0.4999999999997567,0
327,0.4334276284771339,0,0.7078275429049812,0.3705904774510536,0.017037087
328,0.5324218136099321,0,0.6942932886842472,0.25000000000436007,0.066987298
329,0.5324218136099321,0,0.5677410353006836,0.14644660940700738,0.1464466094064451
330,0.5324218136099321,0,0.5973210548346588,0.066987298,0.24999999999737033
331,0.6140185447116138,0,0.6137854053299846,0.017037087,0.37059047744325757
332,0.6140185447116138,0,0.6308078694014232,0,0.4999999999989616
333,0.6442558541568446,0,0.6827124319799078,0.017037086854514105,0.6294095225477083
334,0.6442558541568446,0,0.7544300265103948,0.066987298,0.7499999999945299
335,0.6442558541568446,0,0.842891028,0.14644660940553889,0.8535533905920863
336,0.594137985,0,0.8025673224501185,0.24999999999626038,0.9330127018900602
337,0.594137985,0,0.6319240965536487,0.3705904774490476,0.9829629131446167
338,0.594137985,0,0.4742570113017999,0.49999999999767997,1
339,0.5597674053119595,0,0.3747732663597042,0.6294095225464704,0.9829629131458176
340,0.5597674053119595,0,0.3373796567601507,0.7499999999997212,0.9330127018923803
341,0.5597674053119595,0,0.2800334868145668,0.8535533905911801,0.8535533905953674
342,0.5501807323589509,0,0.22631505511371564,0.9330127018894194,0.7500000000048497
343,0.5501807323589509,0,0.29580019533975166,0.982962913,0.6294095225521904
344,0.5501807323589509,0,0.12711036695967629,1,0.5000000000036017
345,0.5452302373094455,0,0.036277382,0.9829629131461494,0.37059047745476764
346,0.5452302373094455,0,0.043672387,0.9330127018930212,0.2500000000013888
347,0.5452302373094455,0,0.087484303,0.8535533905962738,0.1464466094097262
348,0.5428099952852432,0.32,0.33975163945862985,0.7499999999996584,0.066987298
349,0.5428099952852432,0.32,0.7297335007674062,0.6294095225534284,0.017037086856046768
350,0.5428099952852432,0.32,0.8364727221989675,0.5000000000048834,0
351,0.595442401,0.48,0.7118738663317985,0.3705904774489776,0.017037086855402117
352,0.5851013672795857,0.4,0.6615041160876238,0.2500000000024987,0.066987298
353,0.6129027188433134,0.12,0.5731826426677828,0.14644660941063242,0.14644660940282006
354,0.6129027188433134,0.12,0.6436444816520162,0.066987298,0.24999999999923167
355,0.7028760018859042,0.36,0.6287149434910004,0.017037086856378503,0.37059047744533363
356,0.7028760018859042,0.36,0.6313659829775359,0,0.49999999999383493
357,0.7702184504164706,0,0.6810380912515697,0.017037086855070382,0.6294095225497844
358,0.7702184504164706,0,0.7775917399190735,0.066987298,0.7499999999963913
359,0.7702184504164706,0,0.8279614901632482,0.14644660940705861,0.8535533905936061
360,0.765346535,0.08,0.7248500069764197,0.24999999999812167,0.9330127018911349
361,0.765346535,0.08,0.6189479559090274,0.3705904774440956,0.9829629131432898
362,0.765346535,0.08,0.48332635691363196,0.4999999999998292,1
363,0.7578657865786584,0.12,0.3749127947537324,0.6294095225485464,0.9829629131452613
364,0.7578657865786584,0.12,0.4123064043532859,0.7499999999952813,0.9330127018949437
365,0.7578657865786584,0.12,0.3304032370587415,0.8535533905926999,0.8535533905938477
366,0.7542197076850541,0.64,0.22185014650481372,0.9330127018904941,0.7500000000029883
367,0.7542197076850541,0.64,0.1444118878191712,0.982962913,0.6294095225571423
368,0.7542197076850541,0.64,0.079391656,1,0.5000000000014525
369,0.7581015244381581,0.88,0.060555323,0.982962913,0.3705904774526916
370,0.7581015244381581,0.88,0.038788894,0.9330127018919465,0.24999999999952743
371,0.7581015244381581,0.88,0.039905121,0.8535533905947539,0.14644660940820642
372,0.7572371522866574,0.92,0.082879866,0.7500000000040983,0.066987298
373,0.7572371522866574,0.92,0.1499930235802986,0.6294095225513523,0.017037087
374,0.7572371522866574,0.92,0.2000837170364169,0.5000000000027341,0
375,0.5680025145371679,0.4,0.7459187944746756,0.3705904774539296,0.017037086854075234
376,0.778390696,0.88,0.4859773964001674,0.25000000000063743,0.066987298
377,0.609932422,0.4,0.594390959,0.1464466094091127,0.1464466094043398
378,0.7735659280213745,0.92,0.5533696107157806,0.066987298,0.24999999999479183
379,0.8177903504636181,0.92,0.5976001116227152,0.017037086855822225,0.3705904774474097
380,0.6719314788621715,0.5,0.6539695828101019,0,0.4999999999959842
381,0.8177903504636181,0.92,0.5902051067392214,0.017037087,0.6294095225518604
382,0.825726858,0.92,0.5689967908469373,0.066987298,0.7499999999982526
383,0.825726858,0.92,0.5942514301660388,0.14644660940343351,0.853553391
384,0.825726858,0.92,0.5653690526022045,0.25,0.9330127018922095
385,0.7723558070092733,0.88,0.5203013813311008,0.3705904774461717,0.982962913
386,0.7723558070092733,0.88,0.4636528533556579,0.4999999999947025,1
387,0.6417570328461424,0.4,0.3952839402818474,0.6294095225506224,0.9829629131447051
388,0.7289171774320296,0.44,0.586856425,0.7499999999971426,0.933012702
389,0.7289171774320296,0.44,0.37561043672387334,0.8535533905890748,0.8535533905974728
390,0.7289171774320296,0.44,0.26273196595507187,0.9330127018915687,0.7500000000011269
391,0.6661951909476662,0.36,0.1818054974187247,0.9829629131435144,0.6294095225550663
392,0.6661951909476662,0.36,0.11636668061950607,1,0.49999999999930317
393,0.6661951909476662,0.36,0.089716757,0.9829629131450368,0.3705904774506156
394,0.6207920792079213,0,0.041858518,0.9330127018945098,0.25000000000396727
395,0.5716643092880713,0.01,0.10129761406446212,0.8535533905932342,0.1464466094066867
396,0.5631934622033632,0.01,0.3652853355657877,0.7500000000022369,0.066987298
397,0.578327833,0,0.090414399,0.6294095225563043,0.017037086856817374
398,0.578327833,0,0.13576112738942375,0.5000000000005849,0
399,0.6736130755932739,0,0.22994279335844844,0.3705904774518536,0.017037086854631456
400,0.6849756404211855,0.08,0.3253802148737268,0.25000000000507727,0.066987298
401,0.6849756404211855,0.08,0.42123622157108975,0.1464466094075929,0.14644660940585957
402,0.6849756404211855,0.08,0.455420678,0.066987298,0.24999999999665318
403,0.754864058,0.2,0.5391377145249058,0.017037087,0.37059047744245766
404,0.754864058,0.2,0.5595088600530208,0,0.4999999999981335
405,0.7619361936193623,0.88,0.6128087065717873,0.017037086854299777,0.6294095225469084
406,0.7619361936193623,0.88,0.6149016324822101,0.066987298,0.7500000000001139
407,0.7619361936193623,0.88,0.6190874843030556,0.14644660940495324,0.8535533905915008
408,0.7367751060820376,0.76,0.5918794474675596,0.24999999999554318,0.9330127018896461
409,0.7367751060820376,0.76,0.5320217664294684,0.3705904774482477,0.9829629131444023
410,0.7367751060820376,0.76,0.4491419003767267,0.4999999999968518,1
411,0.7506050605060515,0.92,0.34393749127947537,0.6294095225456704,0.982962913
412,0.7506050605060515,0.92,0.26663876098786105,0.75,0.9330127018927944
413,0.7506050605060515,0.92,0.17943351472024557,0.8535533905905945,0.853553391
414,0.7382995442401383,0.92,0.12306404353285895,0.9330127018890053,0.7500000000055668
415,0.7382995442401383,0.92,0.055950886,0.9829629131440707,0.6294095225529903
416,0.7382995442401383,0.92,0.028463792381749686,1,0.5000000000044299
417,0.7454502593116454,0.24,0.017580578,0.9829629131444806,0.3705904774485395
418,0.7454502593116454,0.24,0.025673224501185993,0.9330127018934352,0.25
419,0.7454502593116454,0.24,0.10087902888237757,0.8535533905968593,0.14644660941031173
420,0.693053591,0.32,0.35886702944049115,0.7500000000003756,0.066987298
421,0.693053591,0.32,0.722059439,0.6294095225542283,0.017037086856261097
422,0.693053591,0.32,0.8550299986047161,0.5000000000057115,0
423,0.7146786107182153,0,0.7491279475373238,0.3705904774497775,0.017037086855187733
424,0.7438943894389438,0.12,0.6270406027626622,0.2500000000032159,0.066987298
425,0.7438943894389438,0.12,0.5512766848053579,0.14644660941121806,0.14644660940223442
426,0.7438943894389438,0.12,0.5522533835635551,0.066987298,0.24999999999851447
427,0.7693540782649699,0.92,0.5832286870378122,0.017037087,0.3705904774445337
428,0.7693540782649699,0.92,0.58992605,0,0.5000000000002828
429,0.7713814238566719,0.64,0.639040045,0.017037086854856054,0.6294095225489844
430,0.7713814238566719,0.64,0.7198269847914051,0.066987298,0.7499999999956741
431,0.7713814238566719,0.64,0.8159620482768243,0.14644660940647303,0.8535533905930206
432,0.7268584001257268,1,0.7184317008511232,0.24999999999740452,0.9330127018907208
433,0.7268584001257268,1,0.5490442305009069,0.3705904774432957,0.9829629131430755
434,0.7268584001257268,1,0.39737686619227014,0.4999999999990011,1
435,0.679443659,0.32,0.3082182224082601,0.6294095225477465,0.9829629131454757
436,0.679443659,0.32,0.2589646993163109,0.7499999999945641,0.9330127018953578
437,0.679443659,0.32,0.3016603878889354,0.8535533905921142,0.8535533905944332
438,0.6481848184818486,0.64,0.2515696944328171,0.933012702,0.7500000000037055
439,0.6481848184818486,0.64,0.066694572,0.9829629131446269,0.6294095225509142
440,0.6481848184818486,0.64,0.045765313241244596,1,0.5000000000022806
441,0.6417256011315424,0.2,0.027487094,0.9829629131458074,0.3705904774534915
442,0.6417256011315424,0.2,0.044370029300962746,0.9330127018923606,0.2500000000002447
443,0.6417256011315424,0.2,0.12376168550299986,0.8535533905953395,0.146446609
444,0.620383467,0.24,0.3834240267894517,0.7500000000048155,0.066987298
445,0.620383467,0.24,0.7861029719547927,0.6294095225521522,0.017037087
446,0.620383467,0.24,0.866331799,0.5000000000035623,0
447,0.6520666352349518,0.12,0.5860192549183758,0.3705904774547295,0.017037087
448,0.6520666352349518,0.12,0.6786661085530905,0.2500000000013546,0.066987298
449,0.6520666352349518,0.12,0.5840658574019812,0.14644660940969828,0.1464466094037542
450,0.7003300330033002,0,0.57778708,0.066987298,0.2500000000003758
451,0.7003300330033002,0,0.5939723733779824,0.017037086856036554,0.3705904774466097
452,0.7003300330033002,0,0.6079252127808009,0,0.49999999999515604
453,0.714191419,0,0.6292730570671131,0.017037086855412276,0.6294095225510605
454,0.714191419,0,0.6899679084693735,0.066987298,0.7499999999975354
455,0.714191419,0,0.8449839542346868,0.14644660940284787,0.8535533905893955
456,0.6631148829168638,0,0.7812194781638063,0.2499999999992658,0.9330127018917955
457,0.6631148829168638,0,0.6031812473838426,0.37059047744537177,0.9829629131436317
458,0.6631148829168638,0,0.41579461420399055,0.4999999999938744,1
459,0.6323746660380327,0,0.3569136319240966,0.6294095225498225,0.9829629131449193
460,0.6323746660380327,0,0.44049113994697925,0.7499999999964255,0.9330127018942831
461,0.6323746660380327,0,0.3599832565927166,0.8535533905936341,0.8535533905929136
462,0.618371837,0,0.12320357192688712,0.9330127018911546,0.7500000000018441
463,0.618371837,0,0.067531743,0.982962913,0.6294095225558662
464,0.618371837,0,0.040463234,1,0.5000000000001313
465,0.596746818,0.08,0.065578345,0.9829629131452511,0.3705904774514155
466,0.596746818,0.08,0.1060415794614204,0.9330127018949239,0.2500000000046845
467,0.596746818,0.08,0.16003906795032788,0.8535533905938197,0.14644660940727222
468,0.567892504,0,0.4356076461559928,0.7500000000029541,0.066987298
469,0.567892504,0,0.8034044928142877,0.6294095225571043,0.017037086857031702
470,0.567892504,0,0.8674480256732244,0.5,0
471,0.6476976269055483,0,0.802148737,0.3705904774526535,0.017037086854417127
472,0.5851013672795857,0.4,0.6615041160876238,0.2499999999994933,0.066987298
473,0.5995599559955997,0,0.5684386772708245,0.14644660940817855,0.14644660940527393
474,0.5995599559955997,0,0.5932747314078415,0.066987298,0.24999999999593592
475,0.6625019644821628,0.4,0.657876378,0.017037086855480277,0.3705904774486858
476,0.6506207763633509,0.32,0.6150411608762383,0,0.4999999999973053
477,0.6575043218607592,0.48,0.6070880424166317,0.017037086854085393,0.6294095225461085
478,0.6575043218607592,0.48,0.7061532021766429,0.066987298,0.7499999999993967
479,0.6575043218607592,0.48,0.857262453,0.14644660940436766,0.8535533905909152
480,0.6039761118969049,0.12,0.7759173991907353,0.24999999999482597,0.933012702
481,0.6039761118969049,0.12,0.6130877633598437,0.3705904774474478,0.9829629131441879
482,0.6039761118969049,0.12,0.4471885028603321,0.4999999999960236,1
483,0.5538425271098535,0,0.3192409655364867,0.6294095225518985,0.9829629131443631
484,0.5538425271098535,0,0.3071019952560346,0.7499999999982867,0.9330127018932084
485,0.5538425271098535,0,0.20259522812892422,0.8535533905900089,0.8535533905965387
486,0.5152129498664153,0,0.11692479419561881,0.9330127018922292,0.7499999999999828
487,0.5152129498664153,0,0.084693735,0.9829629131438562,0.6294095225537902
488,0.5152129498664153,0,0.052044090972512905,1,0.5
489,0.5844727329875847,0.01,0.028603321,0.9829629131446949,0.3705904774493395
490,0.577714914,0.01,0.035440212,0.9330127018938492,0.2500000000028232
491,0.5716643092880713,0.01,0.10129761406446212,0.8535533905974448,0.14644660941089738
492,0.4453873958824457,0,0.3669596762941259,0.7500000000010928,0.066987298
493,0.4453873958824457,0,0.7703362634296079,0.6294095225550282,0.017037086856475425
494,0.4453873958824457,0,0.8627040602762662,0.5000000000065397,0
495,0.5337419456231349,0,0.712990093,0.37059047745057744,0.017037086854973404
496,0.5851013672795857,0.4,0.6615041160876238,0.2500000000039332,0.066987298
497,0.525223951,0,0.583926329,0.14644660940665877,0.14644660940679372
498,0.525223951,0,0.6042974745360681,0.066987298,0.24999999999779726
499,0.6625019644821628,0.4,0.657876378,0.017037087,0.37059047744373375
500,0.5977683482633975,0,0.6165759732105484,0,0.4999999999994546
501,0.5977683482633975,0,0.6273196595507186,0.017037087,0.6294095225481846
502,0.6148357692912154,0,0.6529928840519046,0.066987298,0.7499999999949569
503,0.6148357692912154,0,0.8673084972791963,0.14644660940588744,0.853553391
504,0.5601445858871599,0.24,0.7739640016743407,0.24999999999668732,0.9330127018903067
505,0.5601445858871599,0.24,0.5822519882796149,0.37059047744249574,0.9829629131428611
506,0.5601445858871599,0.24,0.37268034044928144,0.4999999999981729,1
507,0.5148986327204157,0.56,0.3004046323426818,0.6294095225469465,0.9829629131456901
508,0.5148986327204157,0.56,0.3044509557694991,0.7500000000001481,0.9330127018921338
509,0.5148986327204157,0.56,0.1936654109111204,0.8535533905915287,0.8535533905950188
510,0.513358479,0.68,0.12320357192688712,0.9330127018896659,0.7500000000044227
511,0.513358479,0.68,0.06515976,0.9829629131444125,0.6294095225517142
512,0.513358479,0.68,0.036416911,1,0.5000000000031087
513,0.48024516737388057,0.32,0.032231059,0.9829629131460218,0.37059047745429147
514,0.48024516737388057,0.32,0.052881261336682014,0.9330127018927746,0.25000000000096184
515,0.48024516737388057,0.32,0.1033905399748849,0.8535533905959252,0.1464466094093776
516,0.46242338519566273,0.24,0.3418445653690526,0.7500000000055327,0.066987298
517,0.46242338519566273,0.24,0.6916422491977117,0.6294095225529522,0.017037086855919203
518,0.46242338519566273,0.24,0.7738244732803126,0.5000000000043904,0
519,0.5523495206663527,0.76,0.6764336542486395,0.37059047744850143,0.017037087
520,0.5851013672795857,0.4,0.6615041160876238,0.2500000000020718,0.066987298
521,0.5592330661637592,0.08,0.5949490721361796,0.14644660941028387,0.14644660940316861
522,0.5592330661637592,0.08,0.6035998325659271,0.066987298,0.2499999999996586
523,0.6360836083608379,0.12,0.6097390819031673,0.017037086856250883,0.3705904774458098
524,0.6360836083608379,0.12,0.6129482349658155,0,0.4999999999943279
525,0.6423542354235425,0.68,0.6849448862843588,0.017037086855197947,0.6294095225502606
526,0.6423542354235425,0.68,0.7177340588809823,0.066987298,0.7499999999968182
527,0.6423542354235425,0.68,0.82098507,0.14644660940226234,0.8535533905888099
528,0.602671696,0.56,0.7725687177340589,0.2499999999985486,0.9330127018913814
529,0.602671696,0.56,0.6377842891028324,0.3705904774445718,0.9829629131434174
530,0.602671696,0.56,0.5272778010325101,0.5000000000003222,1
531,0.5693226465503698,0,0.43463094739779545,0.6294095225490226,0.9829629131451338
532,0.5693226465503698,0,0.4423050090693456,0.7499999999957083,0.9330127018946972
533,0.5693226465503698,0,0.4672805916003907,0.8535533905930484,0.8535533905934991
534,0.5472104353292475,0.12,0.2646853634714665,0.9330127018907406,0.7500000000025613
535,0.5472104353292475,0.12,0.16492256174131434,0.9829629131430857,0.6294095225566662
536,0.5472104353292475,0.12,0.12390121389702806,1,0.5000000000009595
537,0.5275027502750276,0,0.088181945,0.9829629131454655,0.3705904774522154
538,0.5275027502750276,0,0.051765034184456535,0.933012702,0.25000000000540173
539,0.5275027502750276,0,0.046602483605413705,0.8535533905944054,0.1464466094078578
540,0.4747917648907749,0,0.095158365,0.7500000000036713,0.066987298
541,0.4747917648907749,0,0.18501465048137294,0.6294095225508761,0.017037086855362926
542,0.4747917648907749,0,0.2718013115669039,0.5000000000022412,0
543,0.5897061134684898,0,0.41300404632342685,0.3705904774534534,0.017037087
544,0.5851013672795857,0.4,0.6615041160876238,0.2500000000002105,0.066987298
545,0.6135313531353153,0,0.5029998604716059,0.14644660940876414,0.14644660940468834
546,0.6135313531353153,0,0.5396958281010186,0.066987298,0.2499999999952187
547,0.7139399654251144,0,0.5604855588112181,0.017037086855694605,0.37059047744788587
548,0.7139399654251144,0,0.5232314776056928,0,0.49999999999647715
549,0.7139399654251144,0,0.5518347983814706,0.017037086853871064,0.6294095225453086
550,0.7382838283828392,0,0.6824333751918515,0.066987298,0.7499999999986795
551,0.7382838283828392,0,0.6264824891865495,0.14644660940378207,0.8535533905903296
552,0.7382838283828392,0,0.606529929,0.25000000000040995,0.933012702
553,0.6286971554298293,0,0.5290916701548765,0.37059047744664786,0.9829629131439737
554,0.6286971554298293,0,0.4851402260359983,0.4999999999951955,1
555,0.6286971554298293,0,0.4241663178456816,0.6294095225510986,0.9829629131445775
556,0.5831997485462836,0,0.34672805916003907,0.7499999999975696,0.9330127018936225
557,0.5831997485462836,0,0.2017580577647551,0.8535533905894234,0.8535533905971242
558,0.5831997485462836,0,0.1543184037951723,0.9330127018918152,0.7500000000007001
559,0.5791293415055798,0,0.16492256174131434,0.9829629131436419,0.6294095225545902
560,0.5791293415055798,0,0.12390121389702806,1,0.5000000000060861
561,0.5791293415055798,0,0.088181945,0.9829629131449091,0.3705904774501394
562,0.5820053433914825,0,0.051765034184456535,0.9330127018942633,0.2500000000035404
563,0.5820053433914825,0,0.046602483605413705,0.8535533905928856,0.14644660940633802
564,0.5820053433914825,0,0.084833264,0.7500000000018099,0.066987298
565,0.5727172717271727,0,0.15013255197432676,0.6294095225558282,0.017037087
566,0.5727172717271727,0,0.21319938607506628,0.5000000000000919,0
567,0.5727172717271727,0,0.3156132272917539,0.3705904774513774,0.017037086854759076
568,0.6320446330347331,0,0.34630947397795453,0.25000000000465034,0.066987298
569,0.6320446330347331,0,0.44565369052602205,0.14644660940724435,0.14644660940620813
570,0.6320446330347331,0,0.5366262034323984,0.066987298,0.24999999999708006
571,0.6900204306144899,0,0.5313241244593274,0.017037087,0.37059047744293383
572,0.6900204306144899,0,0.5175108134505372,0,0.49999999999862643
573,0.6900204306144899,0,0.5130459048416353,0.017037087,0.6294095225473846
574,0.6909633820524914,0,0.6030417189898144,0.066987298,0.7500000000005409
575,0.6909633820524914,0,0.6264824891865495,0.14644660940530185,0.8535533905918493
576,0.6909633820524914,0,0.606529929,0.2499999999959701,0.9330127018898926
577,0.6442715700141446,0.44,0.5290916701548765,0.37059047744872387,0.9829629131445299
578,0.6442715700141446,0.44,0.4851402260359983,0.4999999999973448,1
579,0.6442715700141446,0.44,0.4241663178456816,0.6294095225461466,0.9829629131459043
580,0.5830583058305838,0,0.34672805916003907,0.7499999999994309,0.9330127018925478
581,0.5830583058305838,0,0.2017580577647551,0.8535533905909432,0.8535533905956044
582,0.5830583058305838,0,0.1543184037951723,0.9330127018892518,0.7500000000051399
583,0.5350620776363351,0,0.065020232,0.9829629131441981,0.6294095225525141
584,0.5350620776363351,0,0.037672666,1,0.5000000000039369
585,0.5350620776363351,0,0.028184735593693316,0.9829629131443529,0.3705904774480634
586,0.49313217,0,0.036556439,0.9330127018931887,0.25000000000167905
587,0.49313217,0,0.1070182782196177,0.8535533905965107,0.14644660940996318
588,0.49313217,0,0.37463373796567606,0.7499999999999486,0.066987298
589,0.447084708,0,0.7669875819729315,0.6294095225537522,0.017037086856133532
590,0.447084708,0,0.7887540114413283,0.5000000000052186,0
591,0.447084708,0,0.6972233849588391,0.37059047744930135,0.017037086855315353
592,0.5290429042904292,0.08,0.6344356076461559,0.25,0.066987298
593,0.5290429042904292,0.08,0.5237895911818055,0.14644660941086945,0.14644660940258303
594,0.5290429042904292,0.08,0.5331379935816939,0.066987298,0.2499999999989414
595,0.6132327518466139,0.08,0.5655085809962327,0.017037087,0.37059047744500984
596,0.6132327518466139,0.08,0.5956467141063206,0,0.49999999999349976
597,0.6132327518466139,0.08,0.6234128645179293,0.017037087,0.6294095225494607
598,0.6391010529624395,0,0.6502023161713408,0.066987298,0.75
599,0.6391010529624395,0,0.856564811,0.14644660940682158,0.8535533905933692
600,0.6391010529624395,0,0.7844286312264546,0.2499999999978314,0.9330127018909673
601,0.5444915920163447,0,0.5782056648527976,0.3705904774437719,0.982962913
602,0.5444915920163447,0,0.38900516255057904,0.5,1
603,0.5444915920163447,0,0.29021905957862426,0.6294095225482227,0.9829629131453481
604,0.4896589658965902,0.32,0.25436026231338077,0.75,0.9330127018951113
605,0.4896589658965902,0.32,0.16701548765173713,0.8535533905924628,0.8535533905940846
606,0.4896589658965902,0.32,0.10618110785544858,0.9330127018903265,0.7500000000032785
607,0.5013201320132015,0.8,0.059020511,0.9829629131428713,0.6294095225574661
608,0.5013201320132015,0.8,0.02692898,1,0.5000000000017877
609,0.5013201320132015,0.8,0.016603878889353985,0.9829629131456799,0.3705904774530153
610,0.4982398239823991,0.8,0.029859076322031535,0.9330127018921142,0.2499999999998177
611,0.4982398239823991,0.8,0.096832705,0.853553391,0.14644660940844345
612,0.4982398239823991,0.8,0.36626203432398496,0.7500000000043885,0.066987298
613,0.5205249096338211,0.92,0.7530347425701129,0.629409523,0.017037086855577255
614,0.5205249096338211,0.92,0.842193386,0.5000000000030693,0
615,0.5205249096338211,0.92,0.7552671968745639,0.37059047745425333,0.017037087
616,0.575750432,0.48,0.6652713827263848,0.2500000000009277,0.066987298
617,0.575750432,0.48,0.5469513045904841,0.14644660940934973,0.14644660940410276
618,0.575750432,0.48,0.5765313241244593,0.066987298,0.24999999999450156
619,0.6529624391010533,0.76,0.5980186968047998,0.017037087,0.37059047744708595
620,0.6529624391010533,0.76,0.5953676573182642,0,0.49999999999564904
621,0.6529624391010533,0.76,0.6349937212222687,0.017037086855539896,0.6294095225515367
622,0.6688511708313691,0.88,0.6387609878610296,0.066987298,0.7499999999979623
623,0.6688511708313691,0.88,0.8335426259243756,0.14644660940319648,0.853553391
624,0.6688511708313691,0.88,0.7969861866889911,0.24999999999969275,0.933012702
625,0.6425585415684432,0.92,0.5656481093902609,0.3705904774458479,0.9829629131437594
626,0.6425585415684432,0.92,0.38286591321333896,0.49999999999436734,1
627,0.6425585415684432,0.92,0.31324124459327474,0.6294095225502987,0.9829629131447919
628,0.5969196919691977,0.92,0.274173294,0.7499999999968524,0.9330127018940366
629,0.5969196919691977,0.92,0.17985209990233011,0.8535533905888377,0.8535533905977097
630,0.5969196919691977,0.92,0.10227431282265942,0.9330127018914012,0.7500000000014172
631,0.57773063,0.92,0.049393051485977404,0.9829629131434277,0.6294095225553901
632,0.57773063,0.92,0.024138412,1,0.49999999999963834
633,0.57773063,0.92,0.015348123,0.9829629131451236,0.3705904774509393
634,0.5631934622033632,0.92,0.029719548,0.9330127018946774,0.2500000000042576
635,0.5631934622033632,0.92,0.09906516,0.8535533905934711,0.14644660940692367
636,0.5631934622033632,0.92,0.36319240965536487,0.7500000000025272,0.066987298
637,0.5592644978783592,1,0.7195479280033487,0.6294095225566281,0.017037086856904138
638,0.5592644978783592,1,0.734896051,0.5,0
639,0.5592644978783592,1,0.6986186688991209,0.3705904774521773,0.017037086854544747
640,0.5688983184032694,0.92,0.6073670992046881,0.25000000000536754,0.066987298
641,0.5688983184032694,0.92,0.5703920747872192,0.14644660940782994,0.14644660940562254
642,0.5688983184032694,0.92,0.5645318822380354,0.066987298,0.2499999999963629
643,0.5738330975954749,0.92,0.5942514301660388,0.017037086855352712,0.37059047744916196
644,0.5738330975954749,0.92,0.5928561462257569,0,0.4999999999977983
645,0.5738330975954749,0.92,0.6305288126133668,0.017037086854213013,0.6294095225465847
646,0.5741788464560744,0.92,0.6478303334728617,0.066987298,0.7499999999998237
647,0.5741788464560744,0.92,0.8452630110227431,0.14644660940471627,0.8535533905912638
648,0.5741788464560744,0.92,0.8214036556439235,0.2499999999952529,0.9330127018894786
649,0.5624391010529624,0.8,0.6062508720524626,0.37059047744792395,0.9829629131443156
650,0.5624391010529624,0.8,0.40184177480117206,0.4999999999965166,1
651,0.5624391010529624,0.8,0.325519743,0.6294095225453467,0.9829629131461187
652,0.5443030017287449,0.8,0.2591042277103391,0.7499999999987137,0.9330127018929619
653,0.5443030017287449,0.8,0.18068927026649922,0.8535533905903575,0.8535533905961901
654,0.5443030017287449,0.8,0.29147481512487794,0.9330127018924756,0.7499999999995559
655,0.5381895332390383,0.8,0.066415516,0.9829629131439839,0.6294095225533141
656,0.5381895332390383,0.8,0.029580019533975165,1,0.5000000000047651
657,0.5381895332390383,0.8,0.018417748011720383,0.9829629131445673,0.3705904774488633
658,0.5135942165645138,0.56,0.033347286,0.9330127018936027,0.2500000000023963
659,0.5135942165645138,0.56,0.10073950048834938,0.8535533905970963,0.14644660941054877
660,0.5135942165645138,0.56,0.3609599553509139,0.7500000000006659,0.066987298
661,0.4934464875058935,0.2,0.7307101995256035,0.6294095225545521,0.017037087
662,0.4934464875058935,0.2,0.845123483,0.5000000000060467,0
663,0.4934464875058935,0.2,0.7932189200502302,0.37059047745010126,0.017037086855101025
664,0.5559013044161563,0.36,0.6577368494488628,0.2500000000035062,0.066987298
665,0.5559013044161563,0.36,0.5652295242081763,0.1464466094063102,0.14644660940714227
666,0.5559013044161563,0.36,0.6026231338077298,0.066987298,0.24999999999822414
667,0.5984441301272985,0.8,0.6199246546672248,0.017037086856679595,0.3705904774442099
668,0.5984441301272985,0.8,0.6414120273475652,0,0.49999999999994754
669,0.5984441301272985,0.8,0.6500627877773126,0.017037087,0.6294095225486607
670,0.6207606474933214,0.12,0.6709920468815403,0.066987298,0.7499999999953838
671,0.6207606474933214,0.12,0.8959118180549741,0.14644660940623605,0.8535533905927835
672,0.6207606474933214,0.12,0.823217525,0.24999999999711425,0.9330127018905532
673,0.5841898475561851,0,0.6308078694014232,0.37059047744297197,0.9829629131429887
674,0.5841898475561851,0,0.4745360680898563,0.4999999999986659,1
675,0.5841898475561851,0,0.35342542207339195,0.6294095225474228,0.9829629131455624
676,0.5861386138613862,0.64,0.3319380493930515,0.7500000000005751,0.9330127018918873
677,0.5861386138613862,0.64,0.24375610436723874,0.8535533905918773,0.8535533905946703
678,0.5861386138613862,0.64,0.2606390400446491,0.9330127018899124,0.7500000000039957
679,0.5969196919691977,0.12,0.081484582,0.9829629131445401,0.6294095225512379
680,0.5969196919691977,0.12,0.038509837,1,0.5000000000026158
681,0.5969196919691977,0.12,0.031952002,0.9829629131458941,0.37059047745381524
682,0.6054534024831058,0.56,0.037254081,0.9330127018925282,0.2500000000005349
683,0.6054534024831058,0.56,0.095716478,0.8535533905955766,0.14644660940902898
684,0.6054534024831058,0.56,0.3336123901213897,0.7500000000051057,0.066987298
685,0.6357064277856357,0.56,0.7333612390121389,0.6294095225524761,0.017037086855791583
686,0.6357064277856357,0.56,0.8646574577926608,0.5000000000038974,0
687,0.6357064277856357,0.56,0.6933165899260499,0.3705904774550533,0.017037086853774086
688,0.6668238252396672,0.48,0.6312264545835077,0.2500000000016449,0.066987298
689,0.6668238252396672,0.48,0.5875540672526859,0.14644660940993526,0.14644660940351717
690,0.6668238252396672,0.48,0.6238314497000139,0.066987298,0.2500000000000855
691,0.7504321860757508,0.44,0.6218780521836194,0.017037086856123318,0.370590477
692,0.7504321860757508,0.44,0.6355518347983814,0,0.49999999999482087
693,0.7504321860757508,0.44,0.6574577926608064,0.017037086855325567,0.6294095225507368
694,0.8025931164545033,0.08,0.771173434,0.066987298,0.7499999999972451
695,0.8025931164545033,0.08,0.8211245988558672,0.1464466094026109,0.8535533905891584
696,0.8025931164545033,0.08,0.7685223943072415,0.24999999999897554,0.9330127018916279
697,0.7368065377966375,0,0.6793637505232315,0.37059047744504797,0.9829629131435449
698,0.7368065377966375,0,0.5127668480535789,0.4999999999935392,1
699,0.7368065377966375,0,0.3904004464908609,0.6294095225494988,0.9829629131450062
700,0.6713342762847723,0.56,0.37281986884330964,0.7499999999961352,0.9330127018944507
701,0.6713342762847723,0.56,0.3569136319240966,0.853553391,0.8535533905931505
702,0.6713342762847723,0.56,0.2549183758894935,0.9330127018909871,0.7500000000021344
703,0.6453559641678459,0.8,0.14483047300125576,0.9829629131432133,0.629409523
704,0.6453559641678459,0.8,0.094879308,1,0.5000000000004665
705,0.6453559641678459,0.8,0.06515976,0.9829629131453379,0.37059047745173923
706,0.6351563727801355,0.56,0.074089577,0.9330127018950916,0.2500000000049748
707,0.6351563727801355,0.56,0.068927027,0.8535533905940568,0.1464466094075093
708,0.6351563727801355,0.56,0.096135063,0.7500000000032444,0.066987298
709,0.6134527738488154,0.8,0.1893400306962467,0.629409523,0.017037086857118466
710,0.6134527738488154,0.8,0.3090553927724292,0.5000000000017482,0
711,0.6134527738488154,0.8,0.43784010046044375,0.37059047745297724,0.017037086854330363
712,0.633490492,0.8,0.5176503418445654,0.24999999999978362,0.066987298
713,0.633490492,0.8,0.5433235663457513,0.14644660940841553,0.14644660940503695
714,0.633490492,0.8,0.6052741732942654,0.066987298,0.24999999999564565
715,0.6482319660537486,0.92,0.5624389563276126,0.017037087,0.37059047744836204
716,0.6482319660537486,0.92,0.5154178875401144,0,0.49999999999697015
717,0.6482319660537486,0.92,0.5129063764476071,0.017037086853998684,0.6294095225457847
718,0.6431085965739434,0.92,0.5115110925073252,0.066987298,0.7499999999991065
719,0.6431085965739434,0.92,0.5282544997907074,0.14644660940413068,0.8535533905906783
720,0.6431085965739434,0.92,0.5179293986326217,0.2499999999945357,0.9330127018890645
721,0.6152286657237167,0.92,0.5023022185014651,0.37059047744712403,0.9829629131441012
722,0.6152286657237167,0.92,0.4453746337379657,0.49999999999568845,1
723,0.6152286657237167,0.92,0.37826147621040884,0.6294095225515748,0.982962913
724,0.5970297029702976,0.64,0.5130459048416353,0.7499999999979965,0.933012702
725,0.5970297029702976,0.64,0.4989535370447887,0.8535533905897719,0.8535533905967756
726,0.5970297029702976,0.64,0.28198688433096136,0.9330127018920616,0.7500000000002731
727,0.5637435172088643,0.48,0.16408539137714523,0.9829629131437696,0.629409523
728,0.5637435172088643,0.48,0.083019394,1,0.5000000000055932
729,0.5637435172088643,0.48,0.044509558,0.9829629131447817,0.3705904774496632
730,0.5196133899104196,0,0.044090972512906376,0.9330127018940169,0.25000000000311345
731,0.5196133899104196,0,0.029580019533975165,0.8535533905976819,0.14644660941113435
732,0.5196133899104196,0,0.049672108274033774,0.7500000000013831,0.066987298
733,0.47498035517837556,0,0.088879587,0.629409523,0.017037087
734,0.47498035517837556,0,0.12348262871494349,0.49999999999959893,0
735,0.47498035517837556,0,0.2203153341705037,0.37059047745090123,0.017037087
736,0.526544083,0,0.3017999162829636,0.2500000000042234,0.066987298
737,0.526544083,0,0.40477187107576396,0.14644660940689574,0.14644660940655674
738,0.526544083,0,0.44146783870517653,0.066987298,0.25
739,0.5851642307087856,0.12,0.4926747593135203,0.017037086856893924,0.370590477
740,0.5851642307087856,0.12,0.5299288405190455,0,0.4999999999991194
741,0.5851642307087856,0.12,0.5708106599693037,0.017037087,0.6294095225478608
742,0.606584944,0,0.5274173294265383,0.066987298,0.7499999999946666
743,0.606584944,0,0.551416213,0.1464466094056504,0.8535533905921979
744,0.606584944,0,0.5507185712292452,0.25,0.9330127018901391
745,0.5329090051862342,0.08,0.48876796428073116,0.37059047744920004,0.9829629131446576
746,0.5329090051862342,0.08,0.39905120692060836,0.49999999999783773,1
747,0.5329090051862342,0.08,0.31603181247383844,0.6294095225466227,0.9829629131457768
748,0.5115825868301118,0.24,0.2634296079252128,0.7499999999998578,0.9330127018923013
749,0.5115825868301118,0.24,0.18780521836193664,0.8535533905912918,0.8535533905952558
750,0.5115825868301118,0.24,0.12459885586716897,0.9330127018894983,0.7500000000047129
751,0.5191890617633192,0.48,0.052881261336682014,0.9829629131443258,0.629409523
752,0.5191890617633192,0.48,0.030138133110087905,1,0.5000000000034439
753,0.5191890617633192,0.48,0.019813031952002232,0.9829629131461085,0.3705904774546152
754,0.5541882759704548,0.64,0.026649923,0.9330127018929422,0.2500000000012521
755,0.5541882759704548,0.64,0.094042138,0.8535533905961621,0.14644660940961457
756,0.5541882759704548,0.64,0.3502162690107437,0.7499999999995217,0.066987298
757,0.5714600031431716,0.32,0.758336822,0.629409523,0.017037086856005912
758,0.5714600031431716,0.32,0.8380075345332775,0.5000000000047256,0
759,0.5714600031431716,0.32,0.6969443281707828,0.3705904774488252,0.017037086855442918
760,0.6020116297344029,0.92,0.6532719408399609,0.2500000000023621,0.066987298
761,0.6020116297344029,0.92,0.5426259243756104,0.1464466094105209,0.14644660940293158
762,0.6020116297344029,0.92,0.5646714106320636,0.066987298,0.24999999999936834
763,0.6678453559641677,0.76,0.5744383982140365,0.017037086856337647,0.370590477
764,0.6678453559641677,0.76,0.5913213338914469,0,0.49999999999399275
765,0.6678453559641677,0.76,0.6437840100460444,0.017037086855111183,0.6294095225499368
766,0.6854785478547858,0.92,0.7516394586298312,0.066987298,0.75
767,0.6854785478547858,0.92,0.8551695269987443,0.1464466094071702,0.8535533905937177
768,0.6854785478547858,0.92,0.7275010464629552,0.24999999999825834,0.9330127018912138
769,0.6877730630205883,0.92,0.4663038928421934,0.37059047744424806,0.9829629131433306
770,0.6877730630205883,0.92,0.30263708664713274,0.5,1
771,0.6877730630205883,0.92,0.2838007534533278,0.6294095225486989,0.9829629131452204
772,0.6948923463774954,0,0.2758476349937212,0.75,0.9330127018948647
773,0.6948923463774954,0,0.19506069485140226,0.8535533905928114,0.853553391
774,0.6948923463774954,0,0.12641272498953537,0.933012702,0.7500000000028516
775,0.6759233066163763,0.08,0.063066834,0.9829629131429989,0.629409523
776,0.6759233066163763,0.08,0.039207479,1,0.5000000000012946
777,0.6759233066163763,0.08,0.019394446769917677,0.9829629131455522,0.37059047745253915
778,0.6327046990413332,0,0.028882378,0.9330127018918677,0.24999999999939082
779,0.6327046990413332,0,0.095716478,0.8535533905946424,0.14644660940809484
780,0.6327046990413332,0,0.36193665410911124,0.7500000000039615,0.066987298
781,0.5984441301272985,0,0.7519185154178876,0.629409523,0.017037086855449635
782,0.5984441301272985,0,0.8342402678945166,0.5000000000025764,0
783,0.5984441301272985,0,0.747035022,0.37059047745377716,0.017037086854116035
784,0.6316988841741318,0,0.6668061950606948,0.25000000000050077,0.066987298
785,0.6316988841741318,0,0.5832286870378122,0.14644660940900112,0.1464466094044513
786,0.6316988841741318,0,0.5821124598855867,0.066987298,0.24999999999492845
787,0.6877259154486874,0.01,0.5775080228826566,0.017037087,0.3705904774475621
788,0.7128712871287131,0.4,0.6271801311566904,0,0.5
789,0.7213578500707221,0.01,0.6460164643504953,0.017037087,0.6294095225449848
790,0.7285871444287291,0.01,0.7196874563973769,0.066987298,0.7499999999983893
791,0.7223008015087227,0.75,0.8357750802288265,0.14644660940354504,0.8535533905900926
792,0.7171145685997176,0.01,0.8110785544858379,0.2500000000001197,0.9330127018922885
793,0.6869401225836875,0.01,0.6209013534254221,0.3705904774463241,0.9829629131438868
794,0.6474933207606477,0.01,0.4163527277801033,0.49999999999486033,1
795,0.6162187647336173,0.01,0.3322171061811079,0.6294095225507749,0.9829629131446642
796,0.5855728429985851,0.01,0.4252825449979071,0.7499999999972793,0.9330127018937902
797,0.5788150243595793,0.01,0.39193525882517094,0.8535533905891863,0.8535533905973611
798,0.5630991670595642,0.01,0.13478442863122644,0.9330127018916476,0.7500000000009903
799,0.5579129341505582,0.01,0.062229664,0.9829629131435551,0.6294095225549139
800,0.5494263712085501,0.9,0.033207757778707964,1,0.5000000000064213
801,0.5377966368065379,0.9,0.022743128,0.982962913,0.37059047745046314
802,0.5379537953795386,0.01,0.032789173,0.933012702,0.25000000000383066
803,0.5296243910105294,0.01,0.095995535,0.8535533905931225,0.14644660940657506
804,0.5242809995285245,0.75,0.362494768,0.7500000000021003,0.066987298
805,0.5139085337105134,0.01,0.7484303055671829,0.6294095225561519,0.017037086856776518
806,0.5176803394625176,0.75,0.7941956188084275,0.5000000000004271,0
807,0.5366965267955375,0.9,0.7203850983675177,0.37059047745170115,0.017037086854672312
808,0.5555555555555558,0.75,0.7014092367796846,0.2500000000049406,0.066987298
809,0.5901304416155901,0.75,0.5789033068229384,0.1464466094074814,0.1464466094059711
810,0.6267483891246264,0.75,0.5843449141900376,0.066987298,0.2499999999967898
811,0.6533081879616529,0.75,0.5967629412585461,0.017037086857108252,0.3705904774426101
812,0.6825396825396823,0.01,0.5874145388586577,0,0.49999999999829126
813,0.7117711771177118,0.75,0.641272499,0.017037086854340577,0.6294095225470608
814,0.7213578500707221,0.9,0.7385237895911818,0.066987298,0.7500000000002506
815,0.7160144585887163,0.9,0.8721919910701827,0.14644660940506482,0.8535533905916124
816,0.7004557598617001,0.9,0.8174968606111344,0.24999999999567984,0.9330127018897251
817,0.6778249253496775,0.75,0.5982977535928561,0.3705904774484001,0.9829629131444432
818,0.6553512494106548,0.01,0.4188642388726106,0.4999999999970096,1
819,0.61449002,0.01,0.33835635551834803,0.6294095225458228,0.9829629131459912
820,0.599402797,0.75,0.2826845263011023,0.7499999999991407,0.9330127018927155
821,0.6061606160616058,0.75,0.18236361099483744,0.8535533905907061,0.8535533905958415
822,0.6052176646236052,0.4,0.12264545835077438,0.9330127018890843,0.7500000000054301
823,0.5819581958195825,0.2,0.12711036695967629,0.9829629131441114,0.6294095225528379
824,0.561999057,0.2,0.062508721,1,0.5
825,0.5560270312745561,0.2,0.046044370029300966,0.9829629131444397,0.37059047744838713
826,0.554141128,0.01,0.050648807,0.9330127018933563,0.2500000000019693
827,0.5561841898475559,0.01,0.1188781917120134,0.8535533905967477,0.1464466094102002
828,0.558698727,0.01,0.3765871354820706,0.7500000000002389,0.066987298
829,0.561999057,0.01,0.7803823077996372,0.6294095225540759,0.017037087
830,0.5693855099795697,0.01,0.8643784010046044,0.5000000000055538,0
831,0.5660851799465667,0.01,0.8025673224501185,0.37059047744962514,0.017037087
832,0.5734716328775735,0.75,0.7390819031672945,0.2500000000030793,0.066987298
833,0.5874587458745872,0.01,0.5871354820706013,0.1464466094111065,0.146446609
834,0.6522080779506525,0.75,0.6063904004464908,0.066987298,0.24999999999865113
835,0.6856828539996855,0.2,0.644342124,0.017037086856551975,0.3705904774446861
836,0.6897689768976893,0.2,0.6324822101297614,0,0.5000000000004405
837,0.7326732673267329,0.01,0.7072694293288684,0.017037086854896855,0.629409523
838,0.746346063,0.01,0.7661504116087624,0.066987298,0.7499999999958108
839,0.7483891246267489,0.01,0.8667503837030835,0.1464466094065846,0.8535533905931321
840,0.7443030017287442,0.01,0.8396818752616158,0.24999999999754113,0.9330127018907997
841,0.7086280056577094,0.01,0.6423887261057625,0.3705904774434481,0.9829629131431163
842,0.672167217,0.01,0.4423050090693456,0.49999999999915884,1
843,0.6182618261826192,0.01,0.3916562020371146,0.6294095225478988,0.9829629131454348
844,0.5873015873015874,0.01,0.32510115808567047,0.7499999999947008,0.9330127018952789
845,0.5662423385195665,0.01,0.22366401562718013,0.8535533905922259,0.8535533905943217
846,0.5484834197705495,0.01,0.13994697921026927,0.9330127018901588,0.7500000000035688
847,0.5327675624705335,0.01,0.073391935,0.9829629131446678,0.6294095225507619
848,0.5374823196605374,0.01,0.036556439,1,0.5000000000021229
849,0.5285242809995281,0.01,0.027347565229524206,0.9829629131457666,0.37059047745333906
850,0.5316674524595322,0.01,0.036137854,0.9330127018922817,0.25
851,0.5275813295615275,0.01,0.091391098,0.853553391,0.14644660940868043
852,0.5247524752475248,0.01,0.3295660666945724,0.7500000000046788,0.066987298
853,0.5137513751375136,0.01,0.7132691502720804,0.6294095225519998,0.017037087
854,0.5283671224265283,0.01,0.8445653690526022,0.5000000000034045,0
855,0.5326104038975328,0.01,0.7251290637644761,0.37059047745457707,0.017037086853901706
856,0.5566556655665571,0.01,0.6469931631086926,0.25000000000121797,0.066987298
857,0.618418985,0.01,0.5775080228826566,0.1464466094095867,0.14644660940386578
858,0.6657237152286659,0.01,0.6345751360401841,0.066987298,0.2500000000005125
859,0.7097281156687099,0.01,0.6189479559090274,0.017037086855995698,0.3705904774467621
860,0.7400597202577406,0.01,0.6270406027626622,0,0.49999999999531386
861,0.7593902247367592,0.2,0.6553648667503836,0.017037086855453132,0.6294095225512129
862,0.7721200691497718,0.2,0.7655922980326496,0.066987298,0.7499999999976721
863,0.7810781078107811,0.01,0.825589507,0.1464466094029595,0.853553391
864,0.7741631305987737,0.01,0.7904283521696664,0.24999999999940248,0.9330127018918744
865,0.7406883545497407,0.2,0.6418306125296498,0.37059047744552415,0.9829629131436726
866,0.7045418827597056,0.01,0.4575136040184178,0.49999999999403216,1
867,0.6481219550526487,0.01,0.36402958,0.629409523,0.9829629131448786
868,0.6207763633506205,0.01,0.36068089856285757,0.7499999999965621,0.9330127018942043
869,0.5976740531195985,0.01,0.3237058741453886,0.8535533905937456,0.8535533905928019
870,0.5871444287285876,0.01,0.22882656620622296,0.9330127018912335,0.7500000000017075
871,0.5741002671695745,0.01,0.15738802846379238,0.9829629131433408,0.6294095225557139
872,0.569856986,0.01,0.087344775,1,0.4999999999999735
873,0.5662423385195665,0.01,0.057625227,0.9829629131452102,0.37059047745126306
874,0.5525695426685533,0.01,0.030417189898144275,0.9330127018948451,0.2500000000045478
875,0.5503693226465507,0.01,0.034603042,0.8535533905937083,0.14644660940716064
876,0.5359107339305367,0.01,0.07213618,0.7500000000028175,0.066987298
877,0.5296243910105294,0.01,0.1516673643086368,0.6294095225569518,0.017037086856990902
878,0.5194090837655199,0.01,0.24082600809264684,0.5000000000012552,0
879,0.5161087537325169,0.01,0.3684944886284359,0.37059047745250107,0.017037086854457983
880,0.5373251610875376,0.2,0.4464908608901912,0.2500000000056578,0.066987298
881,0.6226622662266226,0.4,0.5032789172596623,0.14644660940806692,0.14644660940538556
882,0.6484362721986483,0.01,0.6002511511092508,0.066987298,0.24999999999607259
883,0.7086280056577094,0.01,0.6154597460583229,0.017037087,0.3705904774488382
884,0.7513751375137514,0.01,0.6289940002790567,0,0.49999999999746314
885,0.7997799779977997,0.01,0.5950886005302078,0.017037087,0.6294095225462609
886,0.8134527738488138,0.01,0.5862983117064322,0.066987298,0.7499999999995335
887,0.8123526638378125,0.01,0.5957862425003488,0.14644660940447923,0.8535533905910269
888,0.8019801980198022,0.01,0.5825310450676713,0.24999999999496264,0.9330127018893111
889,0.7771491434857771,0.01,0.568020092,0.3705904774476002,0.9829629131442288
890,0.7086280056577094,0.01,0.46937351751081346,0.49999999999618144,1
891,0.6632091780606628,0.01,0.3594251430166039,0.6294095225450229,0.9829629131462054
892,0.6396353921106397,0.01,0.3460304171898982,0.7499999999984235,0.9330127018931296
893,0.647964796,0.01,0.3309613506348542,0.8535533905901205,0.853553391
894,0.6394782335376399,0.01,0.2570113017999163,0.9330127018923081,0.7499999999998461
895,0.6320917806066322,0.01,0.16324822101297612,0.982962913,0.6294095225536378
896,0.6300487191576303,0.01,0.059439096,1,0.5000000000051003
897,0.6122898004086132,0.01,0.030417189898144275,0.9330127018937704,0.2500000000026865
898,0.603960396,0.01,0.011301799916282964,0.8535533905973334,0.1464466094107858
899,0.5997171145686004,0.01,0.018138691223664013,0.7500000000009561,0.066987298
900,0.6028602860286028,0.01,0.047718710757639185,0.6294095225548758,0.017037086856434625
901,0.5945308816595953,0.01,0.098925631,0.5000000000063819,0
902,0.5830583058305838,0.01,0.1763638900516255,0.37059047745042506,0.017037087
903,0.5912305516265914,0.01,0.2868703781219478,0.2500000000037965,0.066987298
904,0.6583372622976582,0.01,0.4272359425143017,0.1464466094065472,0.1464466094069053
905,0.6984126984126982,0.01,0.5553230082321752,0.066987298,0.24999999999793387
906,0.7212006914977214,0.01,0.4876517371285057,0.017037086856766304,0.3705904774438862
907,0.7620619204777621,0.01,0.4975582531045068,0,0.49999999999961237
908,0.7711771177117712,0.01,0.48904702106878756,0.017037086854682526,0.6294095225483369
909,0.7887788778877884,0.01,0.4822101297614065,0.066987298,0.7499999999950935
910,0.7914505736287913,0.2,0.5300683689130737,0.14644660940599902,0.8535533905925465
911,0.7873644507307875,0.01,0.5119296776894098,0.24999999999682398,0.9330127018903857
912,0.760176018,0.01,0.5130459048416353,0.37059047744264817,0.982962913
913,0.722143643,0.01,0.431282266,0.4999999999983307,1
914,0.7013987112997015,0.01,0.34979768382865917,0.6294095225470989,0.9829629131456492
915,0.6720100581486723,0.01,0.2729175387191294,0.7500000000002848,0.9330127018920549
916,0.6647807637906653,0.01,0.2525463931910144,0.8535533905916403,0.8535533905949073
917,0.655194091,0.01,0.16673643086368076,0.9330127018897447,0.75
918,0.6457645764576463,0.01,0.098507046,0.9829629131444534,0.6294095225515618
919,0.6415212949866418,0.01,0.045207199665131856,1,0.5
920,0.6269055476976271,0.01,0.023859355,0.9829629131459809,0.3705904774541391
921,0.6325632563256325,0.75,0.014510952978931211,0.9330127018926957,0.25000000000082523
922,0.633506208,0.4,0.023998883772847774,0.8535533905958136,0.14644660940926602
923,0.6325632563256325,0.75,0.1033905399748849,0.7500000000053959,0.066987298
924,0.6204620462046209,0.75,0.35719268871215293,0.6294095225527998,0.017037086855878347
925,0.61779035,0.4,0.7754988140086507,0.5000000000042326,0
926,0.6209335219236212,0.9,0.8357750802288265,0.37059047744834905,0.017037086855570538
927,0.6198334119126199,0.75,0.7819171201339472,0.2500000000019351,0.066987298
928,0.6311488291686316,0.9,0.6235523929119575,0.1464466094101723,0.1464466094032802
929,0.6533081879616529,0.9,0.5470908329845123,0.066987298,0.24999999999979522
930,0.6779820839226782,0.9,0.5546253662620343,0.017037086856210082,0.3705904774459622
931,0.7006129184347016,0.9,0.5931352030138133,0,0.4999999999944857
932,0.7108282256797112,0.4,0.583089159,0.017037086855238803,0.629409523
933,0.7317303158887323,0.9,0.643504953,0.066987298,0.7499999999969549
934,0.7326732673267329,0.9,0.7053160318124738,0.14644660940237386,0.8535533905889214
935,0.7265440829797272,0.9,0.8480535789033068,0.24999999999868527,0.9330127018914602
936,0.7119283356907125,0.4,0.7782893818892145,0.37059047744472423,0.9829629131434583
937,0.6985698569856988,0.4,0.5463931910143714,0.5,1
938,0.6867829640106868,0.01,0.35789033068229387,0.6294095225491749,0.982962913
939,0.6815967311016817,0.01,0.2867308497279197,0.7499999999958449,0.9330127018946183
940,0.666980984,0.01,0.2533835635551835,0.853553391,0.8535533905933875
941,0.647336162,0.01,0.1626901074368634,0.9330127018908194,0.7500000000024247
942,0.6435643564356437,0.01,0.095995535,0.9829629131431266,0.6294095225565137
943,0.6239195348106237,0.01,0.050509278638202884,1,0.5000000000008017
944,0.603960396,0.01,0.023301242,0.9829629131454247,0.37059047745206297
945,0.5997171145686004,0.01,0.017441049253523095,0.9330127018952591,0.25
946,0.588244539,0.01,0.029161434,0.8535533905942938,0.1464466094077463
947,0.5767719629105765,0.01,0.096553649,0.7500000000035347,0.066987298
948,0.57048562,0.01,0.3696107157806614,0.6294095225507237,0.017037087
949,0.5662423385195665,0.01,0.7688014510952978,0.5000000000020833,0
950,0.558070093,0.01,0.8219617692200363,0.370590477,0.017037086854243655
951,0.558070093,0.01,0.7509418166596902,0.25000000000007383,0.066987298
952,0.5816438786735811,0.01,0.6942932886842472,0.14644660940865256,0.14644660940479992
953,0.6297344020116298,0.01,0.5726245290916702,0.066987298,0.24999999999535538
954,0.6509508093666514,0.01,0.5849030277661503,0.017037086855653805,0.37059047744803825
955,0.6632091780606628,0.01,0.6041579461420399,0,0.49999999999663497
956,0.6782964010686787,0.01,0.6252267336402958,0.017037087,0.629409523
957,0.6877259154486874,0.2,0.6280173015208594,0.066987298,0.7499999999988162
958,0.69055477,0.2,0.7541509697223384,0.14644660940389365,0.8535533905904411
959,0.6877259154486874,0.01,0.8467978233570531,0.25000000000054656,0.9330127018925349
960,0.647964796,0.01,0.7438258685642528,0.3705904774468003,0.9829629131440145
961,0.6259625962596265,0.01,0.5172317566624808,0.4999999999953533,1
962,0.5847870501335852,0.01,0.35928561462257574,0.629409523,0.9829629131445367
963,0.5524123840955526,0.01,0.290777173,0.7499999999977063,0.9330127018935437
964,0.5286814395725288,0.01,0.24822101297614066,0.8535533905895349,0.8535533905970126
965,0.5107653622505111,0.01,0.18054974187247105,0.9330127018918941,0.7500000000005633
966,0.5011786892975008,0.01,0.12027347565229525,0.9829629131436828,0.6294095225544377
967,0.49174917491749204,0.01,0.079810241,1,0.5000000000059284
968,0.48546283199748563,0.01,0.046881540393470075,0.9829629131448684,0.37059047744998697
969,0.48734873487348684,0.01,0.032510116,0.9330127018941845,0.2500000000034037
970,0.480590916,0.01,0.047579182,0.853553391,0.1464466094062265
971,0.4688040232594699,0.01,0.11776196455978792,0.7500000000016733,0.066987298
972,0.4688040232594699,0.01,0.38091251569694434,0.6294095225556757,0.017037086856648953
973,0.4675467546754679,0.01,0.7965676015069066,0.4999999999999341,0
974,0.4667609618104662,0.01,0.8546114134226315,0.370590477,0.017037086854799877
975,0.4708470847084718,0.9,0.7905678805636946,0.2500000000045137,0.066987298
976,0.5135942165645138,0.01,0.7127110366959676,0.14644660940713278,0.1464466094063197
977,0.5832154644035836,0.01,0.5660666945723455,0.066987298,0.24999999999721673
978,0.6474933207606477,0.2,0.6009487930793916,0.017037086856980688,0.37059047744308626
979,0.6639949709256645,0.01,0.6091809683270545,0,0.49999999999878425
980,0.6916548797736914,0.2,0.6242500348820985,0.017037086854468197,0.629409523
981,0.7023416627377022,0.2,0.6656899679084693,0.066987298,0.7499999999943764
982,0.7034417727487035,0.2,0.7332217106181108,0.14644660940541343,0.853553391
983,0.6985698569856988,0.01,0.8580996232733361,0.24999999999610673,0.9330127018899715
984,0.6808109382366809,0.4,0.8112180828798661,0.3705904774488763,0.9829629131445707
985,0.6544082979726542,0.01,0.544579322,0.49999999999750255,1
986,0.6448216250196457,0.01,0.38900516255057904,0.629409523,0.9829629131458635
987,0.6342920006286348,0.01,0.3228687037812195,0.7499999999995676,0.933012702
988,0.6239195348106237,0.01,0.2828240546951305,0.8535533905910546,0.8535533905954928
989,0.6258054376866258,0.01,0.19129342821264125,0.9330127018893307,0.7500000000050031
990,0.6170045575986172,0.01,0.11943630528812614,0.982962913,0.6294095225523617
991,0.6130755932736132,0.01,0.080647412,1,0.5000000000037791
992,0.6052176646236052,0.01,0.054276545276963864,0.9829629131461952,0.370590477
993,0.6003457488606005,0.01,0.043114274,0.9330127018931098,0.2500000000015424
994,0.5924878202105925,0.01,0.042695689,0.8535533905963991,0.1464466094098516
995,0.5862014772905861,0.01,0.113297056,0.75,0.066987298
996,0.5799151343705806,0.01,0.39179573043114274,0.6294095225535997,0.017037086856092676
997,0.5728429985855725,0.01,0.7801032510115808,0.5000000000050607,0
998,0.5692283514065699,0.01,0.7941956188084275,0.37059047744914897,0.017037086855356154
999,0.5722143642935724,0.01,0.6795032789172596,0.2500000000026524,0.066987298
1000,0.6028602860286028,0.01,0.7488488907492674,0.14644660941075788,0.1464466094026946
1001,0.6404211849756405,0.01,0.5734616994558392,0.066987298,0.24999999999907802
1002,0.674838912,0.01,0.6129482349658155,0.017037087,0.37059047744516227
1003,0.7062706270627062,0.01,0.6446211804102134,0,0.4999999999936575
1004,0.7377023416627382,0.01,0.6688991209711176,0.017037086855024475,0.629409523
1005,0.7617476033317625,0.01,0.6818752616157387,0.066987298,0.7499999999962377
1006,0.7714914348577717,0.01,0.7468954932328729,0.14644660940693316,0.8535533905934807
1007,0.7622190790507619,0.01,0.842891028,0.24999999999796807,0.9330127018910461
1008,0.739116769,0.01,0.7960094879307938,0.37059047744392426,0.9829629131432438
1009,0.7108282256797112,0.01,0.5669038649365146,0.49999999999965183,1
1010,0.6858400125726853,0.01,0.38258685642528256,0.6294095225483751,0.9829629131453073
1011,0.663680654,0.01,0.3168689828380076,0.7499999999951277,0.9330127018950323
1012,0.6468646864686476,0.01,0.2596623412864518,0.8535533905925744,0.8535533905939732
1013,0.6342920006286348,0.01,0.22059439095856007,0.9330127018904053,0.7500000000031419
1014,0.6220336319346225,0.01,0.12962187805218361,0.9829629131429122,0.6294095225573137
1015,0.6061606160616058,0.01,0.064043533,1,0.5000000000016298
1016,0.5945308816595953,0.01,0.037114553,0.982962913,0.37059047745286294
1017,0.5868301115825871,0.01,0.02692898,0.9330127018920352,0.2499999999996811
1018,0.5728429985855725,0.01,0.035858797,0.8535533905948793,0.14644660940833182
1019,0.5610561056105605,0.4,0.10771592018975862,0.7500000000042518,0.066987298
1020,0.554141128,0.01,0.3612390121389703,0.6294095225515237,0.017037087
1021,0.5414112839855414,0.01,0.7485698339612111,0.5000000000029116,0
1022,0.5286814395725288,0.01,0.793079392,0.3705904774541009,0.017037087
1023,0.521294987,0.01,0.7194083996093205,0.25000000000079103,0.066987298
1024,0.5410969668395409,0.01,0.6535509976280173,0.1464466094092381,0.14644660940421433
1025,0.5579129341505582,0.01,0.6090414399330264,0.066987298,0.24999999999463818
1026,0.5745717428885748,0.01,0.6026231338077298,0.017037086855868133,0.37059047744723833
1027,0.5840012572685844,0.01,0.6154597460583229,0,0.4999999999958068
1028,0.5943737230865946,0.01,0.6241105064880703,0.017037086855580752,0.6294095225516891
1029,0.606003457,0.01,0.6460164643504953,0.066987298,0.75
1030,0.6091466289486092,0.01,0.6884330961350634,0.14644660940330806,0.8535533905898556
1031,0.6071035674996073,0.01,0.7745221152504534,0.24999999999982941,0.9330127018921208
1032,0.588244539,0.01,0.7413143574717455,0.3705904774460003,0.9829629131438001
1033,0.5454974068835461,0.01,0.5963443560764615,0.49999999999452516,1
1034,0.5071507150715076,0.01,0.44132831031114833,0.629409523,0.982962913
1035,0.47461889046047423,0.01,0.3401702246407144,0.7499999999969891,0.9330127018939577
1036,0.4625176803394626,0.01,0.3722617552671969,0.8535533905889494,0.8535533905975983
1037,0.4519880559484517,0.01,0.32245011859913497,0.933012702,0.7500000000012805
1038,0.4468018230394466,0.01,0.22673364029580018,0.9829629131434685,0.6294095225552376
1039,0.4414584315574417,0.01,0.12013394725826705,1,0.4999999999994806
1040,0.4424013829954432,0.01,0.06864797,0.9829629131450828,0.3705904774507869
1041,0.4508879459374513,0.01,0.051206920608343795,0.9330127018945986,0.2500000000041209
1042,0.4540311173974536,0.01,0.031114832,0.8535533905933597,0.1464466094068121
1043,0.4666038032374664,0.01,0.036835496,0.7500000000023905,0.066987298
1044,0.4739902561684741,0.01,0.074647691,0.6294095225564756,0.017037087
1045,0.4780763790664788,0.01,0.14845821124598854,0.5000000000007623,0
1046,0.4782335376394786,0.01,0.2459885586716897,0.3705904774520249,0.017037086854585548
1047,0.4782335376394786,0.01,0.38105204409097254,0.25000000000523087,0.066987298
1048,0.5085651422285085,0.01,0.4783033347286173,0.14644660940771836,0.14644660940573412
1049,0.5530410183875527,0.01,0.5856006697362913,0.066987298,0.24999999999649952
1050,0.5891874901775895,0.01,0.5740198130319519,0.017037086855311856,0.3705904774493144
1051,0.6091466289486092,0.01,0.6139249337240128,0,0.4999999999979561
1052,0.6269055476976271,0.01,0.5791823636109948,0.017037087,0.6294095225467371
1053,0.6448216250196457,0.01,0.5648109390260918,0.066987298,0.7499999999999603
1054,0.6572371522866569,0.01,0.5715083019394447,0.14644660940482784,0.8535533905913754
1055,0.6542511393996544,0.01,0.5871354820706013,0.24999999999538958,0.9330127018895575
1056,0.6342920006286348,0.01,0.5794614203990511,0.3705904774480764,0.9829629131443565
1057,0.6102467389596113,0.01,0.5388586577368494,0.49999999999667444,1
1058,0.599402797,0.01,0.4255616017859635,0.6294095225454991,0.9829629131460779
1059,0.591544869,0.01,0.33403097530347425,0.7499999999988504,0.9330127018928831
1060,0.5885588558855885,0.01,0.32607785684386775,0.8535533905904691,0.8535533905960784
1061,0.588244539,0.01,0.35914608622854755,0.9330127018925547,0.7499999999994192
1062,0.5819581958195825,0.01,0.20859494907213616,0.9829629131440247,0.6294095225531616
1063,0.5800722929435804,0.01,0.12013394725826705,1,0.5000000000046073
1064,0.5725286814395729,0.01,0.06864797,0.9829629131445264,0.3705904774487109
1065,0.56718529,0.01,0.051206920608343795,0.9330127018935239,0.25000000000225964
1066,0.561999057,0.01,0.031114832,0.8535533905969848,0.1464466094104372
1067,0.5577557755775584,0.01,0.036835496,0.7500000000005292,0.066987298
1068,0.5588558855885588,0.01,0.058322869,0.6294095225543996,0.017037086856307004
1069,0.5536696526795537,0.01,0.10366959676294127,0.5,0
1070,0.5516265912305518,0.01,0.16338774940700432,0.3705904774499489,0.017037086855141825
1071,0.5516265912305518,0.01,0.24124459327473138,0.2500000000033696,0.066987298
1072,0.5714285714285716,0.01,0.30961350634854196,0.14644660941134346,0.14644660940210896
1073,0.6185761433286188,0.01,0.43072415236500633,0.066987298,0.24999999999836087
1074,0.6517366022316522,0.01,0.46421096693177066,0.017037087,0.37059047744436235
1075,0.6729530095866729,0.01,0.49379098646574576,0,0.5000000000001054
1076,0.6925978312116929,0.01,0.5073252406864797,0.017037086854810146,0.6294095225488131
1077,0.7075278956467081,0.01,0.4714664434212362,0.066987298,0.7499999999955205
1078,0.7171145685997176,0.01,0.5299288405190455,0.14644660940634757,0.8535533905928951
1079,0.714914349,0.01,0.5653690526022045,0.24999999999725087,0.9330127018906321
1080,0.6955838440986954,0.01,0.5190456257848471,0.37059047744312434,0.9829629131430295
1081,0.6622662266226622,0.01,0.4434212362215711,0.49999999999882366,1
1082,0.6468646864686476,0.01,0.34100739500488353,0.6294095225475751,0.9829629131455215
1083,0.6220336319346225,0.01,0.2796149016324822,0.7499999999944105,0.9330127018954464
1084,0.6160616061606157,0.01,0.22254778847495466,0.8535533905919888,0.8535533905945587
1085,0.6119754832626119,0.01,0.15557415934142596,0.9330127018899913,0.7500000000038591
1086,0.5992456388495992,0.01,0.10018138691223664,0.982962913,0.6294095225510856
1087,0.5923306616375927,0.01,0.059299567,1,0.5
1088,0.5728429985855725,0.01,0.031393889,0.9829629131458533,0.37059047745366286
1089,0.5693855099795697,0.01,0.022603599832565924,0.9330127018924492,0.25000000000039824
1090,0.5687568756875687,0.01,0.033626343,0.853553391,0.14644660940891746
1091,0.5579129341505582,0.01,0.10366959676294127,0.7500000000049691,0.066987298
1092,0.5525695426685533,0.01,0.36723873308218224,0.6294095225523236,0.017037086855750727
1093,0.5484834197705495,0.01,0.7859634435607646,0.5000000000037397,0
1094,0.5472261511865475,0.75,0.7590344635133249,0.37059047745490087,0.017037086853814942
1095,0.5494263712085501,0.9,0.7513604018417748,0.25000000000150824,0.066987298
1096,0.5703284614175703,0.9,0.639737687,0.14644660940982374,0.14644660940362875
1097,0.5829011472575831,0.9,0.5484861169247942,0.066987298,0.25000000000022216
1098,0.5912305516265914,0.9,0.5607646155992744,0.017037086856082462,0.37059047744643836
1099,0.5986170045575991,0.9,0.5876935956467141,0,0.4999999999949787
1100,0.6056891403426063,0.9,0.5582531045067671,0.017037086855366368,0.6294095225508891
1101,0.6248624862486252,0.9,0.6121110646016464,0.066987298,0.7499999999973819
1102,0.6270627062706278,0.75,0.7241523650062788,0.14644660940272253,0.853553391
1103,0.6237623762376239,0.01,0.8560066973629133,0.2499999999991122,0.9330127018917067
1104,0.6100895803866098,0.01,0.7943351472024557,0.37059047744520035,0.9829629131435857
1105,0.5822725129655821,0.75,0.5285335565787638,0.5,1
1106,0.5807009272355805,0.4,0.34058881,0.6294095225496512,0.9829629131449653
1107,0.5720572057205726,0.01,0.29398632621738524,0.7499999999962719,0.9330127018943718
1108,0.5552412384095562,0.75,0.24975582531045068,0.8535533905935087,0.8535533905930389
1109,0.5462832,0.01,0.157108972,0.9330127018910659,0.7500000000019977
1110,0.5296243910105294,0.4,0.1060415794614204,0.982962913,0.6294095225560377
1111,0.5022787993085029,0.9,0.052881261336682014,1,0.5000000000003088
1112,0.48546283199748563,0.01,0.028184735593693316,0.982962913,0.3705904774515868
1113,0.476033318,0.01,0.017999162829635828,0.9330127018950126,0.25000000000483813
1114,0.4725758290114723,0.01,0.029300962745918795,0.8535533905939452,0.14644660940739768
1115,0.4744617318874744,0.75,0.10813450537184317,0.7500000000031077,0.066987298
1116,0.48813452773848853,0.75,0.37016882935677414,0.6294095225572756,0.017037087
1117,0.5021216407355023,0.9,0.7710339053997488,0.5000000000015904,0
1118,0.5197234009115195,0.9,0.7791265522533836,0.3705904774528248,0.017037087
1119,0.5227094137985229,0.75,0.6539695828101019,0.2499999999996469,0.066987298
1120,0.5354392582115355,0.75,0.7272219896748988,0.14644660940830395,0.14644660940514848
1121,0.561999057,0.4,0.5678805636947118,0.066987298,0.24999999999578232
1122,0.6001885902875999,0.4,0.5910422771033905,0.017037086855526185,0.3705904774485144
1123,0.6280056577086284,0.4,0.6052741732942654,0,0.4999999999971279
1124,0.6448216250196457,0.4,0.644202595,0.017037086854039485,0.6294095225459372
1125,0.6542511393996544,0.75,0.6822938467978233,0.066987298,0.75
1126,0.6632091780606628,0.4,0.699455839,0.1464466094042422,0.8535533905907897
1127,0.6584944208706589,0.4,0.8832147341984093,0.24999999999467237,0.9330127018891434
1128,0.6320917806066322,0.4,0.8279614901632482,0.37059047744727647,0.9829629131441421
1129,0.6160616061606157,0.01,0.5736012278498674,0.49999999999584627,1
1130,0.5983026874115986,0.01,0.39221431561322734,0.6294095225517272,0.9829629131444091
1131,0.5745717428885748,0.01,0.3518906097390819,0.7499999999981332,0.9330127018932972
1132,0.5756718528995761,0.01,0.3929119575833682,0.8535533905898836,0.853553391
1133,0.574414584,0.01,0.42570113017999167,0.9330127018921406,0.7500000000001364
1134,0.5483262611975479,0.01,0.12906376447607087,0.9829629131438103,0.6294095225539615
1135,0.5307245010215316,0.01,0.054416074,1,0.5000000000054354
1136,0.512022631,0.01,0.031393889,0.9829629131447408,0.3705904774495108
1137,0.49929278642149955,0.01,0.019813031952002232,0.933012702,0.25000000000297684
1138,0.48844884488448903,0.9,0.032649644202595224,0.8535533905975703,0.14644660941102283
1139,0.4776049033474776,0.01,0.10492535230919492,0.7500000000012463,0.066987298
1140,0.47854785478547823,0.01,0.3737965676015069,0.6294095225551996,0.017037086856521333
1141,0.48341977054848373,0.01,0.7788474954653272,0.4999999999994411,0
1142,0.4754046833254759,0.75,0.6181107855448583,0.3705904774507488,0.017037086854927497
1143,0.49206349206349254,0.4,0.7633598437281987,0.25000000000408673,0.066987298
1144,0.5450259311645449,0.2,0.6975024417468955,0.14644660940678422,0.14644660940666826
1145,0.6017601760176023,0.2,0.5751360401841774,0.066987298,0.2499999999976436
1146,0.6457645764576463,0.2,0.5916003906795032,0.017037086856853068,0.37059047744356244
1147,0.6731101681596736,0.2,0.6189479559090274,0,0.4999999999992772
1148,0.69715543,0.2,0.6069485140226035,0.017037086854595762,0.6294095225480132
1149,0.7117711771177118,0.2,0.62466862,0.066987298,0.7499999999948033
1150,0.7117711771177118,0.2,0.7261057625226733,0.14644660940576204,0.8535533905923095
1151,0.6965267955366969,0.4,0.8649365145807172,0.24999999999653372,0.9330127018902181
1152,0.6845827439886851,0.01,0.7996372261755267,0.3705904774493525,0.9829629131446984
1153,0.6613232751846616,0.01,0.5645318822380354,0.49999999999799555,1
1154,0.6495363822096505,0.01,0.4107715920189759,0.6294095225467752,0.982962913
1155,0.637435172,0.01,0.35272778,0.7499999999999944,0.9330127018922225
1156,0.6344491592016346,0.01,0.29440491139946984,0.8535533905914032,0.8535533905951442
1157,0.6278484991356277,0.01,0.1837588949351193,0.9330127018895772,0.7500000000045763
1158,0.6291057677196297,0.01,0.10841356215989954,0.9829629131443667,0.6294095225518855
1159,0.6291057677196297,0.01,0.050509278638202884,1,0.5000000000032861
1160,0.6270627062706278,0.01,0.027347565229524206,0.9829629131460677,0.37059047745446283
1161,0.6207763633506205,0.01,0.020231617134086787,0.9330127018928633,0.2500000000011155
1162,0.61449002,0.01,0.032231059,0.8535533905960506,0.14644660940950305
1163,0.6050605060506054,0.01,0.10129761406446212,0.75,0.066987298
1164,0.598774163,0.01,0.36737826147621044,0.6294095225531235,0.017037087
1165,0.5880873801665882,0.9,0.8032649644202595,0.5000000000045678,0
1166,0.5818010372465827,0.9,0.796149016,0.3705904774486728,0.017037086855483774
1167,0.5871444287285876,0.75,0.6922003627738245,0.25000000000222544,0.066987298
1168,0.6038032374666042,0.75,0.6884330961350634,0.14644660941040927,0.14644660940304316
1169,0.6258054376866258,0.9,0.5934142598018697,0.066987298,0.24999999999950495
1170,0.6435643564356437,0.9,0.632900795,0.017037087,0.37059047744563844
1171,0.6635234952066642,0.75,0.6608064741174828,0,0.4999999999941505
1172,0.6731101681596736,0.01,0.6542486395981582,0.017037087,0.6294095225500892
1173,0.6720100581486723,0.75,0.6875959257708943,0.066987298,0.7499999999966646
1174,0.6668238252396672,0.9,0.780242779,0.14644660940213688,0.8535533905886844
1175,0.6595945308816602,0.9,0.8816799218640993,0.24999999999839495,0.9330127018912926
1176,0.6500078579286499,0.9,0.8148458211245988,0.37059047744440043,0.9829629131433715
1177,0.6416784535596425,0.9,0.5953676573182642,0.5000000000001448,1
1178,0.640735502,0.9,0.42388726105762525,0.6294095225488512,0.9829629131451797
1179,0.630205878,0.9,0.36402958,0.7499999999955547,0.9330127018947858
1180,0.6218764733616218,0.9,0.43058462397097813,0.853553391,0.8535533905936246
1181,0.6102467389596113,0.01,0.4763499372122227,0.9330127018906518,0.7500000000027149
1182,0.6061606160616058,0.01,0.1610157667085252,0.9829629131430397,0.6294095225568376
1183,0.5945308816595953,0.4,0.079531185,1,0.5000000000011369
1184,0.588244539,0.75,0.038509837,0.9829629131455113,0.37059047745238677
1185,0.5891874901775895,0.9,0.032510116,0.9330127018954266,0.25000000000555533
1186,0.5902876001885908,0.9,0.040463234,0.8535533905945307,0.14644660940798332
1187,0.5862014772905861,0.9,0.10046044370029301,0.7500000000038249,0.066987298
1188,0.5821153543925823,0.9,0.34407701967350357,0.6294095225510474,0.017037086855408834
1189,0.5821153543925823,0.9,0.7524766289940003,0.5000000000024185,0
1190,0.5832154644035836,0.9,0.8063345890888796,0.3705904774536247,0.017037087
1191,0.5841584158415842,0.9,0.6754569554904423,0.25000000000036415,0.066987298
1192,0.5808580858085812,0.9,0.5950886005302078,0.14644660940888954,0.14644660940456294
1193,0.5726858400125727,0.9,0.571787359,0.066987298,0.24999999999506511
1194,0.5601131541725599,0.9,0.6176922003627738,0.017037086855740513,0.3705904774477145
1195,0.5307245010215316,0.9,0.6341565508580996,0,0.4999999999962998
1196,0.5242809995285245,0.9,0.5994139807450816,0.017037086853825156,0.6294095225451373
1197,0.49819267641049825,0.9,0.6391795730431142,0.066987298,0.75
1198,0.48231966053748243,0.9,0.6640156271801311,0.14644660940365667,0.8535533905902042
1199,0.47854785478547823,0.9,0.6922003627738245,0.2500000000002563,0.9330127018923673
1200,0.4750903661794754,0.9,0.5881121808287987,0.3705904774464765,0.9829629131439277
1201,0.47461889046047423,0.9,0.47062927305706714,0.4999999999950181,1
1202,0.4744617318874744,0.9,0.3364029580019534,0.6294095225509273,0.9829629131446234
1203,0.4697469746974696,0.9,0.2670573461699456,0.75,0.9330127018937112
1204,0.472732988,0.9,0.2856146225756942,0.8535533905892979,0.8535533905972497
1205,0.4677039132484677,0.9,0.2649644202595228,0.9330127018917265,0.7500000000008537
1206,0.4656608517994658,0.4,0.1734337937770336,0.982962913,0.6294095225547616
1207,0.4647179003614643,0.9,0.10827403376587136,1,0.5000000000062635
1208,0.4587458745874584,0.9,0.07381052,0.9829629131449551,0.3705904774503107
1209,0.4593745088794594,0.9,0.067113158,0.933012702,0.25
1210,0.4607889360364603,0.9,0.05469513,0.853553391,0.14644660940646353
1211,0.4593745088794594,0.9,0.062648249,0.7500000000019635,0.066987298
1212,0.4540311173974536,0.9,0.11120413004046324,0.6294095225559995,0.017037086856735717
1213,0.4510451045104511,0.9,0.1854332356634575,0.5000000000002692,0
1214,0.4422442244224425,0.9,0.28742849169806056,0.3705904774515487,0.017037086854713168
1215,0.4416155901304424,0.4,0.41844565369052605,0.25000000000480394,0.066987298
1216,0.4323432343234326,0.9,0.4725826705734617,0.14644660940736975,0.14644660940608267
1217,0.4362721986484366,0.01,0.5187665689967909,0.066987298,0.24999999999692646
1218,0.4372151500864372,0.9,0.5821124598855867,0.017037086857067396,0.3705904774427625
1219,0.4414584315574417,0.01,0.5966234128645179,0,0.4999999999984491
1220,0.4436586515794443,0.75,0.5886702944049114,0.017037086854381434,0.6294095225472133
1221,0.4457017130284462,0.75,0.5530905539277242,0.066987298,0.7500000000003872
1222,0.4461731887474456,0.75,0.5537881958978652,0.1464466094051764,0.8535533905917239
1223,0.4402011629734397,0.75,0.5191851541788753,0.24999999999581646,0.933012702
1224,0.4299858557284302,0.4,0.5158364727221989,0.37059047744855256,0.982962913
1225,0.42275656137042317,0.01,0.5010464629552114,0.4999999999971674,1
1226,0.41474147414741447,0.01,0.4150969722338496,0.6294095225459753,0.9829629131459503
1227,0.40201162973440274,0.01,0.3309613506348542,0.7499999999992772,0.9330127018926366
1228,0.39116768819739134,0.01,0.37421515278359146,0.8535533905908177,0.8535533905957299
1229,0.38299544240138284,0.01,0.5554625366262034,0.9330127018891632,0.7500000000052934
1230,0.3735659280213741,0.01,0.25115110925073253,0.9829629131441523,0.6294095225526855
1231,0.3818953323903824,0.01,0.10827403376587136,1,0.5000000000041143
1232,0.39116768819739134,0.01,0.07381052,0.9829629131443989,0.3705904774482347
1233,0.38912462674838943,0.01,0.067113158,0.9330127018932775,0.25000000000183265
1234,0.39541096966839584,0.01,0.05469513,0.8535533905966362,0.14644660941008858
1235,0.39965425113939945,0.4,0.062648249,0.7500000000001023,0.066987298
1236,0.39965425113939945,0.75,0.094879308,0.6294095225539235,0.017037087
1237,0.39808266540939874,0.01,0.1506906655504395,0.5,0
1238,0.40374037403740415,0.75,0.22743128226594111,0.3705904774494727,0.017037086855269445
1239,0.40578343548640605,0.9,0.2757081065996931,0.25000000000294265,0.066987298
1240,0.41002671695741055,0.9,0.41021347844286316,0.1464466094109949,0.14644660940245757
1241,0.41631305987741696,0.9,0.5723454723036138,0.066987298,0.24999999999878775
1242,0.42244224422442267,0.9,0.5013255197432678,0.017037086856511174,0.37059047744483853
1243,0.4284142699984286,0.9,0.5017441049253523,0,0.5000000000005983
1244,0.4332861857614332,0.9,0.4709083298451235,0.017037087,0.6294095225492893
1245,0.4381581015244378,0.75,0.4770475791823636,0.066987298,0.7499999999959474
1246,0.4499449944994498,0.2,0.48834937909864656,0.14644660940669618,0.8535533905932438
1247,0.4463303473204472,0.2,0.5348123343100321,0.2499999999976778,0.9330127018908786
1248,0.4274713185604271,0.2,0.49407004325380216,0.3705904774436005,0.9829629131431572
1249,0.42165645135942276,0.01,0.4187247104785824,0.49999999999931666,1
1250,0.41332704699041356,0.01,0.33528673084972793,0.6294095225480513,0.9829629131453941
1251,0.40484048404840456,0.01,0.2730570671131575,0.7499999999948375,0.9330127018951999
1252,0.40484048404840456,0.01,0.21794335147202454,0.8535533905923374,0.8535533905942101
1253,0.40389753261040395,0.01,0.16548067531742708,0.9330127018902378,0.7500000000034321
1254,0.38723872387238734,0.01,0.11762243616575975,0.9829629131447086,0.6294095225506094
1255,0.39808266540939874,0.4,0.059439096,1,0.5
1256,0.39745403111739774,0.01,0.033626343,0.9829629131457258,0.3705904774531867
1257,0.39541096966839584,0.01,0.019952560346030417,0.9330127018922028,0.24999999999997136
1258,0.39226779820839264,0.01,0.026370866471326918,0.8535533905951164,0.14644660940856885
1259,0.38488134527738493,0.01,0.093902609,0.7500000000045421,0.066987298
1260,0.3823668081093827,0.01,0.34519324682572905,0.6294095225518475,0.017037086855623162
1261,0.38016658808738013,0.01,0.7495465327194084,0.5000000000032467,0
1262,0.38016658808738013,0.05,0.8359146086228547,0.3705904774544247,0.017037086853942562
1263,0.3776520509193779,0.01,0.7205246267615459,0.2500000000010813,0.066987298
1264,0.40279742259940265,0.01,0.6228547509418166,0.14644660940947513,0.14644660940397736
1265,0.4323432343234326,0.01,0.5798800055811357,0.066987298,0.2499999999943479
1266,0.4686468646864683,0.01,0.5847634993721222,0.017037086855954897,0.37059047744691453
1267,0.48640578343548624,0.01,0.5885307660108832,0,0.4999999999954716
1268,0.49237780920949303,0.01,0.5969024696525743,0.017037086855493988,0.6294095225513654
1269,0.512808424,0.4,0.6506209013534254,0.066987298,0.7499999999978088
1270,0.515951595,0.4,0.7061532021766429,0.14644660940307103,0.8535533905896187
1271,0.5107653622505111,0.01,0.8621459467001534,0.24999999999953915,0.9330127018919532
1272,0.49614961496149634,0.01,0.7738244732803126,0.3705904774456765,0.9829629131437134
1273,0.48577714914348613,0.01,0.5335565787637784,0.5,1
1274,0.4782335376394786,0.01,0.3622157108971676,0.6294095225501273,0.9829629131448377
1275,0.4761904761904767,0.01,0.2918934003069625,0.7499999999966988,0.9330127018941252
1276,0.4722615118654727,0.01,0.24919771173433794,0.8535533905887123,0.8535533905978352
1277,0.4688040232594699,0.01,0.1652016185293707,0.9330127018913124,0.7500000000015709
1278,0.4728901461574737,0.01,0.1050648807032231,0.9829629131433817,0.6294095225555614
1279,0.47461889046047423,0.01,0.048416353,1,0.49999999999981576
1280,0.47461889046047423,0.01,0.029580019533975165,0.9829629131451695,0.3705904774511107
1281,0.47650479333647633,0.01,0.019952560346030417,0.9330127018947661,0.2500000000044112
1282,0.47650479333647633,0.01,0.031672945,0.8535533905935966,0.14644660940704907
1283,0.47854785478547823,0.01,0.097948933,0.7500000000026807,0.066987298
1284,0.48247681911048224,0.9,0.36040184177480117,0.6294095225567995,0.017037086856950046
1285,0.48640578343548624,0.9,0.7731268313101716,0.5000000000010975,0
1286,0.48231966053748243,0.9,0.7662899400027905,0.37059047745234863,0.017037087
1287,0.4794908062234797,0.9,0.6866192270126971,0.25000000000552114,0.066987298
1288,0.4780763790664788,0.9,0.6270406027626622,0.1464466094079554,0.14644660940549709
1289,0.48341977054848373,0.9,0.5521138551695269,0.066987298,0.24999999999620925
1290,0.48436272198648433,0.9,0.5865773684944886,0.017037087,0.3705904774489906
1291,0.48436272198648433,0.9,0.6250872052462676,0,0.4999999999976209
1292,0.48734873487348684,0.9,0.6063904004464908,0.017037086854167105,0.6294095225464134
1293,0.48734873487348684,0.9,0.6199246546672248,0.066987298,0.75
1294,0.48546283199748563,0.9,0.6380633458908888,0.1464466094045908,0.8535533905911383
1295,0.48341977054848373,0.9,0.7189898144272359,0.24999999999509925,0.9330127018893899
1296,0.48341977054848373,0.9,0.6486675038370308,0.37059047744775264,0.9829629131442696
1297,0.48451988055948503,0.9,0.42918934003069625,0.4999999999963392,1
1298,0.48451988055948503,0.9,0.303613785,0.6294095225451753,0.9829629131461646
1299,0.48137670909948094,0.9,0.2646853634714665,0.75,0.9330127018930507
1300,0.47917648907747923,0.9,0.2374773266359704,0.853553391,0.8535533905963155
1301,0.4802765990884805,0.9,0.1561322729175387,0.933012702,0.7499999999997096
1302,0.4802765990884805,0.9,0.11022743128226593,0.9829629131439379,0.6294095225534854
1303,0.4802765990884805,0.9,0.052602204548625645,1,0.5000000000049425
1304,0.48137670909948094,0.9,0.029021905957862425,0.9829629131446131,0.3705904774490346
1305,0.48231966053748243,0.9,0.020092088740058602,0.9330127018936916,0.25000000000254985
1306,0.4802765990884805,0.9,0.036975024,0.8535533905972217,0.14644660941067422
1307,0.48137670909948094,0.9,0.10520440909725129,0.7500000000008196,0.066987298
1308,0.47917648907747923,0.9,0.3447746616436445,0.6294095225547234,0.017037087
1309,0.4802765990884805,0.9,0.6521557136877354,0.5000000000062241,0
1310,0.4802765990884805,0.9,0.6433654248639598,0.3705904774502726,0.017037086855055117
1311,0.48341977054848373,0.9,0.5729035858797265,0.25000000000365985,0.066987298
1312,0.48341977054848373,0.9,0.5501604576531324,0.1464466094064356,0.14644660940701687
1313,0.48247681911048224,0.9,0.5285335565787638,0.066987298,0.2499999999980706
1314,0.48341977054848373,0.9,0.5789033068229384,0.017037086856725503,0.3705904774440386
1315,0.48923463774948894,0.9,0.6207618250313939,0,0.4999999999997702
1316,0.49033474776049024,0.9,0.6278777731268312,0.017037086854723382,0.6294095225484894
1317,0.49520666352349485,0.9,0.6909446072275708,0.066987298,0.7499999999952303
1318,0.49394939493949375,0.9,0.7208036835496023,0.1464466094061106,0.8535533905926581
1319,0.49426371208549424,0.9,0.7132691502720804,0.2499999999969606,0.9330127018904646
1320,0.49332076064749275,0.9,0.5955071857122924,0.3705904774428006,0.9829629131429427
1321,0.49332076064749275,0.9,0.48304730012557556,0.4999999999984885,1
1322,0.49222065063649234,0.9,0.3651458071717595,0.6294095225472514,0.9829629131456084
1323,0.49222065063649234,0.9,0.4453746337379657,0.7500000000004214,0.933012702
1324,0.48860600345748884,0.9,0.424445375,0.8535533905917518,0.8535533905947956
1325,0.48970611346849013,0.9,0.25184875122087347,0.9330127018898238,0.7500000000041493
1326,0.48640578343548624,0.9,0.169945584,0.9829629131444942,0.6294095225514094
1327,0.48640578343548624,0.75,0.090693456,1,0.5000000000027932
1328,0.48530567342448494,0.9,0.053997488488907494,0.9829629131459401,0.37059047745398666
1329,0.48436272198648433,0.9,0.0339054,0.9330127018926169,0.25000000000068856
1330,0.48436272198648433,0.9,0.020789730710199527,0.853553391,0.14644660940915444
1331,0.48341977054848373,0.9,0.028324264,0.7500000000052593,0.066987298
1332,0.48247681911048224,0.9,0.050927864,0.6294095225526474,0.017037087
1333,0.561999057,0.01,0.74019813,0.5000000000040749,0
1334,0.558698727,0.4,0.8304730012557555,0.3705904774481966,0.017037087
1335,0.4848341977054855,0.9,0.18682851960373936,0.25000000000179856,0.066987298
1336,0.48137670909948094,0.9,0.23789591181805494,0.1464466094100607,0.14644660940339177
1337,0.48546283199748563,0.9,0.2971954792800335,0.066987298,0.2499999999999319
1338,0.49520666352349485,0.9,0.34686758755406727,0.017037086856169226,0.3705904774461146
1339,0.49709256639949695,0.9,0.3795172317566625,0,0.4999999999946435
1340,0.500235738,0.9,0.3778428910283243,0.017037087,0.6294095225505654
1341,0.5000785792865003,0.9,0.3931910143714246,0.066987298,0.7499999999970915
1342,0.5021216407355023,0.9,0.39095856006697366,0.1464466094024855,0.853553391
1343,0.5000785792865003,0.9,0.39347007115948096,0.24999999999882194,0.9330127018915392
1344,0.49913562784849885,0.9,0.37840100460443704,0.3705904774448766,0.982962913
1345,0.49080622347949143,0.9,0.3705874145388587,0.5000000000006378,1
1346,0.48546283199748563,0.9,0.3944467699176783,0.6294095225493275,0.9829629131450521
1347,0.48341977054848373,0.9,0.3724012836612251,0.7499999999959815,0.9330127018945393
1348,0.48043375766148033,0.9,0.3153341705036975,0.8535533905932715,0.853553391
1349,0.4794908062234797,0.9,0.22868703781219477,0.9330127018908982,0.7500000000022881
1350,0.47917648907747923,0.9,0.14817915445793217,0.9829629131431674,0.6294095225563614
1351,0.48137670909948094,0.9,0.10269289800474397,1,0.5000000000006439
1352,0.48231966053748243,0.9,0.065438817,0.9829629131453839,0.3705904774519106
1353,0.48247681911048224,0.9,0.05036975,0.9330127018951802,0.25000000000512845
1354,0.48247681911048224,0.9,0.030556718,0.8535533905941822,0.14644660940763465
1355,0.48137670909948094,0.9,0.02609181,0.75,0.066987298
1356,0.48247681911048224,0.9,0.059020511,0.6294095225505714,0.017037086855281214
1357,0.48247681911048224,0.9,0.11999441886423888,0.5000000000019256,0
1358,0.48231966053748243,0.9,0.17901493,0.37059047745314855,0.017037086854284456
1359,0.48153386767248163,0.9,0.26663876098786105,0.24999999999993722,0.066987298
1360,0.48247681911048224,0.9,0.37728477745221156,0.14644660940854098,0.1464466094049115
1361,0.49080622347949143,0.9,0.4134226315055114,0.066987298,0.24999999999549205
1362,0.49614961496149634,0.9,0.46239709780940424,0.017037087,0.3705904774481907
1363,0.49913562784849885,0.9,0.5364866750383703,0,0.49999999999679273
1364,0.5091937765205095,0.9,0.529510255,0.017037086853952776,0.6294095225456134
1365,0.5030645921735029,0.9,0.5639737686619227,0.066987298,0.7499999999989528
1366,0.5021216407355023,0.9,0.5736012278498674,0.14644660940400522,0.8535533905905528
1367,0.49819267641049825,0.9,0.5221152504534673,0.2499999999943821,0.9330127018889758
1368,0.49709256639949695,0.9,0.6354123064043533,0.37059047744695267,0.9829629131440554
1369,0.49489234637749524,0.9,0.5526719687456397,0.4999999999955111,1
1370,0.48860600345748884,0.01,0.3795172317566625,0.6294095225514035,0.9829629131444958
1371,0.48121955052648113,0.75,0.3008232175247663,0.7499999999978428,0.9330127018934647
1372,0.4677039132484677,0.75,0.3034742570113018,0.8535533905896464,0.853553391
1373,0.4686468646864683,0.9,0.2729175387191294,0.9330127018919729,0.7500000000004268
1374,0.4719471947194722,0.01,0.17371285056508998,0.9829629131437236,0.6294095225542853
1375,0.4656608517994658,0.01,0.10269289800474397,1,0.5000000000057706
1376,0.4573314474304575,0.9,0.065438817,0.9829629131448275,0.37059047744983453
1377,0.4441301272984437,0.01,0.05036975,0.9330127018941056,0.25000000000326705
1378,0.4450730787364452,0.01,0.030556718,0.8535533905978073,0.1464466094112598
1379,0.4461731887474456,0.01,0.02609181,0.7500000000015367,0.066987298
1380,0.4508879459374513,0.01,0.053578903,0.6294095225555234,0.017037086856608097
1381,0.4499449944994498,0.01,0.11036695967629413,0.4999999999997763,0
1382,0.4541882759704552,0.01,0.1653411469233989,0.37059047745107254,0.017037086854840733
1383,0.458274399,0.01,0.24696525742988698,0.25000000000437705,0.066987298
1384,0.4677039132484677,0.01,0.32063624947676855,0.1464466094070212,0.14644660940643128
1385,0.48137670909948094,0.4,0.406306683,0.066987298,0.24999999999735334
1386,0.507465032,0.05,0.4780242779405609,0.017037087,0.3705904774432387
1387,0.5305673424485309,0.01,0.5250453467280591,0,0.5
1388,0.5516265912305518,0.01,0.522673364,0.017037086854508998,0.6294095225476894
1389,0.5630991670595642,0.05,0.5448583786800614,0.066987298,0.7499999999945131
1390,0.5703284614175703,0.01,0.5416492256174131,0.146446609,0.8535533905920725
1391,0.5662423385195665,0.05,0.5383005441607367,0.2499999999962434,0.9330127018900505
1392,0.5434543454345442,0.05,0.5290916701548765,0.37059047744902873,0.9829629131446116
1393,0.508093667,0.05,0.5027208036835495,0.49999999999766037,1
1394,0.48247681911048224,0.05,0.4070043253802149,0.6294095225464514,0.9829629131458226
1395,0.4667609618104662,0.05,0.33975163945862985,0.7499999999997042,0.9330127018923902
1396,0.4645607417884645,0.4,0.3144970001395284,0.8535533905911663,0.8535533905953813
1397,0.4573314474304575,0.01,0.30528812613366824,0.9330127018894097,0.7500000000048666
1398,0.4530881659594539,0.01,0.2038509836751779,0.9829629131442799,0.6294095225522093
1399,0.4477447744774481,0.01,0.11943630528812614,1,0.5000000000036213
1400,0.4446016030174449,0.01,0.081484582,0.9829629131461544,0.37059047745478657
1401,0.4392582115354391,0.9,0.058043812,0.933012702,0.25000000000140576
1402,0.434071979,0.4,0.027068508441467836,0.8535533905962875,0.14644660940974003
1403,0.4351720886374353,0.9,0.02609181,0.7499999999996754,0.066987298
1404,0.4383152600974385,0.75,0.049672108274033774,0.6294095225534473,0.017037087
1405,0.4362721986484366,0.9,0.10450676712711038,0.5,0
1406,0.4372151500864372,0.9,0.15766708525184875,0.37059047744899654,0.017037087
1407,0.4457017130284462,0.9,0.23650062787777312,0.25000000000251565,0.066987298
1408,0.4529310073864532,0.9,0.30766010883214734,0.1464466094106463,0.14644660940280618
1409,0.4645607417884645,0.9,0.3904004464908609,0.066987298,0.24999999999921468
1410,0.4802765990884805,0.9,0.4328170782754291,0.017037086856383554,0.3705904774453147
1411,0.49709256639949695,0.9,0.529510255,0,0.49999999999381534
1412,0.49709256639949695,0.9,0.5712292451513883,0.017037086855065275,0.6294095225497655
1413,0.5054219707685061,0.9,0.6136458769359564,0.066987298,0.7499999999963743
1414,0.515951595,0.9,0.6181107855448583,0.14644660940704474,0.8535533905935924
1415,0.5242809995285245,0.9,0.608762383,0.24999999999810468,0.9330127018911251
1416,0.5283671224265283,0.9,0.5377424305846239,0.3705904774440767,0.9829629131432847
1417,0.5410969668395409,0.9,0.5049532579880005,0.4999999999998096,1
1418,0.5442401382995441,0.9,0.42849169806055537,0.6294095225485274,0.9829629131452664
1419,0.5484834197705495,0.9,0.3691921305985768,0.7499999999952643,0.9330127018949534
1420,0.5516265912305518,0.9,0.26956885726245294,0.853553391,0.8535533905938615
1421,0.5599559955995601,0.9,0.1762243616575973,0.9330127018904842,0.7500000000030052
1422,0.56718529,0.9,0.10394865355099764,0.9829629131429529,0.6294095225571613
1423,0.5714285714285716,0.9,0.047579182,1,0.5
1424,0.5756718528995761,0.9,0.026649923,0.9829629131455981,0.3705904774527105
1425,0.577714914,0.9,0.017720106041579458,0.9330127018919563,0.24999999999954442
1426,0.5851013672795857,0.9,0.025812753,0.8535533905947679,0.1464466094082203
1427,0.5965739431085972,0.9,0.09641412,0.7500000000041152,0.066987298
1428,0.606003457,0.9,0.34826287149434915,0.6294095225513713,0.017037086855495542
1429,0.6122898004086132,0.9,0.7341984093763081,0.5000000000027537,0
1430,0.6228194247996233,0.75,0.8494488628435887,0.3705904774539485,0.017037086854070127
1431,0.6280056577086284,0.75,0.7208036835496023,0.2500000000006544,0.066987298
1432,0.6353921106396352,0.9,0.6089019115389982,0.14644660940912657,0.1464466094043259
1433,0.6385352820996384,0.9,0.5496023440770197,0.066987298,0.24999999999477485
1434,0.6258054376866258,0.9,0.518906097,0.017037086855827277,0.3705904774473907
1435,0.6196762533396201,0.9,0.5362076182503139,0,0.4999999999959646
1436,0.6228194247996233,0.9,0.5539277242918934,0.017037086855621553,0.6294095225518415
1437,0.6165330818796169,0.9,0.5992744523510534,0.066987298,0.7499999999982356
1438,0.6185761433286188,0.75,0.6771312962187805,0.14644660940341964,0.8535533905899672
1439,0.6102467389596113,0.9,0.801451095,0.24999999999996603,0.9330127018921996
1440,0.6019173345906021,0.9,0.7291753871912934,0.3705904774461527,0.982962913
1441,0.587615904,0.9,0.5141621319938607,0.4999999999946829,1
1442,0.5728429985855725,0.75,0.3418445653690526,0.6294095225506036,0.9829629131447102
1443,0.5588558855885588,0.75,0.26552253383563557,0.7499999999971256,0.9330127018938787
1444,0.5462832,0.4,0.23691921305985766,0.8535533905890609,0.8535533905974866
1445,0.5263240609775264,0.01,0.16045765313241245,0.9330127018915588,0.75
1446,0.5148514851485149,0.4,0.099483745,0.9829629131435093,0.6294095225550853
1447,0.517994657,0.9,0.048974466,1,0.49999999999932276
1448,0.5117083136885117,0.9,0.029300962745918795,0.9829629131450419,0.3705904774506345
1449,0.5040075436115043,0.9,0.016743407,0.9330127018945196,0.25000000000398426
1450,0.5000785792865003,0.75,0.029719548,0.853553391,0.1464466094067005
1451,0.49599245638849654,0.9,0.10534393749127947,0.7500000000022539,0.066987298
1452,0.49709256639949695,0.9,0.36179712571508305,0.6294095225563232,0.017037087
1453,0.49489234637749524,0.9,0.7588949351192967,0.5000000000006044,0
1454,0.49709256639949695,0.9,0.8652155713687735,0.37059047745187246,0.017037086854626404
1455,0.49599245638849654,0.9,0.7311287847076879,0.25000000000509426,0.066987298
1456,0.49599245638849654,0.9,0.6647132691502721,0.1464466094076068,0.1464466094058457
1457,0.49599245638849654,0.9,0.5667643365424864,0.066987298,0.2499999999966362
1458,0.5021216407355023,0.9,0.5837868006139249,0.017037087,0.3705904774424387
1459,0.5096652522395098,0.9,0.6167155016045766,0,0.4999999999981139
1460,0.5106082036775113,0.9,0.6006697362913352,0.017037087,0.6294095225468895
1461,0.5117083136885117,0.9,0.6451792939863262,0.066987298,0.75
1462,0.5117083136885117,0.9,0.7319659550718571,0.14644660940493942,0.8535533905914869
1463,0.5099795693855103,0.9,0.829356774,0.2499999999955262,0.9330127018896364
1464,0.5106082036775113,0.9,0.7565229524208176,0.37059047744822876,0.9829629131443973
1465,0.5085651422285085,0.9,0.5447188502860332,0.4999999999968322,1
1466,0.5096652522395098,0.9,0.3758894935119297,0.6294095225456515,0.982962913
1467,0.5096652522395098,0.9,0.3005441607367099,0.75,0.9330127018928042
1468,0.5104510451045106,0.9,0.2927305706711316,0.8535533905905807,0.8535533905959669
1469,0.504950495,0.9,0.17496860611134366,0.9330127018889955,0.7500000000055838
1470,0.5011786892975008,0.9,0.09641412,0.9829629131440656,0.6294095225530092
1471,0.49709256639949695,0.9,0.05385796,1,0.5000000000044494
1472,0.5000785792865003,0.9,0.033347286,0.9829629131444856,0.37059047744855844
1473,0.49913562784849885,0.9,0.022464071,0.9330127018934451,0.25000000000212297
1474,0.49913562784849885,0.9,0.027347565229524206,0.8535533905968732,0.1464466094103256
1475,0.49394939493949375,0.9,0.10534393749127947,0.7500000000003926,0.066987298
1476,0.49394939493949375,0.9,0.3555183479838147,0.6294095225542472,0.017037086856266204
1477,0.49394939493949375,0.9,0.7411748290777173,0.5000000000057312,0
1478,0.49394939493949375,0.9,0.7669875819729315,0.37059047744979645,0.017037087
1479,0.49599245638849654,0.9,0.7768940979489326,0.2500000000032329,0.066987298
1480,0.5021216407355023,0.9,0.6613645876935956,0.1464466094112319,0.1464466094022206
1481,0.504950495,0.9,0.5609041439933026,0.066987298,0.24999999999849748
1482,0.5109225208235109,0.9,0.5759732105483466,0.017037086856597883,0.3705904774445148
1483,0.5187804494735189,0.9,0.6149016324822101,0,0.5000000000002631
1484,0.5222379380795226,0.9,0.6185293707269429,0.017037086854850947,0.6294095225489655
1485,0.5200377180575209,0.9,0.6405748569833961,0.066987298,0.7499999999956571
1486,0.516737388,0.9,0.721361797,0.14644660940645915,0.8535533905930066
1487,0.5118654722615115,0.9,0.8142877075484861,0.24999999999738753,0.9330127018907111
1488,0.509508094,0.9,0.7704757918236361,0.3705904774432768,0.9829629131430704
1489,0.5096652522395098,0.9,0.5747174550020929,0.4999999999989815,1
1490,0.508879459,0.9,0.40002790567880564,0.6294095225477275,0.9829629131454808
1491,0.5060506050605063,0.9,0.3200781359006558,0.7499999999945471,0.9330127018953676
1492,0.5065220807795066,0.9,0.2949630249755826,0.8535533905921004,0.8535533905944471
1493,0.507465032,0.9,0.19017720106041577,0.9330127018900702,0.7500000000037225
1494,0.5065220807795066,0.9,0.11971536207618251,0.9829629131446218,0.6294095225509332
1495,0.5030645921735029,0.9,0.06167155,1,0.5000000000023002
1496,0.5011786892975008,0.9,0.028742849169806056,0.9829629131458124,0.3705904774535105
1497,0.49724972497249675,0.9,0.020092088740058602,0.9330127018923704,0.2500000000002617
1498,0.49489234637749524,0.9,0.032231059,0.8535533905953534,0.14644660940880583
1499,0.49426371208549424,0.9,0.10311148318682853,0.7500000000048324,0.066987298
1500,0.49426371208549424,0.9,0.3599832565927166,0.6294095225521712,0.017037086855709926
1501,0.49426371208549424,0.9,0.7660108832147342,0.5000000000035819,0
1502,0.49222065063649234,0.9,0.8721919910701827,0.3705904774547485,0.017037087
1503,0.49426371208549424,0.9,0.7505232314776057,0.25000000000137157,0.066987298
1504,0.5013358478705023,0.9,0.665410911,0.1464466094097121,0.14644660940374032
1505,0.5021216407355023,0.9,0.5955071857122924,0.066987298,0.2500000000003588
1506,0.5091937765205095,0.9,0.6089019115389982,0.017037086856041606,0.3705904774465908
1507,0.5090366179475088,0.9,0.6460164643504953,0,0.49999999999513645
1508,0.5117083136885117,0.9,0.6486675038370308,0.017037086855407224,0.6294095225510415
1509,0.512808424,0.9,0.6934561183200781,0.066987298,0.7499999999975184
1510,0.5106082036775113,0.9,0.7967071299009348,0.14644660940283405,0.8535533905893815
1511,0.5085651422285085,0.9,0.8889353983535649,0.24999999999924888,0.9330127018917856
1512,0.5033789093195042,0.9,0.8366122505929956,0.3705904774453528,0.9829629131436266
1513,0.49913562784849885,0.9,0.5885307660108832,0.4999999999938548,1
1514,0.49520666352349485,0.9,0.39486535509976284,0.6294095225498035,0.9829629131449245
1515,0.49127769919849085,0.9,0.32175247662899403,0.7499999999964085,0.9330127018942929
1516,0.48043375766148033,0.9,0.37254081205525325,0.8535533905936201,0.8535533905929273
1517,0.4794908062234797,0.9,0.24166317845681598,0.9330127018911448,0.7500000000018612
1518,0.4735187804494738,0.9,0.13645876935956466,0.9829629131432949,0.6294095225558852
1519,0.4708470847084718,0.9,0.080368355,1,0.5000000000001509
1520,0.4667609618104662,0.9,0.040742291,0.9829629131452562,0.3705904774514344
1521,0.4667609618104662,0.9,0.029021905957862425,0.9330127018949337,0.25000000000470146
1522,0.458274399,0.9,0.037812195,0.8535533905938337,0.14644660940728615
1523,0.458274399,0.9,0.093065439,0.7500000000029712,0.066987298
1524,0.4603174603174609,0.9,0.32440351611552953,0.6294095225571232,0.017037087
1525,0.458274399,0.9,0.7318264266778289,0.5000000000014326,0
1526,0.458274399,0.9,0.8466582949630249,0.37059047745267243,0.017037086854412076
1527,0.4593745088794594,0.9,0.7739640016743407,0.24999999999951028,0.066987298
1528,0.4634606317774641,0.9,0.6984791405050927,0.14644660940819237,0.1464466094052601
1529,0.609932422,0.4,0.594390959,0.066987298,0.25
1530,0.4667609618104662,0.9,0.688851681,0.017037087,0.37059047744866686
1531,0.4706899261354702,0.9,0.758336822,0,0.4999999999972857
1532,0.4706899261354702,0.9,0.7541509697223384,0.017037087,0.6294095225460896
1533,0.4706899261354702,0.9,0.7667085251848751,0.066987298,0.7499999999993798
1534,0.4708470847084718,0.9,0.8241942235244872,0.14644660940435383,0.8535533905909014
1535,0.4658180103724656,0.9,0.9042835216966653,0.24999999999480899,0.9330127018892223
1536,0.4609460946094619,0.9,0.8491698060555323,0.37059047744742885,0.9829629131441829
1537,0.4620462046204623,0.9,0.666945723,0.49999999999600403,1
1538,0.4568599717114572,0.9,0.5306264824891865,0.6294095225518797,0.9829629131443682
1539,0.4540311173974536,0.9,0.42681735733221715,0.7499999999982698,0.9330127018932183
1540,0.4551312274084558,0.9,0.4438398214036557,0.853553391,0.8535533905965524
1541,0.4529310073864532,0.9,0.33877494070043257,0.9330127018922194,0.7499999999999998
1542,0.4529310073864532,0.9,0.24277940560904146,0.9829629131438512,0.6294095225538092
1543,0.4501021530724496,0.9,0.1527835914608623,1,0.5000000000052777
1544,0.4477447744774481,0.9,0.083019394,0.982962913,0.37059047744935836
1545,0.4461731887474456,0.9,0.059299567,0.9330127018938591,0.2500000000028402
1546,0.4480590916234477,0.9,0.040323706,0.8535533905974587,0.1464466094109112
1547,0.4468018230394466,0.9,0.041160876,0.7500000000011098,0.066987298
1548,0.4446016030174449,0.9,0.073670992,0.6294095225550471,0.017037086856480532
1549,0.4436586515794443,0.9,0.15780661364587692,0.49999999999928335,0
1550,0.4436586515794443,0.9,0.2568717734058881,0.37059047745059637,0.017037086854968353
1551,0.442558542,0.9,0.40309753034742574,0.2500000000039501,0.066987298
1552,0.4436586515794443,0.9,0.5027208036835495,0.1464466094066726,0.14644660940677984
1553,0.4446016030174449,0.9,0.5655085809962327,0.066987298,0.24999999999778028
1554,0.4510451045104511,0.9,0.6436444816520162,0.017037086856812267,0.3705904774437148
1555,0.4562313374194571,0.4,0.6842472443142179,0,0.5
1556,0.4609460946094619,0.4,0.7541509697223384,0.017037087,0.6294095225481656
1557,0.4686468646864683,0.01,0.7062927305706711,0.066987298,0.7499999999949399
1558,0.4686468646864683,0.4,0.6987581972931491,0.14644660940587356,0.8535533905924211
1559,0.4656608517994658,0.4,0.676712711,0.24999999999667033,0.933012702
1560,0.4589030331604591,0.9,0.7302916143435189,0.37059047744247686,0.9829629131428561
1561,0.4559170202734557,0.9,0.5998325659271662,0.4999999999981533,1
1562,0.4587458745874584,0.9,0.4618389842332915,0.6294095225469276,0.9829629131456952
1563,0.4589030331604591,0.9,0.3788195897865216,0.7500000000001311,0.9330127018921437
1564,0.4598459845984597,0.9,0.45039765592298037,0.8535533905915148,0.8535533905950328
1565,0.4647179003614643,0.9,0.3432398493093345,0.9330127018896561,0.7500000000044396
1566,0.4656608517994658,0.9,0.2535230919492117,0.9829629131444075,0.6294095225517331
1567,0.5923306616375927,0.01,0.081205525,1,0.5000000000031284
1568,0.4568599717114572,0.9,0.086228548,0.9829629131460269,0.3705904774543104
1569,0.4589030331604591,0.9,0.052741733,0.9330127018927845,0.2500000000009788
1570,0.4593745088794594,0.9,0.025533696,0.8535533905959389,0.14644660940939142
1571,0.4667609618104662,0.9,0.031114832,0.7500000000055496,0.066987298
1572,0.4677039132484677,0.75,0.038370308,0.6294095225529711,0.017037086855924255
1573,0.4686468646864683,0.9,0.087344775,0.5,0
1574,0.4716328775734717,0.9,0.13171480396260637,0.37059047744852036,0.017037087
1575,0.5680025145371679,0.4,0.7459187944746756,0.2500000000020888,0.066987298
1576,0.4771334276284773,0.9,0.3098925631365983,0.14644660941029775,0.14644660940315474
1577,0.609932422,0.4,0.594390959,0.066987298,0.24999999999964162
1578,0.48341977054848373,0.9,0.4753732384540254,0.017037087,0.3705904774457909
1579,0.48970611346849013,0.9,0.5367657318264266,0,0.49999999999430833
1580,0.49284928492849334,0.9,0.5829496302497558,0.017037086855192896,0.6294095225502416
1581,0.49709256639949695,0.9,0.5628575415096972,0.066987298,0.7499999999968012
1582,0.5011786892975008,0.9,0.6123901213897027,0.14644660940224852,0.853553391
1583,0.49913562784849885,0.9,0.5761127389423747,0.24999999999853167,0.9330127018913716
1584,0.5000785792865003,0.9,0.5470908329845123,0.37059047744455287,0.9829629131434123
1585,0.49819267641049825,0.9,0.42486395981582253,0.5000000000003025,1
1586,0.5000785792865003,0.9,0.42025952281289247,0.6294095225490036,0.9829629131451388
1587,0.5021216407355023,0.9,0.29593972373377986,0.7499999999956912,0.933012702
1588,0.49426371208549424,0.9,0.25659271661783173,0.8535533905930346,0.853553391
1589,0.49426371208549424,0.9,0.1727361518068927,0.9330127018907307,0.7500000000025784
1590,0.48970611346849013,0.4,0.10757639179573043,0.9829629131430806,0.6294095225566851
1591,0.47917648907747923,0.01,0.056509,1,0.5000000000009791
1592,0.4719471947194722,0.01,0.028603321,0.9829629131454706,0.37059047745223433
1593,0.4519880559484517,0.01,0.020650202316171342,0.9330127018953478,0.25000000000541867
1594,0.4488448844884494,0.01,0.026649923,0.8535533905944193,0.1464466094078717
1595,0.4405154801194411,0.01,0.09557695,0.7500000000036883,0.066987298
1596,0.42039918277542077,0.01,0.3557974047718711,0.6294095225508951,0.017037086855367978
1597,0.42621405,0.01,0.7618250313938886,0.5000000000022607,0
1598,0.4350149300644355,0.01,0.8321473419840938,0.37059047745347234,0.017037086854197747
1599,0.4394153701084398,0.01,0.8154039347007116,0.2500000000002275,0.066987298
1600,0.4620462046204623,0.75,0.6843867727082461,0.14644660940877796,0.14644660940467447
1601,0.4777620619204783,0.9,0.6289940002790567,0.066987298,0.24999999999520173
1602,0.49174917491749204,0.9,0.6151806892702665,0.017037086855699712,0.3705904774478669
1603,0.6625019644821628,0.4,0.657876378,0,0.49999999999645756
1604,0.5060506050605063,0.9,0.6430863680759035,0.017037086853866013,0.6294095225452896
1605,0.5099795693855103,0.9,0.6891307381052044,0.066987298,0.7499999999986626
1606,0.5157944365865155,0.9,0.763638901,0.1464466094037682,0.8535533905903158
1607,0.517994657,0.9,0.8685642528254499,0.25,0.9330127018924462
1608,0.5190947666195194,0.9,0.8151248779126552,0.37059047744662893,0.9829629131439686
1609,0.515951595,0.9,0.5874145388586577,0.4999999999951759,1
1610,0.5168945465975168,0.9,0.4226315055113716,0.6294095225510797,0.9829629131445825
1611,0.512808424,0.4,0.33863541230640437,0.7499999999975526,0.9330127018936323
1612,0.5176803394625176,0.75,0.28031254360262314,0.8535533905894095,0.853553391
1613,0.5216093037875216,0.9,0.24361657597321054,0.9330127018918053,0.75
1614,0.5187804494735189,0.9,0.3114273754709084,0.9829629131436368,0.6294095225546091
1615,0.5189376080465196,0.9,0.067531743,1,0.5000000000061058
1616,0.500235738,0.9,0.043811915724850006,0.9829629131449142,0.37059047745015833
1617,0.480590916,0.9,0.023859355,0.9330127018942731,0.2500000000035574
1618,0.4771334276284773,0.9,0.035858797,0.8535533905928994,0.1464466094063519
1619,0.4656608517994658,0.9,0.10841356215989954,0.75,0.066987298
1620,0.4392582115354391,0.9,0.3712850565089996,0.6294095225558471,0.017037087
1621,0.42369951280842466,0.9,0.799079113,0.5000000000001115,0
1622,0.40201162973440274,0.9,0.8992604995116505,0.37059047745139634,0.017037087
1623,0.5680025145371679,0.4,0.7459187944746756,0.25000000000466727,0.066987298
1624,0.38519566242338543,0.9,0.7068508441467839,0.14644660940725823,0.14644660940619425
1625,0.609932422,0.4,0.594390959,0.066987298,0.24999999999706307
1626,0.3807952223793811,0.64,0.6352727780103251,0.017037086857026595,0.3705904774429149
1627,0.3807952223793811,0.75,0.643504953,0,0.49999999999860684
1628,0.38488134527738493,0.9,0.6430863680759035,0.017037087,0.6294095225473657
1629,0.39635392110639645,0.8,0.6905260220454862,0.066987298,0.7500000000005238
1630,0.39651107967939714,0.8,0.796149016,0.14644660940528798,0.8535533905918355
1631,0.39305359107339255,0.9,0.9067950327891726,0.24999999999595313,0.9330127018898828
1632,0.38613861386138604,0.9,0.8537742430584624,0.37059047744870494,0.9829629131445248
1633,0.38503850385038474,0.9,0.6149016324822101,0.4999999999973252,1
1634,0.3804809052333815,0.9,0.4124459327473141,0.6294095225461277,0.9829629131459094
1635,0.3804809052333815,0.9,0.34142598018696807,0.7499999999994139,0.9330127018925577
1636,0.3619361936193628,0.9,0.3057067113157528,0.8535533905909292,0.8535533905956183
1637,0.3608360836083615,0.9,0.2293846797823357,0.933012702,0.7500000000051568
1638,0.3587930221593596,0.9,0.2906376447607088,0.9829629131441932,0.629409523
1639,0.356592802,0.9,0.067531743,1,0.5000000000039565
1640,0.3556498506993555,0.9,0.038370308,0.982962913,0.37059047744808227
1641,0.3504636177903504,0.75,0.022324543044509555,0.9330127018931985,0.25000000000169603
1642,0.3451202263083455,0.75,0.035161155,0.8535533905965246,0.14644660940997706
1643,0.5716643092880713,0.01,0.10129761406446212,0.7499999999999656,0.066987298
1644,0.3388338833883391,0.9,0.3683549602344077,0.629409523,0.017037086856138584
1645,0.561999057,0.01,0.74019813,0.5000000000052381,0
1646,0.3430771648593436,0.9,0.7587554067252685,0.3705904774493203,0.017037086855310246
1647,0.3419770548483423,0.9,0.8507046183898423,0.25,0.066987298
1648,0.3371051390853368,0.9,0.7055950886005302,0.14644660941088333,0.14644660940256915
1649,0.3440201162973442,0.9,0.630668341,0.066987298,0.24999999999892442
1650,0.3576929121483574,0.75,0.6372261755267197,0.017037086856470318,0.37059047744499096
1651,0.6625019644821628,0.4,0.657876378,0,0.49999999999348016
1652,0.3625648279113629,0.9,0.6757360122784987,0.017037086854978567,0.6294095225494417
1653,0.3619361936193628,0.9,0.7262452909167015,0.066987298,0.75
1654,0.3644507307873641,0.9,0.7876377842891028,0.1464466094068077,0.8535533905933552
1655,0.3558070092723553,0.75,0.8777731268313101,0.24999999999781441,0.9330127018909575
1656,0.3514065692283519,0.9,0.8413562159899539,0.37059047744375295,0.982962913
1657,0.3449630677353448,0.4,0.6047160597181526,0.4999999999994744,1
1658,0.3378909319503376,0.9,0.44132831031114833,0.6294095225482037,0.9829629131453532
1659,0.3356907119283359,0.9,0.3669596762941259,0.75,0.9330127018951211
1660,0.3356907119283359,0.9,0.33444956048555885,0.8535533905924491,0.8535533905940985
1661,0.3345906019173346,0.9,0.20119994418864237,0.9330127018903167,0.7500000000032955
1662,0.33364765,0.9,0.12655225338356355,0.9829629131428663,0.6294095225574851
1663,0.33364765,0.9,0.080647412,1,0.5000000000018072
1664,0.33364765,0.9,0.042835217,0.982962913,0.3705904774530343
1665,0.3334904919063342,0.9,0.044090972512906376,0.9330127018921239,0.2499999999998347
1666,0.3385195662423386,0.9,0.05302079,0.8535533905950048,0.14644660940845733
1667,0.3429200062863429,0.9,0.12585461141342263,0.7500000000044055,0.066987298
1668,0.3471632877573474,0.75,0.37979628854471886,0.629409523,0.017037086855582306
1669,0.349363508,0.01,0.7558253104506767,0.5000000000030889,0
1670,0.3534496306773538,0.01,0.8377284777452211,0.37059047745427226,0.017037086853983363
1671,0.356592802,0.4,0.8121947816380634,0.2500000000009447,0.066987298
1672,0.3616218764733614,0.4,0.7203850983675177,0.14644660940936355,0.14644660940408888
1673,0.3792236366493795,0.75,0.6395981582251988,0.066987298,0.24999999999448458
1674,0.39226779820839264,0.9,0.6471326915027208,0.017037087,0.37059047744706697
1675,0.39698255539839655,0.9,0.6566206222966373,0,0.49999999999562944
1676,0.40154015401540155,0.9,0.6796428073112878,0.017037087,0.6294095225515177
1677,0.40059720257740095,0.9,0.7057346169945584,0.066987298,0.7499999999979454
1678,0.39446801823039523,0.9,0.787777313,0.14644660940318266,0.8535533905897301
1679,0.38708156529938664,0.9,0.9095856006697363,0.24999999999967576,0.9330127018920321
1680,0.38126669809838143,0.9,0.8311706432258964,0.37059047744582896,0.9829629131437543
1681,0.3773377337733774,0.9,0.610994837,0.49999999999434774,1
1682,0.3734087694483734,0.9,0.4533277521975722,0.6294095225502797,0.9829629131447969
1683,0.3702655979883702,0.9,0.37547090832984514,0.7499999999968354,0.9330127018940464
1684,0.3587930221593596,0.4,0.33961211106460165,0.853553391,0.8535533905977237
1685,0.3498349834983494,0.4,0.2632900795311846,0.9330127018913913,0.7500000000014342
1686,0.3470061291843476,0.9,0.14427235942514302,0.9829629131434225,0.629409523
1687,0.3391482005343396,0.9,0.075205804,1,0.49999999999965794
1688,0.3283042589973282,0.9,0.037533138,0.9829629131451286,0.37059047745095824
1689,0.3193462203363189,0.9,0.029161434,0.9330127018946872,0.2500000000042745
1690,0.31353135313531366,0.9,0.038370308,0.8535533905934851,0.14644660940693754
1691,0.31148829168631176,0.9,0.099483745,0.7500000000025442,0.066987298
1692,0.31683168316831756,0.9,0.3404492814287708,0.6294095225566471,0.017037087
1693,0.31258840169731217,0.9,0.7551276684805358,0.5000000000009396,0
1694,0.30960238881030966,0.9,0.8540532998465188,0.37059047745219625,0.017037087
1695,0.30425899732830475,0.01,0.7556857820566485,0.2500000000053845,0.066987298
1696,0.29671538582429635,0.01,0.6934561183200781,0.14644660940784382,0.14644660940560866
1697,0.30771648593430845,0.4,0.6245290916701548,0.066987298,0.24999999999634587
1698,0.32201791607732266,0.9,0.6891307381052044,0.017037086855357764,0.370590477
1699,0.3345906019173346,0.75,0.7209432119436305,0,0.49999999999777867
1700,0.3388338833883391,0.4,0.7216408539137714,0.017037087,0.6294095225465658
1701,0.340876945,0.75,0.7686619227012697,0.066987298,0.7499999999998067
1702,0.3419770548483423,0.9,0.8257290358587972,0.1464466094047024,0.8535533905912499
1703,0.3352192362093356,0.75,0.8928421933863541,0.24999999999523592,0.9330127018894687
1704,0.32736130755932846,0.01,0.8342402678945166,0.370590477,0.9829629131443105
1705,0.31997485462831987,0.75,0.6853634714664434,0.5,1
1706,0.31588873173031606,0.75,0.5152783591460862,0.6294095225453278,0.9829629131461237
1707,0.30535910733930516,0.9,0.4120273475652296,0.7499999999986967,0.9330127018929717
1708,0.29907276441929964,0.9,0.4524905818334031,0.8535533905903436,0.8535533905962038
1709,0.28901461574728904,0.4,0.6063904004464908,0.9330127018924659,0.7499999999995729
1710,0.28209963853528164,0.75,0.2701269708385657,0.9829629131439788,0.6294095225533329
1711,0.2835140656922843,0.9,0.14078414957443838,1,0.5000000000047846
1712,0.2663837812352665,0.75,0.084833264,0.9829629131445723,0.3705904774488822
1713,0.2555398396982551,0.01,0.057206642,0.9330127018936126,0.25000000000241324
1714,0.2498821310702506,0.01,0.035161155,0.8535533905971102,0.14644660941056264
1715,0.2413955681282416,0.01,0.040044649086089026,0.7500000000006828,0.066987298
1716,0.2310231023102305,0.01,0.08078694,0.6294095225545709,0.017037086856352912
1717,0.22080779506522097,0.01,0.1459467001534812,0.5000000000060664,0
1718,0.21829325789721787,0.2,0.24124459327473138,0.3705904774501202,0.017037086855095918
1719,0.21735030645921816,0.01,0.37840100460443704,0.2500000000035232,0.066987298
1720,0.22772277227722748,0.75,0.5103948653550997,0.14644660940632404,0.14644660940712845
1721,0.2379380795222379,0.9,0.5557415934142598,0.066987298,0.2499999999982072
1722,0.2519251925192525,0.75,0.6155992744523511,0.017037086856684647,0.37059047744419105
1723,0.2665409398082672,0.01,0.6656899679084693,0,0.49999999999992795
1724,0.28099952852428123,0.75,0.6545276963862146,0.017037086854764183,0.6294095225486418
1725,0.28697155429828713,0.9,0.690386494,0.066987298,0.7499999999953668
1726,0.29058620147729064,0.9,0.6235523929119575,0.14644660940622217,0.8535533905927697
1727,0.29058620147729064,0.9,0.5475094181665968,0.24999999999709727,0.9330127018905434
1728,0.28744303001728744,0.9,0.5897865215571368,0.37059047744295304,0.9829629131429836
1729,0.29058620147729064,0.9,0.6093204967210827,0.4999999999986463,1
1730,0.29278642149929235,0.9,0.38928421933863544,0.6294095225474038,0.9829629131455675
1731,0.29687254439729704,0.9,0.3072415236500628,0.75,0.9330127018918971
1732,0.29907276441929964,0.9,0.3322171061811079,0.8535533905918634,0.8535533905946842
1733,0.29797265440829834,0.9,0.38649365145807174,0.9330127018899026,0.7500000000040128
1734,0.30268741159830226,0.9,0.3267754988140087,0.982962913,0.6294095225512569
1735,0.30850227879930836,0.9,0.135203014,1,0.5000000000026353
1736,0.31447430457331427,0.9,0.080647412,0.9829629131458992,0.3705904774538342
1737,0.31541725601131576,0.9,0.058322869,0.933012702,0.2500000000005519
1738,0.3193462203363189,0.9,0.030417189898144275,0.8535533905955903,0.14644660940904286
1739,0.325161088,0.9,0.028603321,0.7500000000051226,0.066987298
1740,0.32736130755932846,0.9,0.044928142877075486,0.6294095225524949,0.017037086855796635
1741,0.3283042589973282,0.9,0.084833264,0.5000000000039171,0
1742,0.3325475404683327,0.9,0.097390819,0.3705904774480442,0.017037086855652195
1743,0.33364765,0.9,0.15027208036835496,0.25000000000166184,0.066987298
1744,0.333019016,0.9,0.22966373657039207,0.14644660940994914,0.14644660940350335
1745,0.3430771648593436,0.9,0.2920329287009907,0.066987298,0.2500000000000685
1746,0.3534496306773538,0.9,0.3485419282824055,0.017037087,0.37059047744626705
1747,0.356592802,0.9,0.39388865634156556,0,0.49999999999480127
1748,0.3644507307873641,0.9,0.4325380214873727,0.017037087,0.6294095225507178
1749,0.3660223165173666,0.9,0.4783033347286173,0.066987298,0.7499999999972282
1750,0.3660223165173666,0.9,0.46225756941537605,0.14644660940259702,0.8535533905891446
1751,0.3650793650793651,0.9,0.4328170782754291,0.2499999999989586,0.9330127018916181
1752,0.3597359735973593,0.9,0.40546951304590484,0.37059047744502904,0.9829629131435399
1753,0.3547068992613549,0.9,0.3364029580019534,0.49999999999351963,1
1754,0.3518780449473513,0.9,0.3626342960792521,0.6294095225494798,0.9829629131450113
1755,0.3430771648593436,0.9,0.41398074508162414,0.7499999999961182,0.9330127018944605
1756,0.3232751846613229,0.4,0.22408260080926468,0.8535533905933832,0.8535533905931644
1757,0.31887474461731946,0.01,0.18250313938886562,0.9330127018909773,0.7500000000021514
1758,0.30425899732830475,0.4,0.11399469792102694,0.9829629131432082,0.629409523
1759,0.28995756718528964,0.9,0.082042696,1,0.5000000000004862
1760,0.28398554141128374,0.75,0.056927585,0.982962913,0.3705904774517582
1761,0.2723558070092733,0.9,0.037254081,0.9330127018951013,0.2500000000049918
1762,0.2497249724972499,0.4,0.070601367,0.8535533905940706,0.14644660940752313
1763,0.2379380795222379,0.9,0.1361797125715083,0.7500000000032614,0.066987298
1764,0.22615118654722588,0.9,0.3601227849867448,0.629409523,0.017037086857123518
1765,0.21515008643721556,0.9,0.6454583507743825,0.5000000000017678,0
1766,0.20744931636020736,0.9,0.5843449141900376,0.37059047745299617,0.017037086854325312
1767,0.20053433914820085,0.9,0.6175526719687456,0.24999999999980055,0.066987298
1768,0.19739116768819764,0.4,0.6845263011022743,0.1464466094084294,0.14644660940502308
1769,0.19361936193619433,0.4,0.599693038,0.066987298,0.24999999999562872
1770,0.20336319346220355,0.75,0.5871354820706013,0.017037086855572092,0.37059047744834306
1771,0.21907905076221867,0.4,0.6026231338077298,0,0.49999999999695055
1772,0.23086594373723068,0.4,0.6203432398493093,0.017037086853993577,0.6294095225457659
1773,0.2446958981612446,0.75,0.6372261755267197,0.066987298,0.7499999999990895
1774,0.2545968882602545,0.9,0.7290358587972652,0.1464466094041168,0.8535533905906643
1775,0.2550683639792557,0.9,0.7914050509278638,0.24999999999451872,0.9330127018890547
1776,0.2545968882602545,0.9,0.70545556,0.3705904774471051,0.9829629131440962
1777,0.2497249724972499,0.4,0.5387191293428212,0.49999999999566885,1
1778,0.2407669338362406,0.75,0.3721222268731687,0.6294095225515559,0.9829629131444549
1779,0.23008015087222988,0.01,0.3142179433514721,0.7499999999979795,0.9330127018933858
1780,0.22143642935722196,0.4,0.2715222547788475,0.8535533905897581,0.8535533905967895
1781,0.21232123212321197,0.01,0.1799916282963583,0.9330127018920519,0.75
1782,0.20053433914820085,0.01,0.10590205106739221,0.9829629131437645,0.629409523
1783,0.19471947194719474,0.01,0.071438538,1,0.5000000000056128
1784,0.18293257897218362,0.01,0.053299847,0.9829629131447867,0.3705904774496821
1785,0.16910262454816927,0.01,0.038091252,0.9330127018940266,0.2500000000031304
1786,0.1554298286971556,0.01,0.045346728,0.8535533905976957,0.14644660941114823
1787,0.142699984,0.01,0.126133668,0.75,0.066987298
1788,0.13091309130913098,0.01,0.3790986465745779,0.629409523,0.017037086856567296
1789,0.12195505264812212,0.01,0.7715920189758616,0.4999999999996185,0
1790,0.12101210121012151,0.01,0.8339612111064602,0.37059047745092016,0.017037087
1791,0.12085494263712127,0.05,0.7753592856146225,0.2500000000042404,0.066987298
1792,0.13248467703913258,0.01,0.7265243477047579,0.14644660940690962,0.14644660940654286
1793,0.1648593430771652,0.05,0.6041579461420399,0.066987298,0.25
1794,0.19361936193619433,0.01,0.6320636249476769,0.017037086856898975,0.3705904774433911
1795,0.22599402797422607,0.01,0.6197851262731966,0,0.49999999999909983
1796,0.2487820210592493,0.01,0.6490860890191154,0.017037086854549854,0.6294095225478419
1797,0.2539682539682544,0.05,0.6827124319799078,0.066987298,0.7499999999946496
1798,0.2561684739902561,0.01,0.7446630389284219,0.14644660940563659,0.8535533905921842
1799,0.23283042589973268,0,0.8543323566345751,0.24999999999638006,0.9330127018901293
1800,0.1811566870972814,0,0.7943351472024557,0.3705904774491811,0.9829629131446525
1801,0.1811566870972814,0,0.5653690526022045,0.49999999999781813,1
1802,0.1811566870972814,0,0.4230500906934561,0.6294095225466039,0.9829629131457819
1803,0.22898004086122858,0.4,0.3493790986465746,0.7499999999998408,0.9330127018923112
1804,0.2434386295772435,0.2,0.4104925352309195,0.8535533905912778,0.8535533905952697
1805,0.2613547068992612,0.01,0.5057904283521696,0.9330127018894885,0.7500000000047299
1806,0.2676410498192685,0.01,0.15236500627877772,0.9829629131443207,0.6294095225520568
1807,0.2728272827282727,0.01,0.066136459,1,0.5000000000034636
1808,0.2703127455602705,0.01,0.03739361,0.9829629131461135,0.37059047745463414
1809,0.2676410498192685,0.01,0.035719269,0.933012702,0.2500000000012691
1810,0.2663837812352665,0.01,0.052044090972512905,0.853553391,0.14644660940962845
1811,0.2643407197862646,0.01,0.12585461141342263,0.7499999999995387,0.066987298
1812,0.2624548169102625,0.01,0.3722617552671969,0.6294095225532949,0.017037087
1813,0.258211535,0.01,0.7781498534951863,0.5000000000047452,0
1814,0.247681911,0.01,0.8426119715362076,0.3705904774488441,0.017037086855437866
1815,0.23416627377023458,0.2,0.7654527696386214,0.2500000000023791,0.066987298
1816,0.22410812509822398,0.75,0.7202455699734895,0.14644660941053472,0.14644660940291776
1817,0.22316517366022337,0.4,0.6497837309892562,0.066987298,0.2499999999993513
1818,0.21845041647021946,0.75,0.6719687456397376,0.017037086856342698,0.37059047744546714
1819,0.22253653936822326,0.01,0.6740616715501604,0,0.4999999999939731
1820,0.23086594373723068,0.05,0.6411329705595088,0.017037087,0.6294095225499179
1821,0.23196605374823198,0.01,0.6899679084693735,0.066987298,0.75
1822,0.23510922520823607,0.01,0.7516394586298312,0.14644660940715631,0.8535533905937038
1823,0.22363664937922367,0.05,0.864099344,0.24999999999824135,0.933012702
1824,0.21216407355021216,0.01,0.8341007395004884,0.3705904774442291,0.9829629131433255
1825,0.20053433914820085,0.01,0.6232733361239012,0.4999999999999674,1
1826,0.19314788621719314,0.01,0.43030556718292173,0.6294095225486799,0.9829629131452255
1827,0.18686154329718674,0.01,0.3559369331658993,0.75,0.9330127018948746
1828,0.18591859185918613,0.01,0.32035719268871216,0.8535533905927976,0.853553391
1829,0.17806066320917813,0.4,0.23064043532858935,0.9330127018905632,0.7500000000028686
1830,0.17208863743517222,0.01,0.13897028,0.9829629131429938,0.6294095225570089
1831,0.16423070878516466,0.01,0.065578345,1,0.5000000000013143
1832,0.15763004871915776,0.01,0.031952002,0.9829629131455573,0.37059047745255813
1833,0.14364293572214404,0.01,0.022464071,0.9330127018918775,0.2499999999994078
1834,0.13657079993713683,0.01,0.034044928,0.8535533905946562,0.14644660940810866
1835,0.12682696841112717,0.01,0.10478582391516673,0.7500000000039786,0.066987298
1836,0.12289800408612317,0.01,0.3488209850704619,0.6294095225512188,0.017037087
1837,0.11771177117711806,0.01,0.7559648388447049,0.5000000000025959,0
1838,0.11142542825711166,0.01,0.8296358308915864,0.37059047745379614,0.017037086854110983
1839,0.10419613389910465,0.4,0.7648946560625087,0.2500000000005177,0.066987298
1840,0.10623919534810655,0.05,0.6954095158364727,0.146446609,0.1464466094044375
1841,0.13091309130913098,0.01,0.6211804102134784,0.066987298,0.24999999999491146
1842,0.15558698727015585,0.01,0.6679224222129203,0.017037087,0.37059047744754314
1843,0.18136099324218202,0.4,0.6814566764336543,0,0.4999999999961224
1844,0.20477762061920535,0.01,0.6892702664992326,0.017037087,0.6294095225449658
1845,0.20572057205720595,0.01,0.7406167155016046,0.066987298,0.7499999999983723
1846,0.19959138771019935,0.01,0.7918236361099483,0.1464466094035312,0.8535533905900787
1847,0.19157630048719243,0.01,0.9055392772429189,0.2500000000001027,0.9330127018922787
1848,0.19204777620619273,0.75,0.82098507,0.37059047744630513,0.9829629131438818
1849,0.19204777620619273,0.01,0.5955071857122924,0.49999999999484074,1
1850,0.19534810623919574,0.9,0.43756104367238735,0.6294095225507559,0.9829629131446693
1851,0.19739116768819764,0.9,0.389702805,0.7499999999972624,0.9330127018937999
1852,0.20163444915920214,0.9,0.3599832565927166,0.8535533905891725,0.8535533905973751
1853,0.20886374351720915,0.9,0.2920329287009907,0.9330127018916378,0.7500000000010072
1854,0.21499292786421487,0.9,0.15571368773545416,0.9829629131435501,0.6294095225549329
1855,0.21845041647021946,0.9,0.075066276,1,0.5
1856,0.22473675939022497,0.9,0.044928142877075486,0.9829629131450011,0.3705904774504821
1857,0.23526638378123588,0.9,0.028045207,0.9330127018944407,0.25000000000384764
1858,0.2465818010372467,0.9,0.034882099,0.8535533905931365,0.14644660940658893
1859,0.2497249724972499,0.9,0.098646575,0.7500000000021172,0.066987298
1860,0.5631934622033632,0.01,0.3652853355657877,0.6294095225561709,0.017037086856781625
1861,0.2519251925192525,0.9,0.6705734616994559,0.5000000000004466,0
1862,0.2566399497092573,0.9,0.7459187944746756,0.3705904774517201,0.017037087
1863,0.2577400597202586,0.9,0.6425282544997907,0.2500000000049576,0.066987298
1864,0.2712556969982711,0.9,0.6022045486256453,0.1464466094074952,0.14644660940595727
1865,0.2734559170202737,0.9,0.5701130179991628,0.066987298,0.2499999999967728
1866,0.28304258997328313,0.9,0.6422491977117343,0.017037087,0.37059047744259116
1867,0.28634292,0.9,0.6644342123622157,0,0.49999999999827166
1868,0.29278642149929235,0.9,0.6559229803264964,0.017037086854335526,0.629409523
1869,0.6817538896746815,0.75,0.6852239430724152,0.066987298,0.7500000000002336
1870,0.29388653151029365,0.9,0.6606669457234547,0.146446609,0.8535533905915985
1871,0.29262926292629254,0.9,0.5773684944886284,0.24999999999566286,0.9330127018897153
1872,0.28854314002828874,0.9,0.4462118041021348,0.3705904774483812,0.9829629131444382
1873,0.28807166430928843,0.9,0.3112878470768802,0.5,1
1874,0.28650007857928683,0.9,0.25017441049253525,0.629409523,0.9829629131459963
1875,0.28807166430928843,0.9,0.19952560346030415,0.7499999999991237,0.9330127018927252
1876,0.6248624862486252,0.4,0.36054137016882937,0.8535533905906922,0.8535533905958552
1877,0.28650007857928683,0.9,0.20594390958560066,0.9330127018890744,0.7500000000054471
1878,0.28964325003929003,0.9,0.13171480396260637,0.9829629131441064,0.6294095225528569
1879,0.28917177432028973,0.9,0.077577787,1,0.5000000000042917
1880,0.28807166430928843,0.9,0.043532858936793636,0.9829629131444448,0.370590477
1881,0.28932893289328954,0.9,0.033626343,0.933012702,0.2500000000019863
1882,0.27801351563727783,0.9,0.028463792381749686,0.8535533905967616,0.14644660941021403
1883,0.2712556969982711,0.9,0.030696246686200645,0.7500000000002559,0.066987298
1884,0.2571114254282576,0.9,0.069345612,0.6294095225540948,0.017037086856225347
1885,0.2511393996542517,0.9,0.11594809543742153,0.5000000000055733,0
1886,0.2376237623762374,0.9,0.15096972233849587,0.370590477,0.017037086855223538
1887,0.22882288228822878,0.9,0.191851542,0.2500000000030963,0.066987298
1888,0.22567971082822558,0.75,0.23998883772847776,0.14644660941112037,0.14644660940233212
1889,0.22787993085022817,0.9,0.2918934003069625,0.066987298,0.24999999999863415
1890,0.22898004086122858,0.9,0.3514720245569974,0.017037086856557082,0.3705904774446672
1891,0.2310231023102305,0.4,0.4230500906934561,0,0.5000000000004209
1892,0.23306616375923417,0.01,0.4498395423468676,0.017037086854891803,0.629409523
1893,0.22992299229923008,0.01,0.46225756941537605,0.066987298,0.7499999999957938
1894,0.22316517366022337,0.4,0.5610436723873308,0.14644660940657073,0.8535533905931183
1895,0.21420713499921407,0.01,0.5858797265243477,0.24999999999752415,0.9330127018907899
1896,0.19424799622819444,0.01,0.49937212222687316,0.3705904774434292,0.9829629131431112
1897,0.17790350463617832,0.01,0.45109529789312125,0.49999999999913924,1
1898,0.17130284457017142,0.01,0.35802985907632207,0.629409523,0.9829629131454399
1899,0.15354392582115395,0.01,0.2990093484023999,0.7499999999946838,0.9330127018952886
1900,0.13154172560113153,0.01,0.29984651876656904,0.8535533905922119,0.8535533905943355
1901,0.11708313688511751,0.01,0.30668341007395006,0.9330127018901491,0.7500000000035858
1902,0.097438315,0.01,0.2010604157946142,0.9829629131446627,0.6294095225507808
1903,0.085651422,0.01,0.11776196455978792,1,0.5000000000021424
1904,0.075907591,0.01,0.07729873,0.9829629131457717,0.37059047745335805
1905,0.061291843,0.01,0.050090693,0.9330127018922915,0.25000000000012496
1906,0.050447902,0.01,0.02776615,0.8535533905952418,0.1464466094086943
1907,0.035046362,0.01,0.022882656620622294,0.7500000000046958,0.066987298
1908,0.023573785950023574,0.01,0.048276824333751925,0.6294095225520188,0.017037087
1909,0.013044161559013112,0.01,0.095856007,0.5,0
1910,0.003614647,0.01,0.12892423608204268,0.37059047745459606,0.017037086853896655
1911,0,0.01,0.1882238035440212,0.25000000000123496,0.066987298
1912,0.5851013672795857,0.4,0.6615041160876238,0.14644660940960058,0.1464466094038519
1913,0.052648121955053195,0.05,0.4121668759592577,0.066987298,0.2500000000004955
1914,0.085965739,0.01,0.49574438398214044,0.017037086856000805,0.3705904774467432
1915,0.11142542825711166,0.05,0.42360820426956886,0,0.49999999999529426
1916,0.6719314788621715,0.5,0.6539695828101019,0.017037087,0.629409523
1917,0.12761276127612753,0.01,0.46379238174968607,0.066987298,0.7499999999976551
1918,0.12525538268112557,0.01,0.48430305567182924,0.14644660940294563,0.8535533905894932
1919,0.12195505264812212,0.01,0.5240686479698619,0.2499999999993855,0.9330127018918646
1920,0.1051390853371057,0.75,0.5024417468954931,0.3705904774455052,0.9829629131436675
1921,0.6724815338676717,0.4,0.6017859634435607,0.49999999999401257,1
1922,0.1073393053591074,0.05,0.33333333333333337,0.629409523,0.9829629131448836
1923,0.11409712399811456,0.01,0.2935677410353007,0.7499999999965451,0.933012702
1924,0.13122740845513148,0.01,0.2624529091670155,0.8535533905937318,0.8535533905928158
1925,0.15322960867515345,0.01,0.21710618110785543,0.9330127018912238,0.7500000000017244
1926,0.165645136,0.01,0.12836612250592994,0.9829629131433357,0.6294095225557328
1927,0.17020273455917057,0.01,0.042835217,1,0.4999999999999931
1928,0.17806066320917813,0.01,0.024975583,0.9829629131452153,0.37059047745128204
1929,0.18827597045418853,0.01,0.019673503557974047,0.9330127018948549,0.2500000000045648
1930,0.21499292786421487,0.01,0.025394167713129624,0.853553391,0.14644660940717452
1931,0.22850856514222917,0.01,0.091670155,0.7500000000028344,0.066987298
1932,0.24013829954424049,0.01,0.32719408399609323,0.6294095225569708,0.017037086856995953
1933,0.2632406097752633,0.9,0.7041998046602483,0.5000000000012749,0
1934,0.2723558070092733,0.9,0.7979628854471885,0.370590477,0.017037086854452932
1935,0.27911362564827913,0.4,0.7206641551555741,0.2500000000056748,0.066987298
1936,0.2802137356592813,0.4,0.646574578,0.14644660940808085,0.14644660940537163
1937,0.29812981298129904,0.01,0.5843449141900376,0.066987298,0.2499999999960556
1938,0.3418198962753416,0.01,0.6285754150969722,0.017037086855444528,0.37059047744881923
1939,0.3576929121483574,0.01,0.6467141063206362,0,0.4999999999974435
1940,0.3691654879773698,0.01,0.64727222,0.017037086854121197,0.6294095225462419
1941,0.37435172088637403,0.05,0.6940142318961908,0.066987298,0.7499999999995164
1942,0.3785950023573794,0.4,0.6733640295800195,0.1464466094044654,0.8535533905910129
1943,0.3639792550683647,0.01,0.6394586298311706,0.24999999999494565,0.9330127018893012
1944,0.3556498506993555,0.01,0.7616855029998605,0.3705904774475812,0.9829629131442237
1945,0.3520352035203529,0.01,0.5543463094739779,0.49999999999616185,1
1946,0.3691654879773698,0.01,0.38649365145807174,0.629409523,0.9829629131462105
1947,0.3699512808423706,0.01,0.3263569136319241,0.7499999999984065,0.9330127018931393
1948,0.38896746817538874,0.01,0.2677549881400865,0.8535533905901067,0.8535533905964409
1949,0.39431085965739454,0.75,0.20440909725129064,0.9330127018922983,0.7499999999998632
1950,0.39855414112839904,0.9,0.13255197432677548,0.9829629131438921,0.6294095225536567
1951,0.40578343548640605,0.01,0.069903725,1,0.5000000000051198
1952,0.40876944837340856,0.4,0.041439933,0.9829629131446591,0.3705904774492059
1953,0.42165645135942276,0.75,0.028324264,0.9330127018937802,0.2500000000027035
1954,0.42244224422442267,0.75,0.043811915724850006,0.8535533905973471,0.14644660941079968
1955,0.42778563570642847,0.9,0.1162271522254779,0.7500000000009731,0.066987298
1956,0.4362721986484366,0.01,0.35161155295102553,0.6294095225548948,0.017037086856439676
1957,0.4592173503064596,0.01,0.7441049253523092,0.5000000000064015,0
1958,0.4699041332704703,0.01,0.8211245988558672,0.37059047745044393,0.017037086855009154
1959,0.4708470847084718,0.01,0.7796846658294962,0.25000000000381345,0.066987298
1960,0.48546283199748563,0.01,0.7132691502720804,0.14644660940656107,0.14644660940689141
1961,0.49599245638849654,0.01,0.6508999581414817,0.066987298,0.24999999999791694
1962,0.5021216407355023,0.01,0.6757360122784987,0.017037087,0.37059047744386725
1963,0.507465032,0.01,0.6898283800753453,0,0.49999999999959277
1964,0.5107653622505111,0.01,0.6827124319799078,0.017037086854677475,0.6294095225483181
1965,0.5060506050605063,0.01,0.7185712292451514,0.066987298,0.7499999999950766
1966,0.49394939493949375,0.01,0.7404771871075764,0.14644660940598514,0.8535533905925327
1967,0.4782335376394786,0.01,0.8324263987721501,0.25,0.9330127018903758
1968,0.4637749489234637,0.01,0.7997767545695549,0.37059047744262924,0.9829629131428969
1969,0.4510451045104511,0.01,0.5985768103809125,0.49999999999831113,1
1970,0.4488448844884494,0.08,0.4371424584903028,0.629409523,0.9829629131456543
1971,0.4321860757504319,0.01,0.3735175108134506,0.7500000000002678,0.9330127018920646
1972,0.41945623133741927,0.01,0.5182084554206781,0.8535533905916264,0.8535533905949211
1973,0.40295458117240246,0.01,0.3940281847355937,0.933012702,0.75
1974,0.39399654251139404,0.01,0.15320217664294683,0.9829629131444484,0.6294095225515808
1975,0.40138299544240175,0.01,0.072833822,1,0.5000000000029705
1976,0.39211063963539194,0.4,0.041021348,0.982962913,0.37059047745415796
1977,0.39116768819739134,0.9,0.030696246686200645,0.9330127018927056,0.2500000000008422
1978,0.41159830268741127,0.75,0.033626343,0.8535533905958275,0.1464466094092799
1979,0.41945623133741927,0.4,0.10311148318682853,0.75,0.066987298
1980,0.4318717586044323,0.4,0.34114692339891173,0.6294095225528187,0.017037087
1981,0.4466446644664468,0.9,0.6089019115389982,0.5000000000042523,0
1982,0.4612604117554615,0.9,0.8218222408260081,0.3705904774483679,0.017037087
1983,0.4688040232594699,0.4,0.7459187944746756,0.2500000000019521,0.066987298
1984,0.4755618418984757,0.4,0.6783870517650341,0.1464466094101861,0.14644660940326631
1985,0.49080622347949143,0.75,0.6622017580577647,0.066987298,0.24999999999977823
1986,0.503536068,0.01,0.6892702664992326,0.017037086856215133,0.3705904774459433
1987,0.5189376080465196,0.01,0.7011301799916283,0,0.4999999999944661
1988,0.5315102938865315,0.9,0.7064322589646993,0.017037086855233752,0.6294095225503941
1989,0.5316674524595322,0.9,0.7276405748569834,0.066987298,0.7499999999969379
1990,0.5242809995285245,0.9,0.789312125,0.14644660940236004,0.8535533905889076
1991,0.5168945465975168,0.9,0.8463792381749686,0.2499999999986683,0.9330127018914505
1992,0.5137513751375136,0.9,0.7831728756802009,0.3705904774447053,0.9829629131434532
1993,0.5137513751375136,0.9,0.5862983117064322,0.5000000000004604,1
1994,0.5102938865315108,0.9,0.43072415236500633,0.629409523,0.982962913
1995,0.5011786892975008,0.4,0.36402958,0.7499999999958279,0.9330127018946281
1996,0.48734873487348684,0.4,0.35077438258685645,0.8535533905931462,0.8535533905934014
1997,0.4796479647964804,0.4,0.2729175387191294,0.9330127018908096,0.7500000000024416
1998,0.4573314474304575,0.75,0.1498534951862704,0.9829629131431215,0.6294095225565327
1999,0.4394153701084398,0.01,0.070880424,1,0.5000000000008213
2000,0.426842684,0.01,0.045346728,0.9829629131454297,0.37059047745208196
2001,0.41867043847241847,0.01,0.027208037,0.933012702,0.25
2002,0.40484048404840456,0.01,0.033068229,0.8535533905943077,0.14644660940776016
2003,0.39226779820839264,0.01,0.096135063,0.7500000000035516,0.066987298
2004,0.38220964953638203,0.01,0.32593832844983955,0.6294095225507427,0.017037087
2005,0.3752946723243755,0.01,0.712990093,0.5,0
2006,0.3660223165173666,0.01,0.7309892563136599,0.37059047745331997,0.017037086854238548
2007,0.366493792,0.01,0.6630389284219338,0.2500000000000908,0.066987298
2008,0.37435172088637403,0.01,0.6255057904283522,0.14644660940866638,0.1464466094047861
2009,0.39101052962439065,0.05,0.6298311706432259,0.066987298,0.24999999999533845
2010,0.4295143800094299,0.05,0.7097809404213757,0.017037086855658856,0.3705904774480193
2011,0.458274399,0.05,0.7217803823077996,0,0.4999999999966154
2012,0.48719157630048704,0.05,0.7255476489465605,0.017037087,0.6294095225454421
2013,0.5011786892975008,0.4,0.7474536068089856,0.066987298,0.7499999999987992
2014,0.508879459,0.4,0.7510813450537184,0.14644660940387982,0.8535533905904273
2015,0.5079365079365075,0.01,0.8465187665689967,0.2500000000005296,0.9330127018925252
2016,0.48766305201948823,0.01,0.7355936933165899,0.3705904774467813,0.9829629131440094
2017,0.4730473047304735,0.01,0.5869959536765732,0.4999999999953337,1
2018,0.4623605217664628,0.01,0.4589088879586996,0.6294095225512322,0.9829629131445417
2019,0.4549740688354551,0.01,0.3684944886284359,0.7499999999976892,0.9330127018935535
2020,0.4436586515794443,0.01,0.3652853355657877,0.853553391,0.8535533905970265
2021,0.4538739588244538,0.01,0.30668341007395006,0.9330127018918843,0.7500000000005803
2022,0.4530881659594539,0.01,0.18529370726942931,0.9829629131436777,0.6294095225544567
2023,0.4565456545654567,0.01,0.10101855727640575,1,0.5
2024,0.4532453245324537,0.01,0.048834937909864665,0.9829629131448734,0.37059047745000595
2025,0.4450730787364452,0.01,0.037672666,0.9330127018941943,0.2500000000034207
2026,0.4530881659594539,0.01,0.031533417050369744,0.8535533905927879,0.14644660940624038
2027,0.4538739588244538,0.01,0.063485419,0.7500000000016903,0.066987298
2028,0.4598459845984597,0.01,0.2239430724152365,0.6294095225556947,0.017037086856654005
2029,0.4644035832154647,0.01,0.46393191014371427,0.4999999999999537,0
2030,0.4719471947194722,0.01,0.4862564531882238,0.3705904774512439,0.017037086854794825
2031,0.4755618418984757,0.75,0.4670015348123343,0.2500000000045307,0.066987298
2032,0.48734873487348684,0.9,0.5447188502860332,0.1464466094071466,0.14644660940630583
2033,0.49803551783749844,0.9,0.5932747314078415,0.066987298,0.24999999999719974
2034,0.5000785792865003,0.9,0.638202874,0.017037087,0.3705904774430673
2035,0.49520666352349485,0.9,0.6757360122784987,0,0.49999999999876465
2036,0.48546283199748563,0.9,0.6351332496162969,0.017037087,0.629409523
2037,0.48436272198648433,0.9,0.6331798520999024,0.066987298,0.7499999999943594
2038,0.48231966053748243,0.9,0.6213199386075066,0.14644660940539955,0.853553391
2039,0.48137670909948094,0.9,0.6154597460583229,0.2499999999960898,0.9330127018899618
2040,0.48231966053748243,0.9,0.558950746,0.3705904774488573,0.9829629131445656
2041,0.48436272198648433,0.9,0.4727221989674899,0.49999999999748296,1
2042,0.48231966053748243,0.9,0.38077298730291614,0.6294095225462801,0.9829629131458686
2043,0.48341977054848373,0.9,0.3322171061811079,0.7499999999995506,0.9330127018924788
2044,0.48656294200848693,0.9,0.33710059997209435,0.8535533905910409,0.8535533905955067
2045,0.48656294200848693,0.9,0.30696246686200646,0.933012702,0.7500000000050202
2046,0.48043375766148033,0.9,0.20426956885726244,0.9829629131442339,0.6294095225523806
2047,0.48137670909948094,0.9,0.14427235942514302,1,0.5000000000037987
2048,0.48137670909948094,0.9,0.094321194,0.9829629131462003,0.3705904774549579
2049,0.4801194405154807,0.9,0.074926748,0.9330127018931196,0.25000000000155936
2050,0.4802765990884805,0.9,0.053160318124738384,0.853553391,0.14644660940986542
2051,0.4802765990884805,0.9,0.049113994697921035,0.75,0.066987298
2052,0.4802765990884805,0.9,0.073531464,0.6294095225536187,0.017037086856097727
2053,0.4782335376394786,0.9,0.1279475373238454,0.5000000000050804,0
2054,0.4782335376394786,0.9,0.16380633458908886,0.37059047744916784,0.017037086855351102
2055,0.4755618418984757,0.9,0.234128645,0.2500000000026693,0.066987298
2056,0.4719471947194722,0.9,0.3295660666945724,0.14644660941077176,0.14644660940268073
2057,0.4802765990884805,0.9,0.40295800195339754,0.066987298,0.24999999999906103
2058,0.48451988055948503,0.9,0.4767685223943073,0.017037086856429462,0.3705904774451434
2059,0.48860600345748884,0.9,0.45402539416771315,0,0.4999999999936379
2060,0.48656294200848693,0.9,0.44397934979768383,0.017037086855019368,0.6294095225495941
2061,0.49080622347949143,0.9,0.4978373098925632,0.066987298,0.7499999999962207
2062,0.48970611346849013,0.9,0.5023022185014651,0.14644660940691934,0.8535533905934669
2063,0.49284928492849334,0.9,0.5265801590623692,0.24999999999795108,0.9330127018910364
2064,0.48546283199748563,0.9,0.4490023719826985,0.3705904774439054,0.9829629131432388
2065,0.48341977054848373,0.9,0.38091251569694434,0.49999999999963224,1
2066,0.4856199905704863,0.9,0.3432398493093345,0.6294095225483561,0.9829629131453124
2067,0.48451988055948503,0.9,0.3574717455002093,0.7499999999951108,0.9330127018950422
2068,0.48341977054848373,0.9,0.3818892144551416,0.8535533905925605,0.8535533905939869
2069,0.48341977054848373,0.9,0.32928701,0.9330127018903955,0.7500000000031588
2070,0.48341977054848373,0.9,0.23929119575833682,0.9829629131429071,0.6294095225573326
2071,0.48231966053748243,0.9,0.10980884610018139,1,0.5000000000016495
2072,0.48121955052648113,0.9,0.076182503,0.9829629131456441,0.3705904774528819
2073,0.476661952,0.9,0.032789173,0.933012702,0.24999999999969807
2074,0.4771334276284773,0.9,0.011022743128226594,0.8535533905948932,0.1464466094083457
2075,0.4733616218764731,0.9,0,0.7500000000042688,0.066987298
2076,0.4728901461574737,0.9,0.015906237,0.6294095225515426,0.017037086855541506
2077,0.476033318,0.9,0.047579182,0.5000000000029311,0
2078,0.4749332076064756,0.9,0.052462676,0.3705904774541199,0.017037087
2079,0.4755618418984757,0.9,0.089437701,0.25,0.066987298
2080,0.4750903661794754,0.9,0.16980605553230083,0.14644660940925197,0.14644660940420046
2081,0.4771334276284773,0.9,0.23859355378819588,0.066987298,0.2499999999946212
2082,0.4802765990884805,0.9,0.28742849169806056,0.017037086855873185,0.3705904774472194
2083,0.48137670909948094,0.9,0.3291474815124878,0,0.4999999999957872
2084,0.48231966053748243,0.9,0.34058881,0.017037086855575645,0.6294095225516702
2085,0.48231966053748243,0.9,0.3338914469094461,0.066987298,0.75
2086,0.47917648907747923,0.9,0.33863541230640437,0.14644660940329418,0.8535533905898418
2087,0.48341977054848373,0.9,0.31910143714245853,0.24999999999981243,0.933012702
2088,0.48436272198648433,0.9,0.30263708664713274,0.3705904774459814,0.9829629131437951
2089,0.48860600345748884,0.9,0.283940282,0.49999999999450556,1
2090,0.49237780920949303,0.9,0.28784707688014516,0.6294095225504321,0.9829629131447561
2091,0.49567813924249604,0.9,0.26552253383563557,0.7499999999969721,0.9330127018939676
2092,0.49646393210749684,0.9,0.24347704757918234,0.8535533905889354,0.853553391
2093,0.5013358478705023,0.9,0.1908748430305567,0.9330127018914702,0.7500000000012975
2094,0.5043218607575048,0.9,0.12097111762243616,0.9829629131434634,0.6294095225552566
2095,0.5137513751375136,0.9,0.086368076,1,0.4999999999995002
2096,0.5181518151815188,0.9,0.055113715641132974,0.9829629131450878,0.37059047745080587
2097,0.5305673424485309,0.2,0.044370029300962746,0.9330127018946084,0.2500000000041379
2098,0.5354392582115355,0.9,0.045625785,0.8535533905933734,0.1464466094068259
2099,0.5172088637435173,0.75,0.09641412,0.7500000000024074,0.066987298
2100,0.47854785478547823,0.9,0.1479000976698758,0.6294095225564946,0.017037087
2101,0.4565456545654567,0.9,0.2536626203432399,0.5000000000007818,0
2102,0.4274713185604271,0.9,0.26022045486256457,0.3705904774520439,0.017037086854580497
2103,0.40704070407040804,0.9,0.1745500209292591,0.2500000000052478,0.066987298
2104,0.38016658808738013,0.9,0.2579880005581136,0.14644660940773224,0.14644660940572024
2105,0.3686940122583695,0.9,0.32970559508860053,0.066987298,0.24999999999648254
2106,0.3685368536853688,0.9,0.3982140365564393,0.017037086855316907,0.3705904774492954
2107,0.3699512808423706,0.9,0.45500209292591043,0,0.4999999999979365
2108,0.3734087694483734,0.9,0.5046742011999441,0.017037086854248762,0.6294095225467182
2109,0.3693226465503696,0.9,0.5313241244593274,0.066987298,0.7499999999999434
2110,0.3620933521923626,0.9,0.5348123343100321,0.14644660940481397,0.8535533905913615
2111,0.3625648279113629,0.9,0.5141621319938607,0.24999999999537253,0.9330127018895477
2112,0.3595788150243595,0.9,0.49002371982698484,0.3705904774480574,0.9829629131443514
2113,0.3558070092723553,0.9,0.44397934979768383,0.4999999999966548,1
2114,0.3545497406883542,0.9,0.36640156271801316,0.6294095225454801,0.982962913
2115,0.3482633977683487,0.9,0.28296358308915864,0.7499999999988334,0.9330127018928929
2116,0.3492063492063493,0.9,0.26663876098786105,0.8535533905904552,0.8535533905960924
2117,0.3503064592173506,0.9,0.19617692200362774,0.9330127018925448,0.7499999999994362
2118,0.3514065692283519,0.9,0.1187386633179852,0.9829629131440196,0.6294095225531806
2119,0.3554926921263557,0.9,0.073391935,1,0.5000000000046269
2120,0.356592802,0.9,0.034463513,0.9829629131445314,0.3705904774487298
2121,0.3556498506993555,0.9,0.023440770196735034,0.9330127018935337,0.25000000000227657
2122,0.3525066792393523,0.9,0.021347844286312267,0.8535533905969985,0.14644660941045107
2123,0.3509350935093516,0.9,0.078833543,0.7500000000005462,0.066987298
2124,0.3509350935093516,0.9,0.2787777312683131,0.6294095225544185,0.017037087
2125,0.3498349834983494,0.9,0.5994139807450816,0.5000000000059085,0
2126,0.3440201162973442,0.9,0.5953676573182642,0.37059047744996776,0.017037086855136774
2127,0.346063178,0.9,0.5497418724710478,0.2500000000033865,0.066987298
2128,0.3514065692283519,0.9,0.5299288405190455,0.14644660941135734,0.14644660940209514
2129,0.3576929121483574,0.9,0.5235105343937491,0.066987298,0.24999999999834388
2130,0.3619361936193628,0.9,0.5875540672526859,0.017037087,0.3705904774443434
2131,0.3655508407983654,0.9,0.6225756941537602,0,0.5000000000000857
2132,0.3745088794593756,0.75,0.6210408818194503,0.017037087,0.6294095225487942
2133,0.38519566242338543,0.4,0.7043393330542765,0.066987298,0.7499999999955035
2134,0.39368222536539355,0.2,0.702385936,0.14644660940633375,0.8535533905928813
2135,0.39431085965739454,0.05,0.7837309892563137,0.24999999999723388,0.9330127018906222
2136,0.3767090994813773,0.01,0.7270824612808706,0.3705904774431054,0.9829629131430244
2137,0.356592802,0.01,0.5600669736291335,0.49999999999880407,1
2138,0.3378909319503376,0.05,0.4343518906097391,0.6294095225475562,0.9829629131455266
2139,0.32736130755932846,0.01,0.35063485419282825,0.7499999999943936,0.9330127018954562
2140,0.32940436900833037,0.05,0.3195200223245431,0.853553391,0.8535533905945725
2141,0.3356907119283359,0.01,0.27919631645039766,0.9330127018899814,0.75
2142,0.3514065692283519,0.01,0.17175945304869542,0.9829629131445758,0.6294095225511045
2143,0.3587930221593596,0.01,0.07994977,1,0.5000000000024776
2144,0.3649222065063653,0.01,0.045625785,0.9829629131458584,0.3705904774536818
2145,0.3765519409083775,0.9,0.041160876,0.933012702,0.2500000000004152
2146,0.3807952223793811,0.01,0.065717874,0.8535533905954789,0.14644660940893134
2147,0.383466918,0.01,0.11413422631505511,0.75,0.066987298
2148,0.3837812352663845,0.01,0.3185433235663458,0.6294095225523426,0.017037086855755834
2149,0.39478233537639484,0.01,0.6372261755267197,0.5000000000037592,0
2150,0.40468332547540475,0.75,0.6539695828101019,0.3705904774549198,0.017037087
2151,0.40594059405940675,0.4,0.6013673782614761,0.2500000000015252,0.066987298
2152,0.40185447116140205,0.75,0.5850425561601785,0.14644660940983756,0.14644660940361487
2153,0.4351720886374353,0.2,0.5648109390260918,0.066987298,0.25000000000020517
2154,0.4562313374194571,0.2,0.6229942793358448,0.017037086856087513,0.3705904774464195
2155,0.4719471947194722,0.4,0.6649923259383285,0,0.4999999999949591
2156,0.48341977054848373,0.75,0.6753174270964141,0.017037086855361316,0.6294095225508702
2157,0.49127769919849085,0.01,0.7025254639319101,0.066987298,0.7499999999973648
2158,0.49819267641049825,0.01,0.743965397,0.14644660940270865,0.8535533905892562
2159,0.49803551783749844,0.4,0.8442863122645458,0.24999999999909522,0.9330127018916969
2160,0.49222065063649234,0.75,0.7494070043253802,0.3705904774451815,0.9829629131435808
2161,0.49033474776049024,0.9,0.6041579461420399,0.4999999999936774,1
2162,0.48734873487348684,0.9,0.44160736709920473,0.6294095225496322,0.9829629131449704
2163,0.4771334276284773,0.75,0.3539835356495047,0.7499999999962549,0.9330127018943816
2164,0.4697469746974696,0.4,0.3475652295242082,0.8535533905934947,0.8535533905930528
2165,0.4618890460474616,0.01,0.2955211385516953,0.9330127018910561,0.7500000000020148
2166,0.4519880559484517,0.01,0.1725966234128645,0.982962913,0.6294095225560565
2167,0.4474304573314476,0.01,0.1015766708525185,1,0.5000000000003283
2168,0.4373723086594379,0.01,0.064880703,0.9829629131453022,0.3705904774516058
2169,0.4332861857614332,0.01,0.045067671,0.9330127018950225,0.2500000000048551
2170,0.4318717586044323,0.01,0.044928142877075486,0.8535533905939591,0.1464466094074115
2171,0.4288857457174289,0.75,0.10353006836891308,0.7500000000031246,0.066987298
2172,0.4331290271884334,0.9,0.3193804939305149,0.6294095225572945,0.017037086857082717
2173,0.4372151500864372,0.9,0.6398772150132551,0.5,0
2174,0.4463303473204472,0.9,0.6637365703920748,0.3705904774528438,0.017037086854366168
2175,0.4499449944994498,0.9,0.5956467141063206,0.24999999999966388,0.066987298
2176,0.4529310073864532,0.9,0.584623971,0.14644660940831783,0.14644660940513465
2177,0.4552883859814556,0.9,0.5699734896051346,0.066987298,0.24999999999576533
2178,0.4587458745874584,0.9,0.6598297753592856,0.017037087,0.3705904774484955
2179,0.4593745088794594,0.9,0.6603878889353983,0,0.4999999999971083
2180,0.4656608517994658,0.75,0.6919213059857681,0.017037086854034433,0.6294095225459182
2181,0.4562313374194571,0.9,0.7022464071438538,0.066987298,0.7499999999992262
2182,0.4530881659594539,0.75,0.7297335007674062,0.14644660940422838,0.853553391
2183,0.4530881659594539,0.75,0.806613646,0.2499999999946554,0.9330127018891337
2184,0.442558542,0.75,0.7092228268452629,0.3705904774472575,0.9829629131441371
2185,0.4323432343234326,0.9,0.5716478303334729,0.49999999999582667,1
2186,0.4299858557284302,0.9,0.4217943351472025,0.6294095225517082,0.9829629131444142
2187,0.42558541568442587,0.75,0.34058881,0.7499999999981162,0.933012702
2188,0.42055634134842057,0.4,0.40839960932049674,0.8535533905898696,0.8535533905966779
2189,0.40908376551940995,0.01,0.4801172038509837,0.9330127018921308,0.7500000000001534
2190,0.39541096966839584,0.01,0.1982698479140505,0.9829629131438054,0.6294095225539805
2191,0.38629577243438673,0.01,0.11273894237477326,1,0.5
2192,0.3685368536853688,0.01,0.075484861,0.9829629131447459,0.3705904774495297
2193,0.3616218764733614,0.01,0.067810799,0.9330127018939478,0.2500000000029938
2194,0.3556498506993555,0.01,0.050230221850146514,0.8535533905975842,0.14644660941103665
2195,0.3440201162973442,0.01,0.088879587,0.7500000000012634,0.066987298
2196,0.3389910419613389,0.01,0.2786382028742849,0.6294095225552185,0.017037087
2197,0.3462203363193468,0.01,0.5491837588949351,0.4999999999994607,0
2198,0.3471632877573474,0.4,0.5876935956467141,0.37059047745076773,0.017037086854922445
2199,0.349363508,0.9,0.5585321612948234,0.2500000000041037,0.066987298
2200,0.3534496306773538,0.9,0.5832286870378122,0.14644660940679805,0.14644660940665438
2201,0.3608360836083615,0.4,0.5751360401841774,0.066987298,0.24999999999762668
2202,0.3806380638063813,0.9,0.6757360122784987,0.017037086856858175,0.37059047744354345
2203,0.38692440672638684,0.75,0.6919213059857681,0,0.4999999999992576
2204,0.40374037403740415,0.4,0.7312683131017161,0.017037087,0.6294095225479943
2205,0.41631305987741696,0.9,0.7630807869401423,0.066987298,0.7499999999947863
2206,0.42574257425742656,0.9,0.7781498534951863,0.14644660940574816,0.8535533905922956
2207,0.4279427942794283,0.9,0.8001953397516395,0.24999999999651673,0.9330127018902082
2208,0.4351720886374353,0.9,0.7357332217106181,0.3705904774493335,0.9829629131446933
2209,0.4362721986484366,0.9,0.5928561462257569,0.49999999999797595,1
2210,0.4353292472104351,0.9,0.44411887819171203,0.6294095225467562,0.982962913
2211,0.4351720886374353,0.9,0.3683549602344077,0.7499999999999776,0.9330127018922323
2212,0.4394153701084398,0.9,0.3548207060136738,0.8535533905913895,0.8535533905951582
2213,0.4373723086594379,0.01,0.32412445932747314,0.9330127018895674,0.7500000000045932
2214,0.4334433443344339,0.01,0.23789591181805494,0.9829629131443616,0.6294095225519045
2215,0.4447587615904447,0.01,0.14497000139528393,1,0.5000000000033057
2216,0.4488448844884494,0.9,0.10101855727640575,0.9829629131460728,0.3705904774544817
2217,0.4499449944994498,0.9,0.15320217664294683,0.9330127018928731,0.2500000000011324
2218,0.4477447744774481,0.9,0.095018836,0.8535533905960644,0.14644660940951687
2219,0.442558542,0.9,0.053997488488907494,0.75,0.066987298
2220,0.4321860757504319,0.9,0.05385796,0.6294095225531424,0.017037086855970163
2221,0.41647021845041676,0.9,0.10311148318682853,0.5000000000045874,0
2222,0.40279742259940265,0.9,0.12376168550299986,0.37059047744869167,0.017037086855478722
2223,0.375608989,0.75,0.17734058880982279,0.25000000000224243,0.066987298
2224,0.3715228665723713,0.01,0.3366820147900098,0.14644660941042315,0.14644660940302934
2225,0.3633506207763637,0.01,0.5470908329845123,0.066987298,0.24999999999948797
2226,0.3661794750903664,0.01,0.5074647690805079,0.017037086856301897,0.37059047744561957
2227,0.3823668081093827,0.01,0.5369052602204548,0,0.4999999999941309
2228,0.39305359107339255,0.01,0.5692758476349937,0.017037086855146988,0.6294095225500703
2229,0.40091151972340056,0.05,0.6220175805776476,0.066987298,0.7499999999966476
2230,0.40389753261040395,0.05,0.6086228547509418,0.146446609,0.8535533905886705
2231,0.40389753261040395,0.01,0.6507604297474536,0.24999999999837802,0.9330127018912828
2232,0.38519566242338543,0.01,0.5900655783451932,0.37059047744438156,0.9829629131433664
2233,0.3734087694483734,0.01,0.5166736430863681,0.5000000000001252,1
2234,0.375608989,0.01,0.5387191293428212,0.6294095225488323,0.9829629131451847
2235,0.3767090994813773,0.75,0.6107157806613646,0.7499999999955377,0.9330127018947957
2236,0.39022473675939073,0.9,0.39179573043114274,0.8535533905929091,0.8535533905936383
2237,0.40091151972340056,0.75,0.34100739500488353,0.933012702,0.7500000000027319
2238,0.41002671695741055,0.9,0.24333751918515414,0.9829629131430346,0.6294095225568564
2239,0.41426999842841417,0.75,0.24208176363890052,1,0.5000000000011565
2240,0.41741316988841737,0.01,0.23622157108971673,0.9829629131455164,0.3705904774524057
2241,0.41426999842841417,0.01,0.15320217664294683,0.9330127018954365,0.2500000000055723
2242,0.41269841269841256,0.4,0.095018836,0.8535533905945447,0.14644660940799714
2243,0.41002671695741055,0.01,0.053997488488907494,0.7500000000038419,0.066987298
2244,0.40594059405940675,0.01,0.055811358,0.6294095225510664,0.017037086855413885
2245,0.40091151972340056,0.01,0.098786103,0.5000000000024382,0
2246,0.39211063963539194,0.4,0.11678526580159064,0.3705904774536437,0.017037087
2247,0.38519566242338543,0.01,0.16338774940700432,0.25000000000038114,0.066987298
2248,0.38220964953638203,0.2,0.30221850146504814,0.14644660940890342,0.14644660940454907
2249,0.40279742259940265,0.01,0.4854192828240547,0.066987298,0.24999999999504813
2250,0.4235423542354231,0.01,0.4725826705734617,0.017037087,0.3705904774476956
2251,0.4381581015244378,0.75,0.4536068089856286,0,0.4999999999962802
2252,0.4411441144114412,0.9,0.4379796288544719,0.017037086853820105,0.6294095225451183
2253,0.4480590916234477,0.75,0.462955211,0.066987298,0.75
2254,0.4450730787364452,0.75,0.48444258406585744,0.1464466094036428,0.8535533905901903
2255,0.4431871758604431,0.4,0.4856983396121111,0.25000000000023936,0.9330127018923575
2256,0.4353292472104351,0.01,0.42137574996511795,0.37059047744645757,0.9829629131439226
2257,0.4265283671224265,0.75,0.39653969582810106,0.4999999999949985,1
2258,0.42558541568442587,0.9,0.32077577787079675,0.6294095225509083,0.9829629131446285
2259,0.426842684,0.4,0.2606390400446491,0.75,0.9330127018937211
2260,0.42589973283042637,0.9,0.2321752476628994,0.853553391,0.8535533905972634
2261,0.42574257425742656,0.9,0.18487512208734477,0.9330127018917167,0.7500000000008706
2262,0.426842684,0.9,0.12976140644621179,0.982962913,0.6294095225547804
2263,0.4279427942794283,0.9,0.09557695,1,0.5000000000062832
2264,0.426842684,0.9,0.057067113,0.9829629131449602,0.3705904774503297
2265,0.42589973283042637,0.9,0.047997767545695555,0.9330127018943619,0.2500000000037109
2266,0.42479962281942507,0.9,0.034882099,0.8535533905930248,0.14644660940647736
2267,0.42589973283042637,0.9,0.055113715641132974,0.7500000000019806,0.066987298
2268,0.42589973283042637,0.9,0.10269289800474397,0.6294095225560185,0.017037087
2269,0.4279427942794283,0.9,0.20217664294683968,0.5000000000002889,0
2270,0.4310859657394315,0.9,0.23426817357332216,0.3705904774515677,0.017037087
2271,0.4320289171774321,0.9,0.2652434770475792,0.2500000000048209,0.066987298
2272,0.442558542,0.9,0.3192409655364867,0.14644660940738363,0.14644660940606885
2273,0.4441301272984437,0.9,0.3793777033626343,0.066987298,0.24999999999690947
2274,0.4530881659594539,0.9,0.4683968187526162,0.017037086857072503,0.37059047744274354
2275,0.4538739588244538,0.9,0.5049532579880005,0,0.4999999999984295
2276,0.4562313374194571,0.9,0.5074647690805079,0.017037086854376382,0.6294095225471943
2277,0.4589030331604591,0.9,0.5329984651876657,0.066987298,0.7500000000003704
2278,0.4607889360364603,0.9,0.50913911,0.14644660940516258,0.8535533905917101
2279,0.4607889360364603,0.9,0.48137295939723734,0.24999999999579953,0.9330127018897942
2280,0.4656608517994658,0.9,0.43923538440072557,0.3705904774485336,0.9829629131444789
2281,0.4656608517994658,0.9,0.38537742430584626,0.4999999999971478,1
2282,0.4645607417884645,0.9,0.2973350076740617,0.6294095225459564,0.9829629131459554
2283,0.4645607417884645,0.9,0.23329147481512488,0.7499999999992604,0.9330127018926464
2284,0.4645607417884645,0.9,0.21585042556160178,0.8535533905908038,0.8535533905957438
2285,0.4645607417884645,0.9,0.1552951025533696,0.9330127018891533,0.7500000000053104
2286,0.4656608517994658,0.9,0.099623273,0.9829629131441473,0.6294095225527044
2287,0.4645607417884645,0.9,0.084135622,1,0.5000000000041339
2288,0.4645607417884645,0.9,0.051904563,0.982962913,0.37059047744825363
2289,0.4656608517994658,0.9,0.040044649086089026,0.9330127018932872,0.25000000000184963
2290,0.4656608517994658,0.9,0.051625506,0.853553391,0.1464466094101025
2291,0.4589030331604591,0.9,0.11594809543742153,0.7500000000001192,0.066987298
2292,0.4571742888574577,0.9,0.36863401702246407,0.6294095225539424,0.017037087
2293,0.4508879459374513,0.9,0.6968047997767546,0.5000000000054156,0
2294,0.4310859657394315,0.9,0.8304730012557555,0.3705904774494916,0.017037087
2295,0.39808266540939874,0.9,0.7290358587972652,0.25000000000295963,0.066987298
2296,0.3440201162973442,0.9,0.6197851262731966,0.14644660941100873,0.14644660940244375
2297,0.31746031746031766,0.75,0.5394167713129622,0.066987298,0.24999999999877076
2298,0.30473047304730416,0.01,0.5434630947397795,0.017037086856516226,0.3705904774448196
2299,0.29388653151029365,0.01,0.5865773684944886,0,0.5000000000005788
2300,0.29388653151029365,0.4,0.5949490721361796,0.017037087,0.6294095225492704
2301,0.28602860286028564,0.4,0.6627598716338775,0.066987298,0.7499999999959304
2302,0.28005657708627973,0.01,0.7223384958839123,0.1464466094066823,0.8535533905932298
2303,0.27722772277227703,0.01,0.8373098925631366,0.24999999999766082,0.9330127018908688
2304,0.2676410498192685,0.01,0.8010325101158086,0.37059047744358165,0.9829629131431521
2305,0.2555398396982551,0.05,0.5438816799218641,0.49999999999929706,1
2306,0.2467389596102465,0.05,0.36054137016882937,0.6294095225480324,0.9829629131453991
2307,0.2349520666352345,0.05,0.2868703781219478,0.7499999999948205,0.9330127018952097
2308,0.22709413798522737,0.05,0.2648248918654946,0.8535533905923236,0.853553391
2309,0.21735030645921816,0.01,0.1900376726663876,0.9330127018902279,0.7500000000034491
2310,0.21232123212321197,0.01,0.11190177201060415,0.9829629131447035,0.6294095225506284
2311,0.20352035203520336,0.01,0.057904284,1,0.5000000000019846
2312,0.19660537482319684,0.01,0.029440491,0.9829629131457308,0.3705904774532056
2313,0.18906176331918934,0.01,0.018975861587833123,0.9330127018922125,0.24999999999998834
2314,0.17994656608518023,0.01,0.027208037,0.8535533905951302,0.14644660940858273
2315,0.17334590601917332,0.01,0.10087902888237757,0.75,0.066987298
2316,0.16234480590916256,0.01,0.347425701,0.6294095225518663,0.017037086855628214
2317,0.15448687725915455,0.01,0.7531742709641411,0.5000000000032663,0
2318,0.146628949,0.01,0.7383842611971536,0.3705904774544436,0.017037086853937455
2319,0.13657079993713683,0.2,0.7692200362773824,0.2500000000010983,0.066987298
2320,0.13562784849913623,0.2,0.6354123064043533,0.146446609,0.14644660940396348
2321,0.13767090994813813,0.01,0.5807171759453048,0.066987298,0.24999999999433092
2322,0.1515008643721516,0.01,0.5922980326496442,0.017037087,0.37059047744689566
2323,0.17114568599717161,0.01,0.6188084275149993,0,0.5
2324,0.18906176331918934,0.01,0.6013673782614761,0.017037087,0.6294095225513464
2325,0.20053433914820085,0.05,0.6603878889353983,0.066987298,0.7499999999977918
2326,0.21043532924720987,0.05,0.707688015,0.1464466094030572,0.8535533905896047
2327,0.21137828068521136,0.01,0.8551695269987443,0.24999999999952216,0.9330127018919434
2328,0.20650636492220675,0.01,0.8261476210408818,0.37059047744565765,0.9829629131437083
2329,0.19377652050919414,0.75,0.575554625,0.4999999999941704,1
2330,0.18686154329718674,0.4,0.3834240267894517,0.6294095225501084,0.9829629131448427
2331,0.18481848184818483,0.05,0.31491558532161296,0.7499999999966818,0.9330127018941351
2332,0.17413169888417457,0.05,0.3220315334170504,0.8535533905886985,0.8535533905978491
2333,0.17334590601917332,0.4,0.20315334170503696,0.9330127018913026,0.7500000000015878
2334,0.18073235895018103,0.9,0.12892423608204268,0.9829629131433766,0.6294095225555804
2335,0.17963224893917973,0.9,0.059997209,1,0.49999999999983535
2336,0.17758918749017782,0.9,0.045346728,0.9829629131451745,0.3705904774511296
2337,0.17444601603017507,0.9,0.035300684,0.9330127018947759,0.2500000000044282
2338,0.16595945308816606,0.9,0.038091252,0.8535533905936106,0.146446609
2339,0.15432971868615475,0.9,0.093344496,0.7500000000026978,0.066987298
2340,0.14411441144114434,0.01,0.34072833821682713,0.6294095225568184,0.017037086856955097
2341,0.13358478705013344,0.01,0.7156411329705595,0.5,0
2342,0.12415527267012427,0.01,0.7944746755964839,0.3705904774523676,0.017037086854493733
2343,0.11708313688511751,0.01,0.8341007395004884,0.2500000000055381,0.066987298
2344,0.11645450259311696,0.05,0.6658294963024975,0.14644660940796922,0.14644660940548326
2345,0.13279899418513308,0.05,0.5957862425003488,0.066987298,0.24999999999619227
2346,0.1502435957881505,0.01,0.5825310450676713,0.017037087,0.37059047744897167
2347,0.17538896746817612,0.01,0.6038788893539835,0,0.4999999999976013
2348,0.19000471475718994,0.4,0.6238314497000139,0.017037086854161998,0.6294095225463944
2349,0.19471947194719474,0.75,0.69415376,0.066987298,0.75
2350,0.20053433914820085,0.75,0.7481512487791265,0.14644660940457693,0.8535533905911246
2351,0.19566242338519624,0.4,0.8520999023301241,0.24999999999508227,0.9330127018893801
2352,0.18686154329718674,0.4,0.8063345890888796,0.37059047744773366,0.9829629131442645
2353,0.17601760176017622,0.4,0.5903446351332496,0.4999999999963196,1
2354,0.1672167216721676,0.4,0.4070043253802149,0.6294095225451564,0.9829629131461697
2355,0.15825868301115875,0.75,0.34268173573322175,0.75,0.9330127018930605
2356,0.14961496149614995,0.01,0.3071019952560346,0.8535533905902182,0.8535533905963293
2357,0.13468489706113518,0.75,0.22129203292870098,0.9330127018923773,0.7499999999997264
2358,0.12682696841112717,0.01,0.13855169526998742,0.9829629131439328,0.6294095225535044
2359,0.11802608832311856,0.01,0.086228548,1,0.5
2360,0.11016815967311056,0.01,0.042695689,0.9829629131446183,0.37059047744905355
2361,0.10435329247210445,0.01,0.034044928,0.9330127018937013,0.25000000000256684
2362,0.10309602388810335,0.01,0.038509837,0.8535533905972357,0.14644660941068804
2363,0.10623919534810655,0.75,0.1015766708525185,0.7500000000008364,0.066987298
2364,0.095395254,0.75,0.3428212641272499,0.6294095225547423,0.017037087
2365,0.09366651,0.01,0.7247104785823915,0.5000000000062437,0
2366,0.085651422,0.2,0.8294963024975582,0.37059047745029156,0.017037087
2367,0.090523338,0.01,0.7399190735314636,0.25000000000367684,0.066987298
2368,0.099638535,0.01,0.6598297753592856,0.14644660940644944,0.146446609
2369,0.12085494263712127,0.05,0.6098786102971955,0.066987298,0.2499999999980536
2370,0.14835769291214884,0.05,0.6236919213059857,0.017037086856730554,0.37059047744401963
2371,0.17318874744617352,0.01,0.6802009208874006,0,0.4999999999997506
2372,0.19849127769919805,0.01,0.6790846937351751,0.017037086854718275,0.6294095225484704
2373,0.21420713499921407,0.01,0.7061532021766429,0.066987298,0.7499999999952133
2374,0.22457960081722517,0.4,0.7590344635133249,0.14644660940609672,0.8535533905926442
2375,0.22992299229923008,0.4,0.8702385935537882,0.2499999999969436,0.9330127018904547
2376,0.22159358793022177,0.4,0.7921026928980047,0.3705904774427816,0.9829629131429377
2377,0.20650636492220675,0.2,0.6282963583089158,0.4999999999984689,1
2378,0.19959138771019935,0.01,0.45416492256174135,0.6294095225472325,0.9829629131456135
2379,0.18591859185918613,0.01,0.3637505232314776,0.7500000000004043,0.9330127018919858
2380,0.18497564042118553,0.01,0.33891446909446077,0.853553391,0.8535533905948096
2381,0.18073235895018103,0.01,0.2988698200083717,0.9330127018898139,0.7500000000041663
2382,0.17758918749017782,0.01,0.191851542,0.9829629131444891,0.6294095225514282
2383,0.17538896746817612,0.01,0.1361797125715083,1,0.5000000000028128
2384,0.17444601603017507,0.01,0.079810241,0.9829629131459452,0.37059047745400553
2385,0.17224579600817247,0.01,0.076740617,0.9330127018926266,0.25000000000070555
2386,0.16815967311016866,0.01,0.063066834,0.8535533905957158,0.14644660940916826
2387,0.17020273455917057,0.01,0.076880145,0.7500000000052762,0.066987298
2388,0.1672167216721676,0.01,0.1078554485837868,0.6294095225526664,0.017037086855842598
2389,0.17208863743517222,0.01,0.17748011720385098,0.5000000000040944,0
2390,0.17413169888417457,0.01,0.24640714385377424,0.3705904774482155,0.017037086855606287
2391,0.17507465032217562,0.4,0.35440212083158923,0.2500000000018155,0.066987298
2392,0.18167531038818163,0.05,0.42765452769638623,0.1464466094100746,0.1464466094033779
2393,0.19566242338519624,0.05,0.4755127668480536,0.066987298,0.24999999999991496
2394,0.21420713499921407,0.01,0.5542067810799497,0.017037086856174277,0.3705904774460957
2395,0.2310231023102305,0.01,0.6042974745360681,0,0.4999999999946239
2396,0.2519251925192525,0.01,0.6188084275149993,0.017037086855274552,0.6294095225505465
2397,0.2561684739902561,0.01,0.6539695828101019,0.066987298,0.7499999999970746
2398,0.2633977683482631,0.05,0.6947118738663318,0.14644660940247162,0.8535533905890191
2399,0.2605689140342613,0.01,0.6658294963024975,0.24999999999880496,0.9330127018915293
2400,0.2487820210592493,0.05,0.6221571089716758,0.37059047744485774,0.982962913
2401,0.23008015087222988,0.05,0.5116506209013534,0.5000000000006182,1
2402,0.21735030645921816,0.05,0.406306683,0.6294095225493085,0.9829629131450571
2403,0.20839226779820796,0.05,0.3680759034463514,0.7499999999959646,0.9330127018945491
2404,0.19959138771019935,0.05,0.3585879726524348,0.8535533905932577,0.8535533905932898
2405,0.19173345906019224,0.01,0.3196595507185713,0.9330127018908885,0.75
2406,0.18088951752318083,0.01,0.2293846797823357,0.9829629131431623,0.6294095225563803
2407,0.1672167216721676,0.01,0.1361797125715083,1,0.5000000000006635
2408,0.1573157315731577,0.01,0.079810241,0.9829629131453889,0.3705904774519295
2409,0.15873015873015905,0.01,0.076740617,0.933012702,0.2500000000051454
2410,0.146628949,0.01,0.063066834,0.8535533905941961,0.14644660940764853
2411,0.13987112997013984,0.01,0.076880145,0.75,0.066987298
2412,0.13877101995913899,0.01,0.093204967,0.6294095225505902,0.017037087
2413,0.13452773848813449,0.01,0.14092367796846658,0.5000000000019452,0
2414,0.13562784849913623,0.01,0.188084275,0.37059047745316753,0.017037086854279404
2415,0.13877101995913899,0.01,0.23636109948374492,0.24999999999995415,0.066987298
2416,0.15448687725915455,0.01,0.3323566345751361,0.14644660940855486,0.14644660940489762
2417,0.18591859185918613,0.01,0.41412027347565233,0.066987298,0.24999999999547506
2418,0.21515008643721556,0.01,0.44704897446630393,0.017037087,0.37059047744817175
2419,0.254282571,0.4,0.4861169247941956,0,0.49999999999677314
2420,0.27487034417727463,0.01,0.540812055,0.017037087,0.6294095225455945
2421,0.29262926292629254,0.75,0.5864378401004604,0.066987298,0.7499999999989359
2422,0.29687254439729704,0.9,0.581554346,0.14644660940399135,0.8535533905905389
2423,0.30268741159830226,0.9,0.556718292,0.24999999999436512,0.933012702
2424,0.29970139871129975,0.9,0.5699734896051346,0.37059047744693374,0.9829629131440503
2425,0.30567342448530566,0.9,0.4490023719826985,0.4999999999954915,1
2426,0.31258840169731217,0.9,0.38788893539835356,0.6294095225513845,0.9829629131445009
2427,0.31573157315731626,0.9,0.3174270964141203,0.75,0.9330127018934745
2428,0.32956152758133017,0.9,0.26691781777591744,0.8535533905896326,0.8535533905969148
2429,0.333019016,0.9,0.19729314915585322,0.9330127018919632,0.7500000000004436
2430,0.3319189061763317,0.4,0.15487651737128505,0.9829629131437185,0.6294095225543043
2431,0.3319189061763317,0.9,0.091391098,1,0.5000000000057901
2432,0.3341191261983343,0.9,0.062648249,0.9829629131448325,0.3705904774498535
2433,0.3356907119283359,0.9,0.050230221850146514,0.9330127018941154,0.25000000000328404
2434,0.3399339933993395,0.9,0.068229385,0.8535533905978212,0.1464466094112737
2435,0.3430771648593436,0.9,0.11664573740756244,0.7500000000015536,0.066987298
2436,0.3462203363193468,0.9,0.369331659,0.6294095225555423,0.017037086856613204
2437,0.3441772748703449,0.9,0.7675456955490442,0.4999999999997959,0
2438,0.3399339933993395,0.9,0.8593553788195898,0.3705904774510915,0.017037087
2439,0.3322332233223322,0.9,0.8053578903306823,0.25,0.066987298
2440,0.3367908219393372,0.9,0.6474117482907772,0.14644660940703508,0.1464466094064174
2441,0.3451202263083455,0.9,0.5496023440770197,0.066987298,0.2499999999973364
2442,0.3545497406883542,0.4,0.5787637784289102,0.017037086856944883,0.3705904774432197
2443,0.3639792550683647,0.9,0.5950886005302078,0,0.4999999999989224
2444,0.3723086594373721,0.9,0.5821124598855867,0.017037086854503947,0.6294095225476705
2445,0.3745088794593756,0.9,0.5518347983814706,0.066987298,0.75
2446,0.3745088794593756,0.9,0.5987163387749407,0.14644660940551113,0.8535533905920587
2447,0.37969511236837983,0.9,0.6098786102971955,0.24999999999622646,0.9330127018900407
2448,0.38016658808738013,0.9,0.6217385237895912,0.37059047744900975,0.9829629131446065
2449,0.3823668081093827,0.9,0.4742570113017999,0.4999999999976408,1
2450,0.39745403111739774,0.9,0.33417050369750245,0.6294095225464325,0.9829629131458277
2451,0.40279742259940265,0.9,0.2663597041998047,0.7499999999996873,0.9330127018923999
2452,0.40594059405940675,0.9,0.24710478582391518,0.8535533905911523,0.8535533905953951
2453,0.40704070407040804,0.01,0.1735733221710618,0.9330127018893999,0.7500000000048835
2454,0.41222693697941226,0.4,0.1070182782196177,0.9829629131442748,0.6294095225522283
2455,0.41316988841741376,0.4,0.056648528,1,0.5000000000036409
2456,0.41269841269841256,0.01,0.028463792381749686,0.9829629131461595,0.3705904774548055
2457,0.41222693697941226,0.01,0.019813031952002232,0.9330127018930408,0.25000000000142275
2458,0.41867043847241847,0.01,0.031672945,0.8535533905963014,0.1464466094097539
2459,0.41316988841741376,0.01,0.098227989,0.7499999999996924,0.066987298
2460,0.42165645135942276,0.75,0.3488209850704619,0.6294095225534662,0.017037086856056927
2461,0.4274713185604271,0.9,0.5896469931631086,0.5000000000049226,0
2462,0.4225994027974225,0.9,0.5313241244593274,0.37059047744901547,0.017037087
2463,0.42165645135942276,0.9,0.459187945,0.2500000000025327,0.066987298
2464,0.4235423542354231,0.9,0.5634156550858099,0.14644660941066018,0.1464466094027923
2465,0.4214992927864212,0.9,0.43588670294404913,0.066987298,0.2499999999991977
2466,0.42291371994342297,0.9,0.4328170782754291,0.017037086856388606,0.3705904774452958
2467,0.41332704699041356,0.9,0.446351332,0,0.49999999999379574
2468,0.38833883388338863,0.9,0.4858378680061393,0.017037086855060224,0.6294095225497466
2469,0.3518780449473513,0.9,0.5346728059160039,0.066987298,0.7499999999963574
2470,0.3243752946723242,0.75,0.605692758,0.14644660940703086,0.8535533905935784
2471,0.30661637592330626,0.9,0.6836891307381052,0.24999999999808775,0.9330127018911153
2472,0.28995756718528964,0.05,0.6447607088042416,0.3705904774440578,0.9829629131432797
2473,0.2751846613232751,0.01,0.49700014,0.5,1
2474,0.2624548169102625,0.01,0.3465885307660109,0.6294095225485086,0.9829629131452715
2475,0.2506679239352505,0.01,0.2938467978233571,0.7499999999952474,0.9330127018949632
2476,0.2418670438472419,0.01,0.26370866471326915,0.8535533905926722,0.8535533905938754
2477,0.23196605374823198,0.01,0.17217803823077996,0.9330127018904745,0.7500000000030222
2478,0.22127927078422216,0.01,0.11245988558671689,0.9829629131429479,0.6294095225571802
2479,0.21310702498821277,0.75,0.054555602065020234,1,0.5000000000014917
2480,0.22049347791922136,0.9,0.024975583,0.9829629131456032,0.37059047745272944
2481,0.22677982083922688,0.9,0.021068787498255897,0.9330127018919661,0.2499999999995614
2482,0.22457960081722517,0.9,0.030417189898144275,0.8535533905947816,0.14644660940823417
2483,0.22772277227722748,0.9,0.1024138412166876,0.7500000000041323,0.066987298
2484,0.2310231023102305,0.9,0.3530068368913074,0.6294095225513903,0.017037087
2485,0.23196605374823198,0.9,0.5900655783451932,0.5000000000027733,0
2486,0.22976583372623027,0.9,0.5564392353844007,0.37059047745396745,0.017037086854065076
2487,0.23620933521923648,0.9,0.5537881958978652,0.25000000000067135,0.066987298
2488,0.2368379695112366,0.9,0.5009069345611832,0.14644660940914045,0.14644660940431203
2489,0.2388810309602385,0.9,0.4685363471466444,0.066987298,0.24999999999475786
2490,0.2402954581172403,0.9,0.48137295939723734,0.017037086855832384,0.37059047744737184
2491,0.2497249724972499,0.9,0.5403934700711595,0,0.5
2492,0.2550683639792557,0.4,0.5403934700711595,0.017037087,0.6294095225518226
2493,0.2685840012572691,0.75,0.6211804102134784,0.066987298,0.7499999999982188
2494,0.2676410498192685,0.01,0.6054137016882936,0.14644660940340576,0.8535533905899533
2495,0.2633977683482631,0.01,0.7830333472861727,0.24999999999994904,0.9330127018921899
2496,0.2508250825082512,0.01,0.7604297474536068,0.3705904774461338,0.982962913
2497,0.2446958981612446,0.01,0.5638342402678945,0.4999999999946633,1
2498,0.23620933521923648,0.01,0.40435328589367936,0.6294095225505846,0.9829629131447153
2499,0.2368379695112366,0.9,0.34268173573322175,0.7499999999971088,0.9330127018938886
2500,0.23416627377023458,0.75,0.30431142737547096,0.853553391,0.8535533905975006
2501,0.23699512808423728,0.9,0.20887400586019253,0.9330127018915491,0.7500000000011608
2502,0.2388810309602385,0.9,0.13101716199246546,0.9829629131435043,0.6294095225551042
2503,0.2388810309602385,0.9,0.069764197,1,0.49999999999934236
2504,0.23699512808423728,0.9,0.034044928,0.982962913,0.37059047745065343
2505,0.2310231023102305,0.9,0.023161713408678664,0.9330127018945295,0.25000000000400124
2506,0.23196605374823198,0.75,0.031533417050369744,0.853553391,0.1464466094067144
2507,0.21923620933521937,0.9,0.10185572764057486,0.7500000000022709,0.066987298
2508,0.21420713499921407,0.9,0.3627738244732803,0.6294095225563422,0.017037086856827532
2509,0.21625019644821597,0.9,0.7693595646714106,0.5000000000006241,0
2510,0.22882288228822878,0.9,0.7989395842053858,0.37059047745189144,0.017037086854621353
2511,0.22882288228822878,0.9,0.7573601227849868,0.25000000000511124,0.066987298
2512,0.22583686940122627,0.01,0.6700153481233431,0.14644660940762066,0.14644660940583182
2513,0.2347949080622347,0.05,0.5963443560764615,0.066987298,0.24999999999661915
2514,0.2604117554612606,0.05,0.6335984372819868,0.017037086857159267,0.3705904774424198
2515,0.28492849284928523,0.05,0.6765731826426677,0,0.49999999999809425
2516,0.29812981298129904,0.01,0.6534114692339891,0.017037086854289618,0.6294095225468705
2517,0.30755932736130775,0.05,0.6732245011859913,0.066987298,0.7500000000000799
2518,0.29797265440829834,0.05,0.7219199107018278,0.14644660940492554,0.8535533905914731
2519,0.28445701713028493,0.01,0.8250313938886563,0.24999999999550926,0.9330127018896266
2520,0.2566399497092573,0.01,0.820287428,0.37059047744820983,0.9829629131443922
2521,0.22332233223322406,0.2,0.6029021905957862,0.4999999999968126,1
2522,0.20744931636020736,0.05,0.4286312264545835,0.6294095225456326,0.9829629131460421
2523,0.19566242338519624,0.01,0.3842611971536208,0.75,0.933012702
2524,0.17208863743517222,0.05,0.5366262034323984,0.8535533905905668,0.8535533905959807
2525,0.1573157315731577,0.9,0.3704478861448305,0.9330127018889858,0.7500000000056007
2526,0.14568599717114594,0.01,0.15850425561601786,0.9829629131440605,0.6294095225530282
2527,0.13107024988213123,0.01,0.072833822,1,0.5000000000044691
2528,0.12211221122112237,0.01,0.035161155,0.9829629131444907,0.37059047744857737
2529,0.11048247681911061,0.01,0.023301242,0.9330127018934549,0.25000000000213995
2530,0.09366651,0.01,0.032370587414538854,0.8535533905968871,0.1464466094103395
2531,0.082822568,0.01,0.089995814,0.7500000000004095,0.066987298
2532,0.085808581,0.01,0.3365424863959816,0.6294095225542662,0.017037086856271255
2533,0.096023888,0.01,0.7591739919073531,0.5000000000057507,0
2534,0.10545340248310575,0.4,0.879168411,0.3705904774498154,0.017037087
2535,0.11268269684111276,0.75,0.7584763499372122,0.25000000000324984,0.066987298
2536,0.11236837969511271,0.01,0.6391795730431142,0.14644660941124577,0.14644660940220672
2537,0.13892817853213923,0.75,0.5802985907632203,0.066987298,0.2499999999984805
2538,0.1588873173031593,0.9,0.669178178,0.017037087,0.37059047744449586
2539,0.17224579600817247,0.9,0.7118738663317985,0,0.5000000000002436
2540,0.18906176331918934,0.9,0.7007115948095437,0.017037086854845895,0.6294095225489467
2541,0.20572057205720595,0.9,0.7195479280033487,0.066987298,0.7499999999956402
2542,0.22065063649222116,0.9,0.7881958978652155,0.14644660940644533,0.8535533905929928
2543,0.23086594373723068,0.75,0.8593553788195898,0.24999999999737055,0.9330127018907013
2544,0.2402954581172403,0.9,0.7775917399190735,0.3705904774432578,0.9829629131430653
2545,0.24045261669024098,0.75,0.6543881679921864,0.4999999999989619,1
2546,0.2465818010372467,0.75,0.47202455699734897,0.6294095225477085,0.9829629131454858
2547,0.2465818010372467,0.9,0.3758894935119297,0.7499999999945302,0.9330127018953773
2548,0.2545968882602545,0.9,0.38523789591181806,0.8535533905920866,0.853553391
2549,0.2574257425742572,0.9,0.2865913213338915,0.9330127018900604,0.7500000000037395
2550,0.2622976583372627,0.9,0.2030138133110088,0.9829629131446167,0.6294095225509522
2551,0.2665409398082672,0.9,0.17134086786661085,1,0.5000000000023198
2552,0.2602545968882599,0.01,0.084693735,0.9829629131458175,0.3705904774535294
2553,0.2487820210592493,0.01,0.091670155,0.9330127018923802,0.2500000000002786
2554,0.2413955681282416,0.01,0.06599693,0.8535533905953672,0.1464466094088197
2555,0.23086594373723068,0.01,0.062508721,0.7500000000048493,0.066987298
2556,0.22206506364922207,0.75,0.085809962,0.6294095225521901,0.017037086855714978
2557,0.23196605374823198,0.01,0.14692339891167852,0.5000000000036015,0
2558,0.23196605374823198,0.01,0.1991070182782196,0.37059047745476736,0.017037086853850747
2559,0.21750746503221796,0.01,0.28589367936375054,0.25000000000138856,0.066987298
2560,0.21829325789721787,0.01,0.3842611971536208,0.14644660940972598,0.1464466094037265
2561,0.258211535,0.01,0.4767685223943073,0.066987298,0.25000000000034184
2562,0.29482948294829514,0.01,0.5417887540114413,0.017037086856046713,0.37059047744657186
2563,0.33144743045733227,0.01,0.6075066275987163,0,0.49999999999511685
2564,0.3537639478233534,0.05,0.6550858099623273,0.017037086855402173,0.6294095225510227
2565,0.3691654879773698,0.01,0.6500627877773126,0.066987298,0.7499999999975014
2566,0.3776520509193779,0.01,0.6411329705595088,0.14644660940282017,0.8535533905893677
2567,0.38032374666037994,0.05,0.6437840100460444,0.2499999999992319,0.9330127018917759
2568,0.3675939022473673,0.01,0.6125296497837309,0.3705904774453339,0.9829629131436215
2569,0.33034732044633097,0.05,0.5879726524347705,0.4999999999938352,1
2570,0.30080150872230105,0.05,0.4438398214036557,0.6294095225497847,0.9829629131449296
2571,0.2743988684582752,0.05,0.3951444118878192,0.7499999999963916,0.9330127018943026
2572,0.2572685840012574,0.05,0.39626063904004466,0.8535533905936064,0.8535533905929412
2573,0.2506679239352505,0.01,0.3541230640435329,0.9330127018911349,0.75
2574,0.23306616375923417,0.01,0.2532440351611553,0.9829629131432899,0.6294095225559041
2575,0.21735030645921816,0.01,0.17134086786661085,1,0.5000000000001705
2576,0.20069149772120154,0.01,0.11845960652992883,0.9829629131452613,0.37059047745145335
2577,0.19079050762219074,0.01,0.087484303,0.9330127018949435,0.25000000000471845
2578,0.18183246896118233,0.01,0.060276266,0.8535533905938475,0.14644660940729998
2579,0.17601760176017622,0.01,0.055392772429189344,0.75,0.066987298
2580,0.17303158887317327,0.2,0.068508441,0.6294095225571421,0.017037087
2581,0.17601760176017622,0.01,0.11287847076880146,0.5000000000014522,0
2582,0.18104667609618152,0.01,0.14580717175945304,0.37059047745269136,0.017037087
2583,0.18073235895018103,0.01,0.19380493930514858,0.24999999999952727,0.066987298
2584,0.19377652050919414,0.01,0.2992884051904563,0.14644660940820625,0.14644660940524623
2585,0.23306616375923417,0.01,0.4065857401981303,0.066987298,0.25
2586,0.29781549583529765,0.01,0.48890749267475936,0.017037086855490435,0.3705904774486479
2587,0.3584787050133582,0.05,0.5553230082321752,0,0.49999999999726613
2588,0.40374037403740415,0.4,0.580856704,0.017037087,0.6294095225460706
2589,0.4361150400754359,0.05,0.6161573880284638,0.066987298,0.7499999999993628
2590,0.4529310073864532,0.05,0.6107157806613646,0.14644660940433996,0.8535533905908874
2591,0.4508879459374513,0.4,0.5069066555043951,0.25,0.9330127018892125
2592,0.4427157001414428,0.01,0.5458350774382587,0.3705904774474099,0.9829629131441778
2593,0.41647021845041676,0.4,0.4289102832426399,0.49999999999598443,1
2594,0.38928178532139013,0.05,0.3915166736430864,0.6294095225518607,0.9829629131443733
2595,0.37938079522237933,0.01,0.3362634296079252,0.7499999999982528,0.933012702
2596,0.3734087694483734,0.01,0.2677549881400865,0.8535533905899813,0.8535533905965664
2597,0.3682225365393683,0.01,0.2127808008929817,0.9330127018922096,0.7500000000000168
2598,0.3628791450573634,0.01,0.1445514162131994,0.9829629131438462,0.6294095225538281
2599,0.356592802,0.01,0.081624111,1,0.5000000000052972
2600,0.3503064592173506,0.01,0.042137575,0.9829629131447051,0.37059047744937734
2601,0.349363508,0.01,0.035719269,0.9330127018938689,0.2500000000028571
2602,0.3388338833883391,0.01,0.068089856,0.8535533905974726,0.14644660941092508
2603,0.3231180260883231,0.01,0.10422771033905401,0.7500000000011267,0.066987298
2604,0.32201791607732266,0.01,0.3281707827542905,0.6294095225550661,0.017037086856485584
2605,0.30630205877730665,0.01,0.6154597460583229,0.49999999999930295,0
2606,0.28964325003929003,0.01,0.5819729314915585,0.37059047745061535,0.017037086854963246
2607,0.2803708942322811,0.01,0.5027208036835495,0.2500000000039671,0.066987298
2608,0.282413956,0.01,0.5088600530207897,0.14644660940668647,0.14644660940676602
2609,0.31887474461731946,0.75,0.5303474257011301,0.066987298,0.24999999999776334
2610,0.3628791450573634,0.75,0.5625784847216408,0.017037087,0.3705904774436959
2611,0.39886845827439865,0.9,0.6054137016882936,0,0.4999999999994154
2612,0.4293572214364292,0.9,0.6116924794195618,0.017037086854631567,0.6294095225481466
2613,0.4466446644664468,0.9,0.6324822101297614,0.066987298,0.75
2614,0.458274399,0.9,0.6612250592995674,0.14644660940585974,0.8535533905924073
2615,0.4593745088794594,0.9,0.6603878889353983,0.24999999999665334,0.9330127018902872
2616,0.4551312274084558,0.9,0.6052741732942654,0.3705904774424579,0.982962913
2617,0.4508879459374513,0.9,0.4573740756243896,0.4999999999981337,1
2618,0.4488448844884494,0.9,0.30961350634854196,0.6294095225469087,0.9829629131457002
2619,0.4468018230394466,0.9,0.2405469513045905,0.7500000000001141,0.9330127018921535
2620,0.4488448844884494,0.9,0.204688154,0.8535533905915009,0.8535533905950465
2621,0.4488448844884494,0.9,0.14552811497139667,0.9330127018896464,0.7500000000044567
2622,0.4499449944994498,0.9,0.093484024,0.9829629131444024,0.6294095225517521
2623,0.4510451045104511,0.9,0.039765592298032656,1,0.5000000000031479
2624,0.4508879459374513,0.9,0.027068508441467836,0.9829629131460319,0.3705904774543293
2625,0.4551312274084558,0.75,0.014371424584903026,0.9330127018927943,0.25000000000099576
2626,0.4540311173974536,0.9,0.025952281289242363,0.8535533905959528,0.1464466094094053
2627,0.4551312274084558,0.9,0.098786103,0.7500000000055665,0.066987298
2628,0.457645765,0.9,0.3465885307660109,0.6294095225529901,0.017037086855929306
2629,0.457645765,0.9,0.6808985628575415,0.5000000000044296,0
2630,0.4519880559484517,0.9,0.724291893,0.3705904774485393,0.017037086855519523
2631,0.4479019330504479,0.9,0.6716896888516813,0.25000000000210576,0.066987298
2632,0.4519880559484517,0.9,0.6508999581414817,0.14644660941031157,0.14644660940314086
2633,0.4510451045104511,0.9,0.5790428352169666,0.066987298,0.24999999999962463
2634,0.4571742888574577,0.75,0.5879726524347705,0.017037087,0.37059047744577195
2635,0.4677039132484677,0.9,0.6003906795032788,0,0.4999999999942887
2636,0.47650479333647633,0.9,0.6150411608762383,0.017037086855187844,0.6294095225502228
2637,0.48860600345748884,0.9,0.6841077159201897,0.066987298,0.7499999999967842
2638,0.49237780920949303,0.9,0.7760569275847635,0.14644660940223458,0.8535533905887821
2639,0.48766305201948823,0.9,0.8470768801451095,0.2499999999985147,0.9330127018913618
2640,0.4794908062234797,0.9,0.799079113,0.37059047744453394,0.9829629131434072
2641,0.4771334276284773,0.9,0.5811357611273894,0.5,1
2642,0.4719471947194722,0.9,0.40030696246686204,0.6294095225489847,0.9829629131451438
2643,0.4656608517994658,0.01,0.33179852099902335,0.7499999999956743,0.9330127018947167
2644,0.4573314474304575,0.4,0.4490023719826985,0.8535533905930207,0.8535533905935269
2645,0.4452302373094459,0.4,0.3867727082461281,0.9330127018907209,0.7500000000025953
2646,0.4431871758604431,0.75,0.12836612250592994,0.9829629131430755,0.629409523
2647,0.4411441144114412,0.9,0.079670713,1,0.5000000000009986
2648,0.4436586515794443,0.9,0.057625227,0.9829629131454756,0.37059047745225326
2649,0.441929907,0.75,0.039207479,0.9330127018953576,0.25000000000543565
2650,0.4304573314474305,0.01,0.047858239,0.853553391,0.14644660940788556
2651,0.4265283671224265,0.01,0.11678526580159064,0.7500000000037053,0.066987298
2652,0.42055634134842057,0.01,0.36975024417468955,0.629409523,0.017037087
2653,0.42479962281942507,0.01,0.7407562438956328,0.5000000000022804,0
2654,0.4284142699984286,0.01,0.7905678805636946,0.3705904774534913,0.017037087
2655,0.4362721986484366,0.2,0.7845681596204828,0.25000000000024447,0.066987298
2656,0.4394153701084398,0.01,0.7390819031672945,0.14644660940879184,0.14644660940466064
2657,0.4530881659594539,0.01,0.6084833263569136,0.066987298,0.2499999999951848
2658,0.48231966053748243,0.01,0.627738245,0.017037086855704764,0.37059047744784795
2659,0.5033789093195042,0.01,0.6666666666666666,0,0.49999999999643796
2660,0.5168945465975168,0.05,0.6705734616994559,0.017037086853860905,0.6294095225452707
2661,0.5266383781235269,0.05,0.6982000837170363,0.066987298,0.7499999999986455
2662,0.5283671224265283,0.01,0.7537323845402539,0.14644660940375437,0.8535533905903019
2663,0.5272670124155279,0.01,0.8668899120971117,0.25000000000037603,0.9330127018924363
2664,0.5227094137985229,0.05,0.8476349937212222,0.370590477,0.9829629131439634
2665,0.5022787993085029,0.01,0.6259243756104367,0.4999999999951563,1
2666,0.49127769919849085,0.05,0.442584066,0.6294095225510608,0.9829629131445876
2667,0.4802765990884805,0.01,0.38258685642528256,0.7499999999975356,0.933012702
2668,0.4755618418984757,0.05,0.3117064322589647,0.8535533905893956,0.853553391
2669,0.4625176803394626,0.01,0.21612948234965815,0.9330127018917955,0.75
2670,0.4636177903504639,0.01,0.11929677689409794,0.9829629131436317,0.629409523
2671,0.458274399,0.01,0.090135343,1,0.5000000000061253
2672,0.4593745088794594,0.01,0.059857681,0.9829629131449193,0.37059047745017726
2673,0.4647179003614643,0.01,0.044649086089019116,0.933012702,0.25000000000357436
2674,0.4614175703284613,0.01,0.052044090972512905,0.8535533905929134,0.14644660940636578
2675,0.4642464246424649,0.01,0.12724989535370446,0.7500000000018439,0.066987298
2676,0.4697469746974696,0.01,0.3763080786940143,0.629409523,0.017037086856699912
2677,0.4739902561684741,0.01,0.7541509697223384,0.5000000000001311,0
2678,0.4656608517994658,0.05,0.8458211245988558,0.37059047745141527,0.017037086854748917
2679,0.4620462046204623,0.05,0.7314078414957443,0.25000000000468425,0.066987298
2680,0.465503693,0.01,0.7131296218780522,0.14644660940727205,0.14644660940618037
2681,0.48546283199748563,0.05,0.6169945583926328,0.066987298,0.24999999999704609
2682,0.5046361779035053,0.01,0.6626203432398493,0.017037086857031647,0.37059047744289597
2683,0.512808424,0.01,0.6863401702246407,0,0.49999999999858724
2684,0.5225522552255231,0.05,0.6648527975443003,0.017037086854417183,0.6294095225473467
2685,0.5264812195505262,0.01,0.7036416910841355,0.066987298,0.7500000000005069
2686,0.525223951,0.75,0.7979628854471885,0.1464466094052741,0.8535533905918216
2687,0.5231808895175232,0.4,0.9074926747593135,0.24999999999593614,0.9330127018898731
2688,0.5157944365865155,0.75,0.8373098925631366,0.370590477,0.9829629131445198
2689,0.5137513751375136,0.75,0.6260639040044649,0.49999999999730554,1
2690,0.5069935564985069,0.75,0.4628156829914888,0.6294095225461087,0.9829629131459146
2691,0.5058934464875056,0.9,0.3823077996372262,0.7499999999993969,0.9330127018925676
2692,0.5085651422285085,0.9,0.4370029300962746,0.8535533905909154,0.8535533905956322
2693,0.5091937765205095,0.9,0.44607227570810665,0.9330127018892322,0.7500000000051739
2694,0.5033789093195042,0.9,0.16589926049951165,0.982962913,0.629409523
2695,0.501021531,0.9,0.073531464,1,0.5000000000039762
2696,0.49913562784849885,0.9,0.035300684,0.9829629131443631,0.3705904774481012
2697,0.49913562784849885,0.9,0.029580019533975165,0.9330127018932084,0.25000000000171296
2698,0.49819267641049825,0.9,0.034882099,0.8535533905965385,0.14644660940999088
2699,0.5000785792865003,0.9,0.097390819,0.7499999999999827,0.066987298
2700,0.49709256639949695,0.9,0.34826287149434915,0.629409523,0.017037087
2701,0.49709256639949695,0.9,0.7208036835496023,0.5000000000052578,0
2702,0.49913562784849885,0.9,0.8191712013394725,0.3705904774493392,0.017037086855305195
2703,0.49803551783749844,0.9,0.7834519324682573,0.25000000000282296,0.066987298
2704,0.49803551783749844,0.9,0.6510394865355099,0.1464466094108972,0.14644660940255527
2705,0.500235738,0.9,0.6013673782614761,0.066987298,0.24999999999890743
2706,0.501021531,0.9,0.6543881679921864,0.017037087,0.37059047744497203
2707,0.5021216407355023,0.9,0.7259662341286451,0,0.49999999999346056
2708,0.5030645921735029,0.9,0.6983396121110645,0.017037087,0.6294095225494227
2709,0.5065220807795066,0.9,0.7075484861169248,0.066987298,0.7499999999960671
2710,0.5091937765205095,0.9,0.8075903446351332,0.14644660940679388,0.8535533905933415
2711,0.504950495,0.9,0.8569833961211106,0.24999999999779748,0.9330127018909478
2712,0.5021216407355023,0.9,0.7940560904143993,0.370590477,0.982962913
2713,0.49819267641049825,0.9,0.6425282544997907,0.4999999999994548,1
2714,0.49803551783749844,0.9,0.4517929398632622,0.6294095225481848,0.9829629131453582
2715,0.49819267641049825,0.9,0.3638900516255058,0.7499999999949571,0.9330127018951309
2716,0.49803551783749844,0.9,0.3818892144551416,0.8535533905924351,0.8535533905941124
2717,0.49819267641049825,0.9,0.3101716199246547,0.9330127018903069,0.7500000000033125
2718,0.49803551783749844,0.9,0.22519882796149016,0.9829629131428612,0.629409523
2719,0.49709256639949695,0.9,0.14008650760429747,1,0.5000000000018269
2720,0.49693540782649714,0.9,0.075903446,0.982962913,0.37059047745305324
2721,0.49803551783749844,0.9,0.05818334,0.9330127018921337,0.24999999999985167
2722,0.49222065063649234,0.9,0.038370308,0.8535533905950187,0.14644660940847115
2723,0.49599245638849654,0.9,0.041160876,0.7500000000044225,0.066987298
2724,0.49489234637749524,0.9,0.073391935,0.629409523,0.017037086855587413
2725,0.49583529781549585,0.9,0.13910980884610016,0.5000000000031085,0
2726,0.49583529781549585,0.9,0.24487233151946422,0.3705904774542912,0.017037087
2727,0.49473518780449544,0.9,0.3952839402818474,0.2500000000009617,0.066987298
2728,0.49599245638849654,0.9,0.4908608901911539,0.14644660940937743,0.14644660940407506
2729,0.49913562784849885,0.9,0.5219757220594391,0.066987298,0.2499999999944676
2730,0.5000785792865003,0.9,0.6370866471326915,0.017037086855919092,0.37059047744704804
2731,0.504950495,0.9,0.7187107576391796,0,0.49999999999560985
2732,0.5104510451045106,0.9,0.8561462257569415,0.017037086855529737,0.6294095225514988
2733,0.5117083136885117,0.9,0.7736849448862844,0.066987298,0.7499999999979284
2734,0.5117083136885117,0.9,0.6122505929956746,0.14644660940316878,0.8535533905897164
2735,0.512808424,0.9,0.5984372819868843,0.24999999999965877,0.9330127018920223
2736,0.5085651422285085,0.9,0.5797404771871075,0.37059047744581003,0.9829629131437492
2737,0.5021216407355023,0.9,0.5328589367936375,0.49999999999432815,1
2738,0.49819267641049825,0.9,0.43365424863959817,0.6294095225502608,0.982962913
2739,0.49520666352349485,0.9,0.35272778,0.7499999999968184,0.9330127018940562
2740,0.49709256639949695,0.9,0.3503557974047719,0.853553391,0.8535533905977375
2741,0.49489234637749524,0.9,0.5003488209850704,0.9330127018913815,0.7500000000014511
2742,0.49127769919849085,0.9,0.4152365006278778,0.9829629131434174,0.6294095225554279
2743,0.49080622347949143,0.9,0.14008650760429747,1,0.49999999999967754
2744,0.49080622347949143,0.9,0.075903446,0.9829629131451336,0.3705904774509772
2745,0.49174917491749204,0.9,0.05818334,0.933012702,0.2500000000042915
2746,0.49222065063649234,0.9,0.038370308,0.8535533905934989,0.14644660940695137
2747,0.49127769919849085,0.9,0.041160876,0.7500000000025611,0.066987298
2748,0.49127769919849085,0.9,0.066694572,0.6294095225566659,0.017037086856914296
2749,0.49127769919849085,0.9,0.11469233989116785,0.5000000000009592,0
2750,0.49127769919849085,0.9,0.191851542,0.3705904774522152,0.017037087
2751,0.49033474776049024,0.9,0.30152085949490726,0.25000000000540146,0.066987298
2752,0.49127769919849085,0.9,0.3712850565089996,0.1464466094078577,0.14644660940559479
2753,0.49709256639949695,0.9,0.3940281847355937,0.066987298,0.24999999999632888
2754,0.5040075436115043,0.9,0.47788474954653276,0.017037086855362815,0.3705904774491241
2755,0.5118654722615115,0.9,0.5666248081484582,0,0.49999999999775907
2756,0.5168945465975168,0.9,0.6135063485419282,0.017037086854202854,0.6294095225465468
2757,0.5260097438315268,0.9,0.5607646155992744,0.066987298,0.7499999999997897
2758,0.5227094137985229,0.9,0.5882517092228268,0.14644660940468857,0.853553391
2759,0.5236523652365235,0.9,0.52044091,0.24999999999521894,0.933012702
2760,0.516737388,0.9,0.5198827961490163,0.3705904774478861,0.9829629131443054
2761,0.5139085337105134,0.9,0.4699316310869262,0.49999999999647743,1
2762,0.5117083136885117,0.9,0.3493790986465746,0.6294095225453088,0.9829629131461288
2763,0.5040075436115043,0.9,0.3075205804381192,0.7499999999986797,0.9330127018929816
2764,0.5000785792865003,0.9,0.42639877215013255,0.8535533905903299,0.8535533905962177
2765,0.49614961496149634,0.9,0.307381052,0.9330127018924561,0.7499999999995899
2766,0.49284928492849334,0.9,0.11636668061950607,0.9829629131439737,0.6294095225533519
2767,0.48860600345748884,0.9,0.058043812,1,0.5000000000048043
2768,0.48546283199748563,0.9,0.030277662,0.9829629131445774,0.37059047744890117
2769,0.48451988055948503,0.9,0.020510673922143157,0.9330127018936224,0.2500000000024302
2770,0.48451988055948503,0.9,0.031533417050369744,0.853553391,0.14644660941057652
2771,0.48451988055948503,0.9,0.10380912515696945,0.7500000000006998,0.066987298
2772,0.48341977054848373,0.9,0.362494768,0.6294095225545899,0.017037087
2773,0.48231966053748243,0.9,0.7614064462118041,0.5000000000060859,0
2774,0.48231966053748243,0.9,0.8087065717873587,0.3705904774501391,0.017037086855090866
2775,0.48231966053748243,0.9,0.7682433375191852,0.25000000000354017,0.066987298
2776,0.4802765990884805,0.9,0.6282963583089158,0.1464466094063379,0.14644660940711457
2777,0.4856199905704863,0.9,0.572485001,0.066987298,0.24999999999819023
2778,0.48734873487348684,0.9,0.586856425,0.017037086856689754,0.37059047744417206
2779,0.48829168631148834,0.9,0.6107157806613646,0,0.49999999999990835
2780,0.48829168631148834,0.9,0.611832008,0.017037087,0.6294095225486228
2781,0.48656294200848693,0.9,0.6682014790009767,0.066987298,0.7499999999953498
2782,0.48656294200848693,0.9,0.7448025673224501,0.1464466094062083,0.8535533905927558
2783,0.48341977054848373,0.9,0.8687037812194781,0.24999999999708028,0.9330127018905336
2784,0.48341977054848373,0.9,0.7916841077159201,0.37059047744293405,0.9829629131429786
2785,0.48137670909948094,0.9,0.5575554625366261,0.4999999999986267,1
2786,0.4802765990884805,0.9,0.3683549602344077,0.6294095225473848,0.9829629131455726
2787,0.47917648907747923,0.9,0.34100739500488353,0.7500000000005411,0.933012702
2788,0.47917648907747923,0.9,0.29691642249197714,0.8535533905918495,0.8535533905946979
2789,0.4771334276284773,0.9,0.1753871912934282,0.9330127018898928,0.7500000000040297
2790,0.4771334276284773,0.9,0.12055253244035162,0.982962913,0.6294095225512759
2791,0.476033318,0.9,0.063904004,1,0.5
2792,0.4750903661794754,0.9,0.02609181,0.9829629131459043,0.37059047745385315
2793,0.4719471947194722,0.9,0.017859634435607643,0.9330127018925478,0.2500000000005689
2794,0.4719471947194722,0.9,0.032789173,0.8535533905956043,0.14644660940905674
2795,0.4677039132484677,0.9,0.10213478442863123,0.7500000000051397,0.066987298
2796,0.4677039132484677,0.9,0.36975024417468955,0.6294095225525139,0.017037086855801742
2797,0.4677039132484677,0.9,0.7675456955490442,0.5000000000039366,0
2798,0.4667609618104662,0.9,0.842891028,0.3705904774480631,0.017037086855647143
2799,0.4666038032374664,0.9,0.7664294683968187,0.2500000000016788,0.066987298
2800,0.465503693,0.9,0.6864796986186689,0.146446609,0.14644660940348947
2801,0.4230237309445237,0.12,0.5934142598018697,0.066987298,0.25000000000005157
2802,0.49031903190319026,0,0.6029021905957862,0.017037086856133477,0.3705904774462481
2803,0.49031903190319026,0,0.6370866471326915,0,0.4999999999947817
2804,0.49031903190319026,0,0.6345751360401841,0.017037087,0.6294095225506989
2805,0.504871916,0.32,0.6813171480396261,0.066987298,0.7499999999972112
2806,0.504871916,0.32,0.7604297474536068,0.1464466094025832,0.8535533905891307
2807,0.504871916,0.32,0.8971675736012278,0.24999999999894157,0.9330127018916082
2808,0.46311488291686365,0.68,0.8020092088740058,0.3705904774450101,0.9829629131435349
2809,0.46311488291686365,0.68,0.5920189758615878,0.5,1
2810,0.46311488291686365,0.68,0.4026789451653412,0.6294095225494609,0.9829629131450164
2811,0.44005972025774076,0.92,0.3574717455002093,0.7499999999961012,0.9330127018944703
2812,0.44005972025774076,0.92,0.32510115808567047,0.8535533905933693,0.8535533905931783
2813,0.44005972025774076,0.92,0.21780382307799637,0.9330127018909674,0.7500000000021684
2814,0.4364765047933372,0.92,0.11483186828519605,0.9829629131432032,0.6294095225562278
2815,0.4364765047933372,0.92,0.086089019,1,0.5000000000005057
2816,0.4364765047933372,0.92,0.059299567,0.9829629131453481,0.3705904774517771
2817,0.4338991041961342,0.88,0.049672108274033774,0.9330127018951111,0.2500000000050087
2818,0.4338991041961342,0.88,0.061113437,0.8535533905940845,0.146446609
2819,0.4338991041961342,0.88,0.1305985768103809,0.7500000000032783,0.066987298
2820,0.4302058777306308,0.92,0.4081205525324404,0.6294095225574659,0.017037086857128625
2821,0.4302058777306308,0.92,0.75149993,0.5000000000017873,0
2822,0.4302058777306308,0.92,0.7648946560625087,0.3705904774530151,0.017037087
2823,0.428807166,0.92,0.6962466862006418,0.24999999999981753,0.066987298
2824,0.4294986641521299,0.88,0.599693038,0.14644660940844323,0.14644660940500925
2825,0.4510451045104511,0.9,0.5208594949072136,0.066987298,0.24999999999561173
2826,0.4519880559484517,0.9,0.5468117761964559,0.017037087,0.3705904774483242
2827,0.4488448844884494,0.9,0.5935537881958979,0,0.49999999999693095
2828,0.4479019330504479,0.9,0.5847634993721222,0.017037086853988526,0.6294095225457469
2829,0.4480590916234477,0.9,0.6677828938188921,0.066987298,0.7499999999990725
2830,0.4477447744774481,0.9,0.7350355797404772,0.14644660940410298,0.8535533905906505
2831,0.4457017130284462,0.9,0.8929817217803823,0.24999999999450173,0.9330127018890448
2832,0.4457017130284462,0.9,0.8243337519185154,0.3705904774470862,0.9829629131440911
2833,0.4446016030174449,0.9,0.5826705734616994,0.49999999999564926,1
2834,0.4441301272984437,0.9,0.4033765871354821,0.6294095225515369,0.982962913
2835,0.4457017130284462,0.9,0.3538440072554765,0.7499999999979625,0.9330127018933956
2836,0.4436586515794443,0.9,0.32035719268871216,0.8535533905897441,0.8535533905968034
2837,0.4430300172874433,0.9,0.2330124180270685,0.933012702,0.7500000000003071
2838,0.4430300172874433,0.9,0.13087763359843727,0.9829629131437594,0.6294095225541518
2839,0.4452302373094459,0.9,0.060694851,1,0.5000000000056324
2840,0.441929907,0.9,0.032649644202595224,0.9829629131447918,0.3705904774497011
2841,0.4441301272984437,0.9,0.021347844286312267,0.9330127018940364,0.25000000000314737
2842,0.4441301272984437,0.9,0.035858797,0.8535533905977096,0.14644660941116205
2843,0.441929907,0.9,0.10562299427933584,0.7500000000014171,0.066987298
2844,0.4373723086594379,0.9,0.3637505232314776,0.6294095225553898,0.017037086856572348
2845,0.4342291371994338,0.9,0.7955909027487094,0.4999999999996381,0
2846,0.4331290271884334,0.9,0.8727501046462955,0.3705904774509391,0.017037086854876538
2847,0.426842684,0.9,0.7976838286591321,0.25000000000425737,0.066987298
2848,0.42369951280842466,0.75,0.7019673503557974,0.14644660940692344,0.14644660940652898
2849,0.42479962281942507,0.9,0.5935537881958979,0.066987298,0.24999999999747308
2850,0.4284142699984286,0.9,0.6414120273475652,0.017037086856904082,0.37059047744337215
2851,0.4310859657394315,0.9,0.6553648667503836,0,0.49999999999908024
2852,0.4351720886374353,0.9,0.6617831728756802,0.017037086854544803,0.6294095225478229
2853,0.4383152600974385,0.9,0.7312683131017161,0.066987298,0.7499999999946327
2854,0.4394153701084398,0.9,0.7888935398353565,0.1464466094056227,0.8535533905921702
2855,0.4384724186704392,0.9,0.9291195758336821,0.24999999999636308,0.9330127018901195
2856,0.42904290429042957,0.9,0.8853076601088321,0.3705904774491622,0.9829629131446473
2857,0.41851327989941867,0.9,0.641970141,0.49999999999779854,1
2858,0.41332704699041356,0.9,0.46518766568996794,0.6294095225465849,0.9829629131457869
2859,0.40939808266540956,0.9,0.3984930933444956,0.7499999999998239,0.933012702
2860,0.39965425113939945,0.9,0.48918654946281576,0.853553391,0.8535533905952836
2861,0.39651107967939714,0.9,0.4756522952420818,0.9330127018894787,0.7500000000047469
2862,0.39226779820839264,0.9,0.16296916422491975,0.9829629131443156,0.6294095225520758
2863,0.38802451673738814,0.9,0.076880145,1,0.5000000000034831
2864,0.38393839383938433,0.9,0.041300405,0.9829629131461186,0.37059047745465307
2865,0.3806380638063813,0.9,0.02776615,0.9330127018929619,0.2500000000012861
2866,0.3806380638063813,0.9,0.038649365,0.8535533905961898,0.14644660940964233
2867,0.3806380638063813,0.9,0.099623273,0.7499999999995557,0.066987298
2868,0.3765519409083775,0.9,0.3472861727361518,0.6294095225533138,0.017037087
2869,0.3745088794593756,0.4,0.7041998046602483,0.5000000000047649,0
2870,0.3587930221593596,0.75,0.8585182084554207,0.37059047744886303,0.017037086855432815
2871,0.3509350935093516,0.9,0.7937770336263429,0.25000000000239603,0.066987298
2872,0.3498349834983494,0.75,0.6743407283382168,0.1464466094105486,0.14644660940290388
2873,0.3509350935093516,0.75,0.6354123064043533,0.066987298,0.24999999999933437
2874,0.37702341662737693,0.01,0.6970838565648109,0.017037086856347805,0.37059047744544815
2875,0.39321074964639413,0.4,0.7272219896748988,0,0.4999999999939535
2876,0.41568442558541596,0.4,0.7019673503557974,0.017037087,0.629409523
2877,0.4318717586044323,0.75,0.7329426538300544,0.066987298,0.7499999999964939
2878,0.4452302373094459,0.01,0.8087065717873587,0.1464466094071425,0.8535533905936901
2879,0.4596888260254599,0.01,0.8578205664852797,0.24999999999822442,0.9330127018911942
2880,0.4598459845984597,0.01,0.8289381889214454,0.3705904774442102,0.9829629131433204
2881,0.4486877259154487,0.01,0.6418306125296498,0.4999999999999478,1
2882,0.4350149300644355,0.05,0.504534673,0.629409523,0.9829629131452307
2883,0.4288857457174289,0.01,0.42639877215013255,0.75,0.9330127018948844
2884,0.42511393996542557,0.05,0.5356495046742011,0.8535533905927837,0.8535533905937638
2885,0.41945623133741927,0.01,0.39081903167294546,0.9330127018905534,0.7500000000028856
2886,0.41615590130441626,0.01,0.2402678945165341,0.9829629131429888,0.6294095225570278
2887,0.41049819267641086,0.01,0.1368773545416492,1,0.5000000000013338
2888,0.40924092409240975,0.01,0.078554486,0.9829629131455624,0.370590477
2889,0.40594059405940675,0.01,0.065578345,0.9330127018918872,0.2499999999994248
2890,0.40122583686940194,0.01,0.039207479,0.8535533905946701,0.14644660940812254
2891,0.40374037403740415,0.01,0.045346728,0.7500000000039955,0.066987298
2892,0.40814081408140845,0.75,0.08427515,0.6294095225512378,0.017037086855459793
2893,0.40688354549740646,0.9,0.15752755685782055,0.5000000000026156,0
2894,0.41379852270941475,0.9,0.28059160039067954,0.370590477,0.017037086854105876
2895,0.41521294986641566,0.9,0.4005860192549184,0.2500000000005347,0.066987298
2896,0.41521294986641566,0.9,0.5102553369610715,0.14644660940902887,0.1464466094044236
2897,0.42055634134842057,0.9,0.5916003906795032,0.066987298,0.24999999999489453
2898,0.4260568914034262,0.9,0.6754569554904423,0.017037086855791528,0.3705904774475242
2899,0.4273141599874273,0.9,0.7163387749407004,0,0.4999999999961028
2900,0.42574257425742656,0.9,0.6725268592158504,0.017037086853774197,0.629409523
2901,0.4299858557284302,0.9,0.6806195060694851,0.066987298,0.7499999999983553
2902,0.4299858557284302,0.9,0.6489465606250872,0.14644660940351734,0.8535533905900649
2903,0.4284142699984286,0.9,0.6232733361239012,0.2500000000000857,0.9330127018922688
2904,0.42055634134842057,0.9,0.6449002371982698,0.3705904774462862,0.9829629131438767
2905,0.41631305987741696,0.9,0.6368075903446351,0.49999999999482114,1
2906,0.41426999842841417,0.9,0.5101158085670434,0.629409523,0.9829629131446744
2907,0.41269841269841256,0.9,0.407841496,0.7499999999972453,0.9330127018938097
2908,0.40798365550840865,0.9,0.4258406585740198,0.8535533905891586,0.8535533905973889
2909,0.40704070407040804,0.9,0.4780242779405609,0.933012702,0.7500000000010243
2910,0.40484048404840456,0.9,0.24654667224780244,0.9829629131435451,0.6294095225549518
2911,0.40374037403740415,0.9,0.15571368773545416,1,0.5000000000064605
2912,0.40248310545340305,0.9,0.095158365,0.9829629131450062,0.370590477
2913,0.39745403111739774,0.9,0.062508721,0.9330127018944505,0.2500000000038646
2914,0.39949709256639965,0.9,0.026370866471326918,0.8535533905931503,0.14644660940660276
2915,0.39949709256639965,0.9,0.025254639,0.7500000000021342,0.066987298
2916,0.40484048404840456,0.9,0.045904842,0.6294095225561898,0.017037086856786676
2917,0.40594059405940675,0.9,0.089716757,0.5000000000004663,0
2918,0.40829797265440826,0.9,0.1554346309473978,0.370590477,0.017037086854662153
2919,0.40704070407040804,0.9,0.25198827961490167,0.2500000000049746,0.066987298
2920,0.40719786264340785,0.9,0.3513324961629692,0.1464466094075091,0.1464466094059434
2921,0.39541096966839584,0.9,0.46769917678247525,0.066987298,0.24999999999675582
2922,0.39745403111739774,0.4,0.531045068,0.017037087,0.37059047744257223
2923,0.40814081408140845,0.01,0.5874145388586577,0,0.49999999999825206
2924,0.41945623133741927,0.01,0.6370866471326915,0.017037086854330474,0.629409523
2925,0.42495678139242576,0.4,0.6455978791684107,0.066987298,0.7500000000002167
2926,0.4329718686154336,0.01,0.6169945583926328,0.14644660940503712,0.8535533905915846
2927,0.4339148200534342,0.4,0.6493651458071718,0.24999999999564587,0.9330127018897054
2928,0.42165645135942276,0.4,0.5819729314915585,0.37059047744836227,0.9829629131444331
2929,0.40154015401540155,0.4,0.5031393888656341,0.49999999999697037,1
2930,0.3776520509193779,0.2,0.389702805,0.629409523,0.9829629131460013
2931,0.3545497406883542,0.05,0.3249616296916423,0.7499999999991067,0.9330127018927351
2932,0.3286185761433287,0.05,0.25477884749546537,0.8535533905906784,0.8535533905958692
2933,0.31588873173031606,0.01,0.18138691223664014,0.9330127018890646,0.7500000000054641
2934,0.30158730158730185,0.01,0.11036695967629413,0.9829629131441013,0.6294095225528757
2935,0.29577243438629575,0.01,0.055671829217245714,1,0.5000000000043113
2936,0.29891560584629984,0.01,0.024556997348960514,0.9829629131444498,0.370590477
2937,0.30095866729530174,0.01,0.015906237,0.9330127018933759,0.2500000000020033
2938,0.30410183875530494,0.01,0.02776615,0.8535533905967754,0.1464466094102279
2939,0.32280370894232346,0.01,0.098367518,0.7500000000002729,0.066987298
2940,0.3429200062863429,0.75,0.35886702944049115,0.6294095225541138,0.017037087
2941,0.3553355335533559,0.9,0.7657318264266778,0.5,0
2942,0.3701084394153704,0.9,0.7664294683968187,0.370590477,0.017037087
2943,0.3785950023573794,0.9,0.5420678107994976,0.2500000000031133,0.066987298
2944,0.39085337105139084,0.9,0.6079252127808009,0.1464466094111342,0.1464466094023183
2945,0.40672638692440666,0.9,0.5285335565787638,0.066987298,0.24999999999861716
2946,0.4293572214364292,0.9,0.5399748848890749,0.017037086856562134,0.37059047744464824
2947,0.4479019330504479,0.9,0.5882517092228268,0,0.5000000000004013
2948,0.4697469746974696,0.9,0.586158783,0.017037087,0.629409523
2949,0.49426371208549424,0.01,0.6617831728756802,0.066987298,0.7499999999957768
2950,0.5096652522395098,0.9,0.7376866192270126,0.14644660940655685,0.8535533905931044
2951,0.5231808895175232,0.75,0.8540532998465188,0.24999999999750722,0.9330127018907801
2952,0.5137513751375136,0.9,0.8123343100320916,0.3705904774434102,0.9829629131431061
2953,0.49426371208549424,0.9,0.5928561462257569,0.49999999999911965,1
2954,0.4835769291214844,0.9,0.3710059997209432,0.629409523,0.9829629131454449
2955,0.4695898161244698,0.4,0.3071019952560346,0.7499999999946668,0.9330127018952985
2956,0.4623605217664628,0.9,0.2724989535370448,0.8535533905921981,0.8535533905943493
2957,0.4647179003614643,0.9,0.1755267196874564,0.9330127018901393,0.7500000000036027
2958,0.4686468646864683,0.9,0.11357611273894237,0.9829629131446576,0.6294095225507997
2959,0.4782335376394786,0.75,0.056927585,1,0.5
2960,0.4802765990884805,0.9,0.028742849169806056,0.9829629131457767,0.370590477
2961,0.49237780920949303,0.9,0.016882935677410355,0.9330127018923013,0.25000000000014194
2962,0.48970611346849013,0.4,0.029161434,0.8535533905952557,0.14644660940870818
2963,0.48043375766148033,0.9,0.09641412,0.7500000000047127,0.066987298
2964,0.4788621719314796,0.9,0.37295939723733784,0.6294095225520377,0.017037087
2965,0.48546283199748563,0.9,0.7667085251848751,0.5000000000034437,0
2966,0.48247681911048224,0.2,0.8437281986884331,0.370590477,0.017037086853891548
2967,0.48231966053748243,0.75,0.7732663597041998,0.2500000000012519,0.066987298
2968,0.48451988055948503,0.75,0.7012697083856565,0.1464466094096144,0.14644660940383802
2969,0.49237780920949303,0.9,0.5807171759453048,0.066987298,0.2500000000004785
2970,0.504950495,0.9,0.6195060694851402,0.017037086856005856,0.3705904774467243
2971,0.5117083136885117,0.9,0.6355518347983814,0,0.49999999999527467
2972,0.5106082036775113,0.9,0.6490860890191154,0.017037086855442973,0.6294095225511751
2973,0.5148514851485149,0.75,0.6990372540812055,0.066987298,0.7499999999976381
2974,0.5117083136885117,0.9,0.8089856285754151,0.14644660940293175,0.8535533905894793
2975,0.49819267641049825,0.4,0.9189340030696247,0.2499999999993685,0.9330127018918548
2976,0.49709256639949695,0.75,0.7911259941398074,0.3705904774454863,0.9829629131436624
2977,0.49127769919849085,0.9,0.6239709780940421,0.49999999999399297,1
2978,0.48656294200848693,0.9,0.41942235244872333,0.6294095225499371,0.9829629131448887
2979,0.47917648907747923,0.75,0.36737826147621044,0.7499999999965281,0.9330127018942238
2980,0.4697469746974696,0.9,0.3192409655364867,0.8535533905937178,0.8535533905928296
2981,0.4645607417884645,0.01,0.19813031952002233,0.9330127018912139,0.7500000000017415
2982,0.4488448844884494,0.01,0.13045904841635272,0.9829629131433306,0.6294095225557517
2983,0.4468018230394466,0.4,0.066973629,1,0.5000000000000128
2984,0.449787836,0.9,0.036556439,0.9829629131452204,0.3705904774513009
2985,0.4450730787364452,0.75,0.021905957862425007,0.9330127018948646,0.2500000000045818
2986,0.4353292472104351,0.75,0.029021905957862425,0.8535533905937359,0.14644660940718834
2987,0.41772748703441875,0.01,0.10646016464350495,0.7500000000028514,0.066987298
2988,0.38205249096338223,0.01,0.3704478861448305,0.6294095225569897,0.017037086857001005
2989,0.3441772748703449,0.4,0.7941956188084275,0.5000000000012944,0
2990,0.31950337890932046,0.75,0.9035858797265244,0.3705904774525389,0.017037086854447825
2991,0.29231494578029293,0.01,0.8060555323008232,0.2499999999993906,0.066987298
2992,0.2842998585572851,0.2,0.6937351751081344,0.14644660940809467,0.1464466094053578
2993,0.28587144428728584,0.01,0.6013673782614761,0.066987298,0.2499999999960386
2994,0.29262926292629254,0.01,0.629970699,0.017037087,0.37059047744880036
2995,0.30944523023730985,0.01,0.6482489186549463,0,0.4999999999974239
2996,0.31824611032531847,0.01,0.6698758197293149,0.017037087,0.6294095225462231
2997,0.3272041489863269,0.01,0.7367099204688153,0.066987298,0.7499999999994994
2998,0.3262611975483263,0.01,0.7590344635133249,0.14644660940445153,0.8535533905909991
2999,0.3322332233223322,0.05,0.8886563415655085,0.24999999999492867,0.9330127018892914
3000,0.3262611975483263,0.05,0.8114971396679224,0.37059047744756235,0.9829629131442187
3001,0.31368851170831435,0.05,0.6136458769359564,0.49999999999614225,1
3002,0.30473047304730416,0.05,0.4455141621319939,0.6294095225449851,0.9829629131462156
3003,0.30158730158730185,0.05,0.380633459,0.7499999999983895,0.9330127018931491
3004,0.29765833726229785,0.05,0.3429607925212781,0.8535533905900927,0.8535533905964547
3005,0.29388653151029365,0.01,0.22882656620622296,0.9330127018922885,0.7499999999998801
3006,0.28964325003929003,0.01,0.13938886563415653,0.982962913,0.6294095225536757
3007,0.28964325003929003,0.01,0.058322869,1,0.5000000000051394
3008,0.28209963853528164,0.01,0.0339054,0.9829629131446642,0.3705904774492249
3009,0.2723558070092733,0.75,0.020371145528114972,0.9330127018937899,0.2500000000027205
3010,0.2665409398082672,0.01,0.030556718,0.853553391,0.1464466094108135
3011,0.2560113154172563,0.01,0.10325101158085671,0.7500000000009901,0.066987298
3012,0.2448530567342453,0.01,0.36975024417468955,0.6294095225549137,0.017037086856444783
3013,0.2522395096652521,0.01,0.7971257150830193,0.5000000000064211,0
3014,0.2487820210592493,0.01,0.8599134923957025,0.3705904774504629,0.017037086855004102
3015,0.2487820210592493,0.05,0.823217525,0.25000000000383044,0.066987298
3016,0.2580543768662582,0.01,0.6942932886842472,0.1464466094065749,0.14644660940687754
3017,0.277856357,0.2,0.6054137016882936,0.066987298,0.24999999999789996
3018,0.29388653151029365,0.2,0.6497837309892562,0.017037086856776462,0.3705904774438483
3019,0.30661637592330626,0.4,0.6721082740337658,0,0.4999999999995732
3020,0.31840326889831827,0.4,0.654109111,0.017037086854672367,0.6294095225482991
3021,0.3284614175703289,0.4,0.7018278219617692,0.066987298,0.7499999999950596
3022,0.3352192362093356,0.01,0.7788474954653272,0.14644660940597132,0.8535533905925188
3023,0.3341191261983343,0.01,0.8703781219478164,0.25,0.933012702
3024,0.3305044790193308,0.01,0.8377284777452211,0.3705904774426103,0.9829629131428919
3025,0.30865943737230817,0.05,0.6197851262731966,0.49999999999829153,1
3026,0.29482948294829514,0.01,0.4536068089856286,0.6294095225470611,0.9829629131456594
3027,0.29168631148829194,0.01,0.39891167852658016,0.7500000000002508,0.9330127018920745
3028,0.28335690711928363,0.01,0.35370447886144835,0.8535533905916126,0.8535533905949351
3029,0.27911362564827913,0.01,0.2374773266359704,0.9330127018897252,0.7500000000043199
3030,0.2703127455602705,0.01,0.1451095297893121,0.9829629131444433,0.6294095225515997
3031,0.2665409398082672,0.01,0.096135063,1,0.5000000000029902
3032,0.2602545968882599,0.01,0.06083438,0.982962913,0.37059047745417695
3033,0.2487820210592493,0.01,0.039207479,0.9330127018927153,0.25000000000085915
3034,0.2508250825082512,0.01,0.035440212,0.8535533905958412,0.14644660940929372
3035,0.2489391796322491,0.01,0.11427375470908331,0.7500000000054299,0.066987298
3036,0.2432814710042437,0.01,0.34812334310032095,0.6294095225528377,0.017037086855888506
3037,0.239823982,0.01,0.7537323845402539,0.5000000000042718,0
3038,0.23306616375923417,0.05,0.8801451095297893,0.37059047744838686,0.017037087
3039,0.23652365236523698,0.01,0.8020092088740058,0.2500000000019691,0.066987298
3040,0.247681911,0.01,0.6813171480396261,0.146446609,0.1464466094032525
3041,0.2703127455602705,0.01,0.6188084275149993,0.066987298,0.2499999999997613
3042,0.29922992299229945,0.01,0.6877354541649225,0.017037086856220185,0.3705904774459243
3043,0.32940436900833037,0.01,0.7037812194781637,0,0.4999999999944465
3044,0.3477919220493475,0.01,0.6997348960513464,0.017037086855228645,0.6294095225503751
3045,0.3674367436743675,0.05,0.7372680340449281,0.066987298,0.7499999999969209
3046,0.37828068521137803,0.05,0.7957304311427376,0.14644660940234616,0.8535533905888937
3047,0.38519566242338543,0.05,0.8801451095297893,0.2499999999986513,0.9330127018914407
3048,0.38613861386138604,0.05,0.8276824333751919,0.3705904774446864,0.9829629131434481
3049,0.370422757,0.01,0.6842472443142179,0.5000000000004408,1
3050,0.349363508,0.01,0.5088600530207897,0.6294095225491372,0.9829629131451031
3051,0.340876945,0.05,0.44690944607227573,0.7499999999958109,0.9330127018946379
3052,0.32217507465032247,0.01,0.4672805916003907,0.8535533905931323,0.8535533905934152
3053,0.31054534024831026,0.01,0.4176084833263569,0.9330127018907999,0.7500000000024587
3054,0.30535910733930516,0.01,0.2404074229105623,0.9829629131431163,0.6294095225565517
3055,0.29797265440829834,0.01,0.2429189340030696,1,0.5000000000008409
3056,0.30017287443030094,0.01,0.16045765313241245,0.9829629131454347,0.37059047745210083
3057,0.30221593587930284,0.01,0.11134365843449141,0.9330127018952787,0.25
3058,0.29907276441929964,0.01,0.057625227,0.8535533905943216,0.146446609
3059,0.29671538582429635,0.01,0.051485977396400165,0.7500000000035686,0.066987298
3060,0.32940436900833037,0.9,0.057625227,0.6294095225507617,0.017037087
3061,0.346063178,0.4,0.13129621878052183,0.5000000000021225,0
3062,0.3628791450573634,0.9,0.15473698897725685,0.37059047745333884,0.017037086854233496
3063,0.3685368536853688,0.75,0.28017301520859494,0.2500000000001078,0.066987298
3064,0.38425271098538394,0.01,0.429747454,0.14644660940868026,0.14644660940477222
3065,0.41206977840641246,0.9,0.5214176084833263,0.066987298,0.24999999999532146
3066,0.4331290271884334,0.9,0.6093204967210827,0.017037086855663963,0.3705904774480004
3067,0.4450730787364452,0.9,0.6754569554904423,0,0.4999999999965958
3068,0.4587458745874584,0.01,0.6829914887679642,0.017037087,0.6294095225454232
3069,0.4716328775734717,0.4,0.6584344914190038,0.066987298,0.7499999999987823
3070,0.476661952,0.75,0.6188084275149993,0.14644660940386595,0.8535533905904135
3071,0.48247681911048224,0.4,0.63597042,0.25000000000051265,0.9330127018925153
3072,0.47933364765047903,0.4,0.6301102274312822,0.3705904774467624,0.9829629131440043
3073,0.4755618418984757,0.9,0.6076461559927445,0.4999999999953141,1
3074,0.4573314474304575,0.4,0.5438816799218641,0.6294095225512132,0.9829629131445468
3075,0.449787836,0.75,0.4812334310032092,0.7499999999976723,0.9330127018935632
3076,0.4480590916234477,0.9,0.556718292,0.8535533905895072,0.8535533905970404
3077,0.4519880559484517,0.9,0.5338356355518348,0.9330127018918745,0.7500000000005973
3078,0.458274399,0.9,0.3357053160318125,0.9829629131436726,0.6294095225544756
3079,0.4593745088794594,0.9,0.2429189340030696,1,0.5000000000059676
3080,0.4540311173974536,0.9,0.16045765313241245,0.9829629131448785,0.3705904774500248
3081,0.4499449944994498,0.9,0.11134365843449141,0.933012702,0.2500000000034377
3082,0.4353292472104351,0.9,0.057625227,0.8535533905928018,0.1464466094062542
3083,0.41647021845041676,0.9,0.051485977396400165,0.7500000000017073,0.066987298
3084,0.38598145528838623,0.4,0.057904284,0.6294095225557136,0.017037087
3085,0.3622505107653624,0.01,0.1216687595925771,0.4999999999999733,0
3086,0.3504636177903504,0.75,0.14190037672666386,0.37059047745126283,0.017037086854789774
3087,0.3419770548483423,0.05,0.25031393888656345,0.25000000000454764,0.066987298
3088,0.3410341034103408,0.75,0.37965676015069066,0.14644660940716048,0.146446609
3089,0.3481062391953489,0.01,0.4855588112180829,0.066987298,0.2499999999971828
3090,0.3617790350463621,0.2,0.509836752,0.017037087,0.3705904774430484
3091,0.3691654879773698,0.2,0.5477884749546532,0,0.49999999999874506
3092,0.3771805752003776,0.4,0.58992605,0.017037087,0.6294095225474992
3093,0.38425271098538394,0.2,0.581554346,0.066987298,0.7499999999943424
3094,0.39352506679239374,0.2,0.5874145388586577,0.14644660940538573,0.8535533905919332
3095,0.39446801823039523,0.01,0.6111343658434492,0.2499999999960728,0.9330127018899519
3096,0.39336790821939394,0.01,0.4964420259522813,0.37059047744883844,0.9829629131445606
3097,0.3823668081093827,0.01,0.362494768,0.49999999999746336,1
3098,0.3628791450573634,0.75,0.28017301520859494,0.6294095225462611,0.9829629131458737
3099,0.3503064592173506,0.9,0.27389423747732666,0.7499999999995336,0.9330127018924885
3100,0.3440201162973442,0.9,0.3680759034463514,0.8535533905910269,0.8535533905955206
3101,0.3399339933993395,0.01,0.3309613506348542,0.9330127018893111,0.7500000000050372
3102,0.334276285,0.01,0.13185433235663457,0.9829629131442289,0.6294095225523996
3103,0.3283042589973282,0.01,0.056369471,1,0.5000000000038183
3104,0.3253182461103248,0.01,0.030138133110087905,0.9829629131462054,0.37059047745497686
3105,0.3253182461103248,0.01,0.019952560346030417,0.9330127018931295,0.2500000000015764
3106,0.3284614175703289,0.01,0.027487094,0.8535533905964269,0.14644660940987936
3107,0.3347477604903353,0.01,0.097390819,0.7499999999998459,0.066987298
3108,0.3341191261983343,0.01,0.34700711594809547,0.6294095225536376,0.017037086856102834
3109,0.3312902718843316,0.01,0.7692200362773824,0.5,0
3110,0.33034732044633097,0.01,0.8981442723594251,0.37059047744918683,0.017037087
3111,0.3322332233223322,0.01,0.7905678805636946,0.2500000000026863,0.066987298
3112,0.3410341034103408,0.01,0.6658294963024975,0.14644660941078558,0.14644660940266685
3113,0.3619361936193628,0.01,0.5727640574856984,0.066987298,0.2499999999990441
3114,0.39965425113939945,0.75,0.5780661364587694,0.017037087,0.3705904774451244
3115,0.4279427942794283,0.01,0.6301102274312822,0,0.4999999999936183
3116,0.4436586515794443,0.01,0.6100181386912237,0.017037086855014316,0.6294095225495753
3117,0.4571742888574577,0.75,0.6693177061532022,0.066987298,0.7499999999962037
3118,0.4636177903504639,0.01,0.7710339053997488,0.14644660940690546,0.8535533905934529
3119,0.4656608517994658,0.9,0.8982838007534533,0.24999999999793415,0.9330127018910266
3120,0.4603174603174609,0.9,0.8214036556439235,0.3705904774438864,0.9829629131432338
3121,0.4551312274084558,0.9,0.6157388028463792,0.49999999999961264,1
3122,0.4530881659594539,0.9,0.3816101576670853,0.6294095225483372,0.9829629131453175
3123,0.4510451045104511,0.9,0.3167294544439794,0.7499999999950938,0.9330127018950519
3124,0.4551312274084558,0.9,0.2773824473280313,0.8535533905925468,0.8535533905940008
3125,0.4519880559484517,0.9,0.18668899120971116,0.9330127018903858,0.7500000000031759
3126,0.4512022630834518,0.75,0.1134365843449142,0.9829629131429021,0.6294095225573516
3127,0.4472732987584478,0.9,0.054276545276963864,1,0.5
3128,0.4431871758604431,0.75,0.029719548,0.9829629131456492,0.3705904774529008
3129,0.4431871758604431,0.4,0.020092088740058602,0.9330127018920549,0.24999999999971506
3130,0.4395725286814405,0.01,0.028742849169806056,0.8535533905949071,0.14644660940835957
3131,0.4383152600974385,0.9,0.10855309055392773,0.7500000000042858,0.066987298
3132,0.4323432343234326,0.9,0.37965676015069066,0.6294095225515616,0.017037086855546557
3133,0.42369951280842466,0.9,0.7671271103669597,0.5000000000029508,0
3134,0.41647021845041676,0.9,0.8114971396679224,0.3705904774541388,0.017037086854019168
3135,0.41568442558541596,0.9,0.6901074368634017,0.25,0.066987298
3136,0.40986955838441075,0.9,0.5618808427514999,0.14644660940926585,0.14644660940418663
3137,0.40798365550840865,0.9,0.5321612948234965,0.066987298,0.24999999999460426
3138,0.40688354549740646,0.9,0.5574159341425979,0.017037086855878292,0.3705904774472004
3139,0.40185447116140205,0.9,0.5896469931631086,0,0.4999999999957676
3140,0.39651107967939714,0.9,0.5871354820706013,0.017037086855570593,0.6294095225516512
3141,0.38519566242338543,0.9,0.6324822101297614,0.066987298,0.7499999999980651
3142,0.38912462674838943,0.9,0.7307101995256035,0.14644660940328036,0.8535533905898278
3143,0.38032374666037994,0.9,0.8910283242639877,0.24999999999979544,0.9330127018921013
3144,0.3734087694483734,0.9,0.7912655225338356,0.37059047744596246,0.982962913
3145,0.3636649379223633,0.01,0.605692758,0.49999999999448597,1
3146,0.3536067892503536,0.75,0.4171898981442724,0.6294095225504133,0.9829629131447611
3147,0.3476347634763477,0.4,0.34226315055113715,0.7499999999969551,0.9330127018939773
3148,0.3319189061763317,0.05,0.3001255755546254,0.8535533905889217,0.8535533905976259
3149,0.31950337890932046,0.75,0.20329287009906516,0.9330127018914605,0.7500000000013145
3150,0.30174446016030165,0.75,0.11734337937770338,0.9829629131434583,0.6294095225552756
3151,0.29200062863429244,0.75,0.087344775,1,0.4999999999995198
3152,0.27817067421027764,0.01,0.062508721,0.9829629131450929,0.37059047745082474
3153,0.2624548169102625,0.01,0.041021348,0.9330127018946182,0.2500000000041549
3154,0.2478390696212487,0.01,0.03823078,0.8535533905933874,0.14644660940683984
3155,0.23306616375923417,0.01,0.11176224361657598,0.7500000000024245,0.066987298
3156,0.21122112211221156,0.01,0.3795172317566625,0.6294095225565135,0.017037087
3157,0.19959138771019935,0.01,0.7928003348681456,0.5000000000008015,0
3158,0.19283356907119265,0.01,0.9309334449560486,0.37059047745206275,0.017037086854575445
3159,0.18387553041018423,0.4,0.8374494209571648,0.25000000000526484,0.066987298
3160,0.18796165330818804,0.4,0.6864796986186689,0.14644660940774606,0.14644660940570642
3161,0.19943422913719955,0.2,0.562020371,0.066987298,0.24999999999646555
3162,0.22112211221122147,0.2,0.6404353285893679,0.017037086855322015,0.37059047744927653
3163,0.2465818010372467,0.01,0.6574577926608064,0,0.4999999999979169
3164,0.2643407197862646,0.05,0.643504953,0.017037087,0.6294095225466992
3165,0.27911362564827913,0.01,0.6919213059857681,0.066987298,0.7499999999999264
3166,0.29278642149929235,0.2,0.7816380633458908,0.1464466094048001,0.8535533905913476
3167,0.29985855728430044,0.01,0.9079112599413981,0.2499999999953556,0.9330127018895379
3168,0.30174446016030165,0.05,0.8975861587833124,0.3705904774480385,0.9829629131443463
3169,0.28602860286028564,0.08,0.6771312962187805,0.4999999999966352,1
3170,0.2792707842212798,0.4,0.45835077438258687,0.6294095225454612,0.982962913
3171,0.2676410498192685,0.9,0.36179712571508305,0.7499999999988164,0.9330127018929026
3172,0.2676410498192685,0.4,0.3775638342402679,0.8535533905904413,0.8535533905961061
3173,0.2613547068992612,0.01,0.5318822380354402,0.933012702,0.7499999999994532
3174,0.2550683639792557,0.01,0.15682991488767964,0.9829629131440145,0.6294095225531995
3175,0.2509822410812519,0.01,0.068229385,1,0.5000000000046465
3176,0.2478390696212487,0.01,0.033765871,0.9829629131445365,0.37059047744874873
3177,0.23416627377023458,0.01,0.024975583,0.9330127018935435,0.25000000000229355
3178,0.22049347791922136,0.01,0.031952002,0.8535533905970125,0.1464466094104649
3179,0.21625019644821597,0.01,0.10673922143156132,0.7500000000005631,0.066987298
3180,0.21106396353921086,0.01,0.3652853355657877,0.6294095225544375,0.017037086856317163
3181,0.20587773063020665,0.01,0.7803823077996372,0.5000000000059281,0
3182,0.20273455917020344,0.01,0.9093065438816799,0.37059047744998674,0.017037086855131722
3183,0.19849127769919805,0.05,0.8054974187247105,0.2500000000034035,0.066987298
3184,0.21625019644821597,0.05,0.6987581972931491,0.14644660940622628,0.14644660940722615
3185,0.23306616375923417,0.01,0.6158783312404074,0.066987298,0.2499999999983269
3186,0.2613547068992612,0.01,0.6524347704757918,0.017037086856648898,0.3705904774443245
3187,0.28697155429828713,0.01,0.6628994000279056,0,0.5000000000000662
3188,0.31148829168631176,0.01,0.6761545974605832,0.017037086854799988,0.6294095225487752
3189,0.3334904919063342,0.01,0.7275010464629552,0.066987298,0.7499999999954865
3190,0.3503064592173506,0.05,0.8181945025812752,0.14644660940631987,0.8535533905928674
3191,0.356592802,0.05,0.9042835216966653,0.24999999999721695,0.9330127018906125
3192,0.3644507307873641,0.01,0.8448444258406586,0.3705904774430865,0.9829629131430193
3193,0.3479490806223482,0.4,0.657876378,0.4999999999987845,1
3194,0.348734873,0.75,0.45821124598855867,0.6294095225475372,0.9829629131455317
3195,0.3509350935093516,0.4,0.3931910143714246,0.7499999999943765,0.933012702
3196,0.3537639478233534,0.9,0.37002930096274594,0.8535533905919611,0.8535533905945865
3197,0.3617790350463621,0.75,0.2660806474117483,0.9330127018899717,0.75
3198,0.3639792550683647,0.75,0.14580717175945304,0.9829629131445708,0.6294095225511235
3199,0.367751061,0.9,0.066555044,1,0.5000000000024972
3200,0.3713657079993715,0.9,0.03906795,0.9829629131458635,0.3705904774537008
3201,0.3713657079993715,0.9,0.026510394865355103,0.9330127018924689,0.2500000000004322
3202,0.3723086594373721,0.01,0.031672945,0.8535533905954926,0.14644660940894516
3203,0.367751061,0.01,0.10618110785544858,0.75,0.066987298
3204,0.3694798051233694,0.01,0.3679363750523232,0.6294095225523615,0.017037086855760886
3205,0.3752946723243755,0.01,0.7773126831310171,0.5000000000037789,0
3206,0.37828068521137803,0.01,0.8875401144132831,0.3705904774549387,0.017037086853804784
3207,0.3806380638063813,0.01,0.7809404213757499,0.2500000000015422,0.066987298
3208,0.39195348106239214,0.01,0.6532719408399609,0.14644660940985144,0.14644660940360105
3209,0.41364136413641317,0.01,0.5706711315752755,0.066987298,0.25000000000018824
3210,0.4362721986484366,0.01,0.6070880424166317,0.017037087,0.3705904774464005
3211,0.4714757190004719,0.75,0.6349937212222687,0,0.4999999999949395
3212,0.501021531,0.4,0.6291335286730849,0.017037086855356265,0.6294095225508514
3213,0.5285242809995281,0.4,0.6803404492814288,0.066987298,0.7499999999973479
3214,0.5530410183875527,0.4,0.7753592856146225,0.14644660940269477,0.8535533905892423
3215,0.5692283514065699,0.01,0.900376727,0.24999999999907824,0.9330127018916872
3216,0.5682853999685684,0.01,0.8387051765034185,0.3705904774451625,0.9829629131435756
3217,0.5561841898475559,0.4,0.6391795730431142,0.4999999999936578,1
3218,0.5432971868615435,0.75,0.4287707548486117,0.6294095225496132,0.9829629131449755
3219,0.5374823196605374,0.01,0.35342542207339195,0.7499999999962379,0.9330127018943914
3220,0.5451830897375456,0.75,0.3312404074229106,0.8535533905934809,0.8535533905930667
3221,0.550212164,0.01,0.29705595088600534,0.9330127018910463,0.7500000000020317
3222,0.5552412384095562,0.01,0.1333891446909446,0.982962913,0.6294095225560754
3223,0.5495835297815499,0.01,0.15124877912655224,1,0.5000000000003479
3224,0.5421970768505422,0.01,0.094181666,0.9829629131453073,0.37059047745162466
3225,0.539053905,0.4,0.059299567,0.9330127018950323,0.2500000000048721
3226,0.5337105139085341,0.01,0.030835775,0.853553391,0.14644660940742538
3227,0.5233380480905239,0.01,0.021208315892284082,0.7500000000031417,0.066987298
3228,0.515951595,0.01,0.048416353,0.6294095225573135,0.017037087
3229,0.5076221907905079,0.01,0.10632063624947677,0.5000000000016296,0
3230,0.500235738,0.9,0.15850425561601786,0.37059047745286267,0.017037087
3231,0.49300644350149314,0.9,0.2769638621459467,0.24999999999968087,0.066987298
3232,0.49284928492849334,0.75,0.424445375,0.1464466094083317,0.14644660940512078
3233,0.5033789093195042,0.01,0.5768103809125157,0.066987298,0.24999999999574835
3234,0.5082508250825089,0.01,0.6323426817357332,0.017037086855536343,0.37059047744847656
3235,0.5242809995285245,0.01,0.6846658294963025,0,0.4999999999970887
3236,0.5338676724815348,0.01,0.6718292172457094,0.017037086854029382,0.6294095225458993
3237,0.5494263712085501,0.01,0.6799218640993442,0.066987298,0.7499999999992092
3238,0.5577557755775584,0.01,0.6560625087205246,0.1464466094042145,0.853553391
3239,0.5519409083765523,0.4,0.6483884470489745,0.2499999999946384,0.9330127018891239
3240,0.5440829797265443,0.4,0.6796428073112878,0.3705904774472386,0.982962913
3241,0.5307245010215316,0.9,0.6454583507743825,0.4999999999958071,1
3242,0.5187804494735189,0.9,0.4872331519464211,0.6294095225516894,0.9829629131444192
3243,0.5117083136885117,0.9,0.38356355518347984,0.7499999999980992,0.9330127018933168
3244,0.5096652522395098,0.9,0.37979628854471886,0.8535533905898558,0.8535533905966917
3245,0.5085651422285085,0.9,0.33151946421096695,0.9330127018921209,0.7500000000001704
3246,0.5099795693855103,0.01,0.23845402539416768,0.9829629131438002,0.6294095225539995
3247,0.5106082036775113,0.4,0.15110925073252407,1,0.5000000000054746
3248,0.5106082036775113,0.4,0.09990233,0.9829629131447509,0.37059047744954865
3249,0.5148514851485149,0.01,0.059299567,0.9330127018939576,0.25000000000301076
3250,0.508093667,0.01,0.030835775,0.853553391,0.14644660941105053
3251,0.5054219707685061,0.9,0.021208315892284082,0.7500000000012803,0.066987298
3252,0.49284928492849334,0.4,0.044090972512906376,0.6294095225552374,0.017037087
3253,0.4688040232594699,0.01,0.092228268,0.4999999999994803,0
3254,0.4488448844884494,0.01,0.13548207060136738,0.37059047745078666,0.017037086854917338
3255,0.4394153701084398,0.01,0.23384958839123762,0.2500000000041207,0.066987298
3256,0.4395725286814405,0.05,0.35621598995395565,0.14644660940681192,0.14644660940664056
3257,0.4562313374194571,0.01,0.47495465327194086,0.066987298,0.2499999999976097
3258,0.4719471947194722,0.05,0.5356495046742011,0.017037086856863226,0.3705904774435246
3259,0.48766305201948823,0.01,0.5837868006139249,0,0.5
3260,0.5011786892975008,0.01,0.6370866471326915,0.017037087,0.6294095225479753
3261,0.5106082036775113,0.01,0.6174131435747174,0.066987298,0.7499999999947693
3262,0.5187804494735189,0.01,0.5900655783451932,0.14644660940573428,0.8535533905922819
3263,0.5261669024045266,0.01,0.6504813729593972,0.24999999999649974,0.9330127018901985
3264,0.5208235109225208,0.01,0.7887540114413283,0.3705904774493146,0.9829629131446882
3265,0.5051076536225048,0.01,0.5373238454025394,0.49999999999795636,1
3266,0.49284928492849334,0.01,0.4262592437561044,0.6294095225467373,0.982962913
3267,0.4736759390224736,0.01,0.3513324961629692,0.7499999999999606,0.9330127018922421
3268,0.4656608517994658,0.01,0.292311985,0.8535533905913755,0.853553391
3269,0.4471161401854471,0.01,0.22464071438537742,0.9330127018895575,0.7500000000046103
3270,0.4416155901304424,0.01,0.1333891446909446,0.9829629131443565,0.6294095225519234
3271,0.4332861857614332,0.01,0.074229106,1,0.5000000000033253
3272,0.4342291371994338,0.01,0.040323706,0.9829629131460778,0.3705904774545007
3273,0.43092880716643167,0.01,0.029440491,0.9330127018928829,0.2500000000011494
3274,0.4273141599874273,0.01,0.03557974,0.8535533905960783,0.14644660940953075
3275,0.4235423542354231,0.01,0.10548346588530766,0.75,0.066987298
3276,0.4273141599874273,0.01,0.3613785405329985,0.6294095225531614,0.017037086855975214
3277,0.4214992927864212,0.01,0.7819171201339472,0.5,0
3278,0.426842684,0.01,0.9111204130040463,0.37059047744871065,0.017037086855473615
3279,0.4342291371994338,0.01,0.8569833961211106,0.2500000000022594,0.066987298
3280,0.4614175703284613,0.01,0.6739221431561322,0.14644660941043702,0.14644660940301546
3281,0.49803551783749844,0.01,0.6047160597181526,0.066987298,0.24999999999947103
3282,0.5242809995285245,0.01,0.6202037114552811,0.017037087,0.3705904774456006
3283,0.5505264812195514,0.01,0.6298311706432259,0,0.4999999999941113
3284,0.5588558855885588,0.01,0.6531324124459327,0.017037087,0.6294095225500513
3285,0.5725286814395729,0.01,0.6721082740337658,0.066987298,0.7499999999966307
3286,0.5855728429985851,0.01,0.7611273894237477,0.14644660940210918,0.8535533905886568
3287,0.6854785478547858,0.56,0.8568438677270824,0.24999999999836103,0.933012702
3288,0.6801037246581809,0.4,0.7865215571368773,0.3705904774443626,0.9829629131433613
3289,0.6724815338676717,0.4,0.6017859634435607,0.5000000000001056,1
3290,0.6605374823196608,0.4,0.45709501883633324,0.6294095225488134,0.9829629131451898
3291,0.6417570328461424,0.4,0.3952839402818474,0.7499999999955207,0.9330127018948055
3292,0.6248624862486252,0.4,0.36054137016882937,0.8535533905928954,0.8535533905936522
3293,0.6102467389596113,0.2,0.27919631645039766,0.9330127018906322,0.7500000000027489
3294,0.5993242181360992,0.01,0.16310869261894795,0.9829629131430295,0.6294095225568754
3295,0.5923306616375927,0.01,0.081205525,1,0.5000000000011761
3296,0.4467232437529467,0,0.030556718,0.9829629131455215,0.3705904774524246
3297,0.42662266226622725,0,0.021347844286312267,0.9330127018954463,0.25000000000558925
3298,0.42662266226622725,0,0.029161434,0.8535533905945585,0.14644660940801102
3299,0.42662266226622725,0,0.10018138691223664,0.7500000000038589,0.066987298
3300,0.4154015401540154,0,0.36737826147621044,0.6294095225510854,0.017037086855418992
3301,0.4154015401540154,0,0.7898702385935538,0.5000000000024577,0
3302,0.4154015401540154,0,0.8709362355239291,0.37059047745366264,0.017037086854146732
3303,0.4505893446487508,0.24,0.8218222408260081,0.25000000000039807,0.066987298
3304,0.46797108282256916,0,0.7032231059020511,0.14644660940891724,0.14644660940453524
3305,0.46797108282256916,0,0.597460583,0.066987298,0.2499999999950312
3306,0.533757661,0.08,0.6330403237058742,0.017037087,0.3705904774476766
3307,0.533757661,0.08,0.6700153481233431,0,0.4999999999962606
3308,0.533757661,0.08,0.6555043951444118,0.017037086853814998,0.6294095225450993
3309,0.5040075436115043,0.36,0.6955490442305009,0.066987298,0.75
3310,0.5040075436115043,0.36,0.8063345890888796,0.1464466094036289,0.8535533905901764
3311,0.5040075436115043,0.36,0.8953537044788614,0.2500000000002224,0.9330127018923478
3312,0.43528209963853515,0,0.8343797962885446,0.37059047744643864,0.9829629131439176
3313,0.43528209963853515,0,0.6447607088042416,0.4999999999949789,1
3314,0.43528209963853515,0,0.4552811497139668,0.6294095225508893,0.9829629131446336
3315,0.3998428414270001,0,0.3630528812613367,0.75,0.9330127018937309
3316,0.3998428414270001,0,0.41830612529649785,0.8535533905892702,0.8535533905972774
3317,0.3998428414270001,0,0.4870936235523929,0.9330127018917069,0.7500000000008875
3318,0.37504321860757583,0,0.16506209013534254,0.9829629131435859,0.6294095225547993
3319,0.37504321860757583,0,0.077856844,1,0.5000000000063027
3320,0.37504321860757583,0,0.03557974,0.9829629131449653,0.37059047745034857
3321,0.3463617790350475,0,0.024277940560904144,0.9330127018943717,0.2500000000037279
3322,0.3463617790350475,0,0.030975303474257015,0.8535533905930388,0.14644660940649123
3323,0.3463617790350475,0,0.10757639179573043,0.7500000000019975,0.066987298
3324,0.3206349206349217,0,0.3652853355657877,0.6294095225560374,0.017037087
3325,0.3206349206349217,0,0.7948932607785684,0.5000000000003084,0
3326,0.3206349206349217,0,0.9372122226873169,0.3705904774515866,0.017037087
3327,0.33798522709413836,0.08,0.8264266778289382,0.2500000000048379,0.066987298
3328,0.33798522709413836,0.08,0.7064322589646993,0.1464466094073975,0.14644660940605497
3329,0.3426214049976424,0,0.6037393609599553,0.066987298,0.24999999999689249
3330,0.426842684,0,0.6404353285893679,0.017037086857077555,0.37059047744272466
3331,0.426842684,0,0.6651318543323566,0,0.4999999999984098
3332,0.426842684,0,0.6641551555741593,0.017037086854371275,0.6294095225471754
3333,0.48010372465818074,0,0.7106181107855448,0.066987298,0.7500000000003533
3334,0.48010372465818074,0,0.7662899400027905,0.1464466094051487,0.8535533905916962
3335,0.48010372465818074,0,0.9052602204548625,0.24999999999578254,0.9330127018897844
3336,0.43927392739273996,0.08,0.8343797962885446,0.3705904774485147,0.9829629131444739
3337,0.43927392739273996,0.08,0.660108832,0.4999999999971282,1
3338,0.43927392739273996,0.08,0.4728617273615181,0.6294095225459374,0.9829629131459604
3339,0.38323118026088343,0,0.38105204409097254,0.7499999999992433,0.9330127018926562
3340,0.38323118026088343,0,0.36472722198967494,0.8535533905907899,0.8535533905957575
3341,0.38323118026088343,0,0.22450118599134924,0.9330127018891435,0.7500000000053275
3342,0.3833883388338841,0,0.1307381052044091,0.9829629131441422,0.6294095225527233
3343,0.3833883388338841,0,0.08343798,1,0.5000000000041535
3344,0.3833883388338841,0,0.054555602065020234,0.982962913,0.37059047744827256
3345,0.38738016658808716,0.08,0.04255616,0.933012702,0.2500000000018666
3346,0.38738016658808716,0.08,0.04953258,0.8535533905966639,0.14644660941011634
3347,0.38738016658808716,0.08,0.11441328310311148,0.7500000000001362,0.066987298
3348,0.3927549897846929,0.24,0.36863401702246407,0.6294095225539613,0.017037087
3349,0.3927549897846929,0.24,0.782475234,0.5000000000054352,0
3350,0.3927549897846929,0.24,0.9453048695409516,0.37059047744951057,0.017037086855259287
3351,0.42560113154172585,0.2,0.8405190456257848,0.25000000000297656,0.066987298
3352,0.42560113154172585,0.2,0.6874563973768661,0.1464466094110226,0.14644660940242987
3353,0.42560113154172585,0.2,0.6135063485419282,0.066987298,0.24999999999875377
3354,0.516721672,0.68,0.6454583507743825,0.017037086856521277,0.37059047744480067
3355,0.516721672,0.68,0.6628994000279056,0,0.5000000000005591
3356,0.516721672,0.68,0.687316869,0.017037086854927552,0.6294095225492514
3357,0.5683639792550683,0.76,0.7328031254360262,0.066987298,0.7499999999959135
3358,0.5683639792550683,0.76,0.7768940979489326,0.14644660940666848,0.853553391
3359,0.5683639792550683,0.76,0.9000976698758197,0.24999999999764388,0.9330127018908589
3360,0.5255382681125256,0.2,0.859494907,0.37059047744356266,0.982962913
3361,0.5255382681125256,0.2,0.6348541928282405,0.49999999999927747,1
3362,0.5255382681125256,0.2,0.45849030277661507,0.6294095225480134,0.9829629131454042
3363,0.47751060820367774,0.12,0.39360959955350916,0.7499999999948035,0.9330127018952195
3364,0.47751060820367774,0.12,0.4423050090693456,0.8535533905923097,0.8535533905942378
3365,0.47751060820367774,0.12,0.5076042974745361,0.9330127018902181,0.7500000000034661
3366,0.4588873173031591,0,0.16827124319799078,0.9829629131446984,0.6294095225506473
3367,0.4588873173031591,0,0.08078694,1,0.5000000000020042
3368,0.4588873173031591,0,0.040323706,0.9829629131457358,0.3705904774532246
3369,0.43008015087223006,0,0.029580019533975165,0.9330127018922224,0.25000000000000533
3370,0.43008015087223006,0,0.032928700990651594,0.853553391,0.14644660940859655
3371,0.43008015087223006,0,0.099762802,0.7500000000045761,0.066987298
3372,0.4178689297501186,0,0.34379796288544723,0.6294095225518853,0.017037087
3373,0.4178689297501186,0,0.7467559648388447,0.5000000000032859,0
3374,0.4178689297501186,0,0.8730291614343518,0.37059047745446255,0.017037086853932404
3375,0.4991827754203997,0,0.8158225198827961,0.2500000000011152,0.066987298
3376,0.4991827754203997,0,0.710757639,0.14644660940950283,0.1464466094039496
3377,0.5189533239038195,0,0.6596902469652574,0.066987298,0.25
3378,0.675498978,0,0.7180131156690386,0.017037087,0.3705904774468767
3379,0.675498978,0,0.7355936933165899,0,0.49999999999543243
3380,0.675498978,0,0.7308497279196317,0.017037087,0.6294095225513274
3381,0.7099952852428104,0,0.7480117203850983,0.066987298,0.7499999999977748
3382,0.7099952852428104,0,0.8151248779126552,0.14644660940304333,0.8535533905895909
3383,0.7099952852428104,0,0.901074369,0.24999999999950517,0.9330127018919336
3384,0.6352035203520354,0,0.7701967350355797,0.37059047744563867,0.9829629131437032
3385,0.6352035203520354,0,0.6818752616157387,0.4999999999941508,1
3386,0.6352035203520354,0,0.5304869540951583,0.6294095225500895,0.9829629131448478
3387,0.5677196291057682,0.08,0.43058462397097813,0.7499999999966649,0.9330127018941449
3388,0.5677196291057682,0.08,0.4201199944188643,0.8535533905886846,0.853553391
3389,0.5677196291057682,0.08,0.34365843449141903,0.9330127018912928,0.7500000000016047
3390,0.5220493477919228,0,0.23719826984791406,0.9829629131433715,0.6294095225555993
3391,0.5220493477919228,0,0.15585321612948233,1,0.49999999999985495
3392,0.5220493477919228,0,0.088740059,0.9829629131451796,0.37059047745114854
3393,0.4915291529152914,0,0.069345612,0.9330127018947858,0.2500000000044451
3394,0.4915291529152914,0,0.035719269,0.8535533905936243,0.14644660940707682
3395,0.4915291529152914,0,0.037254081,0.7500000000027147,0.066987298
3396,0.4643407197862639,0,0.069066555,0.6294095225568372,0.017037086856960204
3397,0.4643407197862639,0,0.1487372680340449,0.5000000000011366,0
3398,0.4643407197862639,0,0.25659271661783173,0.3705904774523865,0.017037087
3399,0.4958510136727958,0,0.4097948932607786,0.2500000000055551,0.066987298
3400,0.4958510136727958,0,0.5080228826566205,0.1464466094079831,0.14644660940546939
3401,0.5168316831683168,0.24,0.5882517092228268,0.066987298,0.24999999999617528
3402,0.6302373094452309,0.08,0.6348541928282405,0.017037087,0.37059047744895274
3403,0.6302373094452309,0.08,0.6977814985349519,0,0.4999999999975817
3404,0.6302373094452309,0.08,0.6977814985349519,0.017037086854156946,0.6294095225463755
3405,0.6817538896746815,0,0.7174550020929259,0.066987298,0.7499999999996361
3406,0.6817538896746815,0,0.6426677828938189,0.1464466094045631,0.8535533905911106
3407,0.6817538896746815,0,0.6695967629412585,0.24999999999506534,0.9330127018893704
3408,0.6104196133899102,0.32,0.663876099,0.3705904774477148,0.9829629131442595
3409,0.6104196133899102,0.32,0.6155992744523511,0.5,1
3410,0.6104196133899102,0.32,0.5063485419282824,0.6294095225451375,0.9829629131461748
3411,0.5164073550212174,0.2,0.3870517650341845,0.7499999999985261,0.9330127018930703
3412,0.5164073550212174,0.2,0.43337519185154183,0.8535533905902044,0.8535533905963433
3413,0.5164073550212174,0.2,0.5802985907632203,0.9330127018923675,0.7499999999997434
3414,0.4837340876944842,0.08,0.2879866052741733,0.9829629131439278,0.6294095225535232
3415,0.4837340876944842,0.08,0.2056648527975443,1,0.5000000000049817
3416,0.4837340876944842,0.08,0.11706432258964701,0.9829629131446234,0.3705904774490725
3417,0.4542825711142542,0.12,0.097809404,0.9330127018937111,0.2500000000025838
3418,0.4542825711142542,0.12,0.047439653969582815,0.8535533905972494,0.14644660941070192
3419,0.4542825711142542,0.12,0.040323706,0.7500000000008534,0.066987298
3420,0.451752318,0.36,0.063206362,0.6294095225547612,0.017037086856403927
3421,0.451752318,0.36,0.12138970280452073,0.5000000000062633,0
3422,0.451752318,0.36,0.16464350495325797,0.3705904774503105,0.017037087
3423,0.5387553041018394,0.64,0.2634296079252128,0.2500000000036938,0.066987298
3424,0.5387553041018394,0.64,0.3923538440072555,0.1464466094064633,0.14644660940698917
3425,0.5387553041018394,0.64,0.5035579740477186,0.066987298,0.24999999999803663
3426,0.6810309602388815,0.2,0.56732245,0.017037087,0.37059047744400075
3427,0.6810309602388815,0.2,0.6271801311566904,0,0.5
3428,0.6810309602388815,0.2,0.6568996790846937,0.017037086854713224,0.6294095225484515
3429,0.6989627534181992,0.68,0.6557834519324682,0.066987298,0.7499999999951963
3430,0.6989627534181992,0.68,0.6550858099623273,0.14644660940608284,0.8535533905926305
3431,0.6989627534181992,0.68,0.683549602,0.24999999999692663,0.9330127018904449
3432,0.6738488134527745,0.88,0.6213199386075066,0.37059047744276274,0.9829629131429327
3433,0.6738488134527745,0.88,0.52044091,0.4999999999984493,1
3434,0.6738488134527745,0.88,0.4180270685084415,0.6294095225472135,0.9829629131456186
3435,0.6573157315731568,0.48,0.33528673084972793,0.7500000000003875,0.9330127018919956
3436,0.6573157315731568,0.48,0.2999860471605972,0.8535533905917241,0.8535533905948234
3437,0.6573157315731568,0.48,0.204688154,0.9330127018898041,0.7500000000041833
3438,0.6548640578343554,0.68,0.1279475373238454,0.9829629131444841,0.6294095225514472
3439,0.6548640578343554,0.68,0.071996651,1,0.5000000000028324
3440,0.6548640578343554,0.68,0.036835496,0.9829629131459503,0.3705904774540245
3441,0.655854157,0.64,0.025812753,0.9330127018926364,0.2500000000007225
3442,0.655854157,0.64,0.026510394865355103,0.8535533905957297,0.14644660940918214
3443,0.655854157,0.64,0.087065718,0.7500000000052933,0.066987298
3444,0.6605689140342617,0.68,0.3184037951723176,0.6294095225526852,0.017037087
3445,0.6605689140342617,0.68,0.6407143853774243,0.5,0
3446,0.6605689140342617,0.68,0.6746197851262732,0.3705904774482345,0.017037086855601236
3447,0.682728273,0.88,0.6719687456397376,0.2500000000018324,0.066987298
3448,0.682728273,0.88,0.5920189758615878,0.14644660941008847,0.14644660940336401
3449,0.6759233066163763,0.88,0.544579322,0.066987298,0.24999999999989791
3450,0.682728273,0.92,0.5932747314078415,0.017037086856179384,0.37059047744607676
3451,0.682728273,0.92,0.5860192549183758,0,0.49999999999460426
3452,0.682728273,0.92,0.5833682154318404,0.017037087,0.6294095225505275
3453,0.6784064120697786,0.92,0.599693038,0.066987298,0.7499999999970576
3454,0.6784064120697786,0.92,0.6214594670015348,0.14644660940245774,0.8535533905890053
3455,0.6784064120697786,0.92,0.6968047997767546,0.24999999999878797,0.9330127018915195
3456,0.6782649693540788,0.92,0.6721082740337658,0.37059047744483875,0.9829629131434889
3457,0.6782649693540788,0.92,0.5115110925073252,0.5000000000005985,1
3458,0.6782649693540788,0.92,0.37547090832984514,0.6294095225492895,0.9829629131450622
3459,0.6141757032846145,0.68,0.3144970001395284,0.7499999999959477,0.933012702
3460,0.6141757032846145,0.68,0.2974745360680899,0.8535533905932439,0.8535533905933037
3461,0.6141757032846145,0.68,0.3294265383005442,0.9330127018908787,0.7500000000023219
3462,0.5505579129341514,0,0.14231896190874843,0.9829629131431572,0.6294095225563993
3463,0.5505579129341514,0,0.070601367,1,0.5000000000006831
3464,0.5505579129341514,0,0.036137854,0.982962913,0.37059047745194845
3465,0.5025616847399026,0,0.034184457,0.9330127018951998,0.25000000000516237
3466,0.577714914,0.01,0.035440212,0.8535533905942099,0.1464466094076624
3467,0.5716643092880713,0.01,0.10129761406446212,0.7500000000034319,0.066987298
3468,0.5631934622033632,0.01,0.3652853355657877,0.6294095225506092,0.017037086855291372
3469,0.561999057,0.01,0.74019813,0.5000000000019648,0
3470,0.558698727,0.4,0.8304730012557555,0.3705904774531864,0.017037086854274353
3471,0.5680025145371679,0.4,0.7459187944746756,0.24999999999997113,0.066987298
3472,0.47854785478547823,0.01,0.7170364169108413,0.14644660940856868,0.1464466094048838
3473,0.5013358478705023,0.4,0.5186270406027627,0.066987298,0.24999999999545808
3474,0.5382681125255382,0.4,0.6289940002790567,0.017037086855623107,0.37059047744815277
3475,0.5844727329875847,0.01,0.6732245011859913,0,0.49999999999675354
3476,0.6487505893446497,0.4,0.6391795730431142,0.017037086853942618,0.6294095225455756
3477,0.6809680968096816,0.01,0.7078275429049812,0.066987298,0.7499999999989189
3478,0.7090994813767089,0.75,0.7835914608622855,0.14644660940397752,0.853553391
3479,0.7146000314317154,0.75,0.9553509139109808,0.24999999999434813,0.9330127018889562
3480,0.7046990413327054,0.75,0.8634017022464071,0.37059047744691476,0.9829629131440452
3481,0.6878830740216881,0.75,0.6217385237895912,0.4999999999954719,1
3482,0.6553512494106548,0.75,0.44607227570810665,0.6294095225513656,0.9829629131445059
3483,0.6344491592016346,0.01,0.3788195897865216,0.75,0.9330127018934844
3484,0.6165330818796169,0.2,0.4636528533556579,0.8535533905896188,0.8535533905969288
3485,0.5978312116925983,0.01,0.43588670294404913,0.9330127018919534,0.7500000000004607
3486,0.5700141442715707,0.01,0.14734198409376306,0.9829629131437134,0.6294095225543233
3487,0.5564985069935573,0.01,0.071438538,1,0.5000000000058098
3488,0.5432971868615435,0.01,0.037114553,0.9829629131448376,0.3705904774498724
3489,0.5228665723715236,0.01,0.027905678805636946,0.9330127018941252,0.25
3490,0.5150086437215156,0.9,0.036137854,0.853553391,0.1464466094112875
3491,0.5139085337105134,0.01,0.10548346588530766,0.7500000000015705,0.066987298
3492,0.5285242809995281,0.01,0.3500767406167155,0.6294095225555612,0.017037086856618255
3493,0.5305673424485309,0.01,0.740895772,0.4999999999998155,0
3494,0.5183089737545186,0.9,0.8345193246825728,0.3705904774511104,0.017037086854830574
3495,0.507465032,0.9,0.784010046,0.25000000000441097,0.066987298
3496,0.5337105139085341,0.9,0.6725268592158504,0.1464466094070489,0.14644660940640353
3497,0.5579129341505582,0.75,0.5723454723036138,0.066987298,0.24999999999731942
3498,0.5725286814395729,0.9,0.6238314497000139,0.017037087,0.37059047744320084
3499,0.5997171145686004,0.75,0.6550858099623273,0,0.4999999999989028
3500,0.6113468489706118,0.75,0.6510394865355099,0.017037086854498895,0.6294095225476516
3501,0.6383781235266386,0.75,0.6891307381052044,0.066987298,0.7499999999944791
3502,0.6584944208706589,0.01,0.7505232314776057,0.14644660940549725,0.8535533905920447
3503,0.6699669966996704,0.75,0.8714943491000419,0.24999999999620942,0.9330127018900308
3504,0.6627377023416634,0.75,0.7989395842053858,0.3705904774489909,0.9829629131446014
3505,0.6317774634606317,0.9,0.6154597460583229,0.4999999999976211,1
3506,0.6082036775106077,0.75,0.44314217943351475,0.6294095225464136,0.9829629131458328
3507,0.5830583058305838,0.9,0.3785405329984652,0.7499999999996703,0.9330127018924097
3508,0.5656137042275655,0.9,0.37993581693874706,0.8535533905911385,0.853553391
3509,0.5431400282885437,0.9,0.33542625924375613,0.933012702,0.7500000000049005
3510,0.5316674524595322,0.9,0.16227152225477884,0.9829629131442698,0.6294095225522471
3511,0.5137513751375136,0.9,0.06167155,1,0.5000000000036605
3512,0.503536068,0.9,0.043951444,0.9829629131461646,0.37059047745482443
3513,0.500235738,0.9,0.026649923,0.9330127018930505,0.2500000000014397
3514,0.49724972497249675,0.9,0.049113994697921035,0.8535533905963153,0.14644660940976773
3515,0.48546283199748563,0.9,0.12487791265522534,0.7499999999997093,0.066987298
3516,0.4776049033474776,0.9,0.3761685502999861,0.6294095225534851,0.017037086856061978
3517,0.4699041332704703,0.01,0.8289381889214454,0.5000000000049422,0
3518,0.4618890460474616,0.4,0.9646993163108692,0.3705904774490344,0.017037087
3519,0.4519880559484517,0.75,0.8748430305567183,0.2500000000025497,0.066987298
3520,0.458274399,0.75,0.7381052044090972,0.14644660941067406,0.14644660940277843
3521,0.465503693,0.4,0.6658294963024975,0.066987298,0.24999999999918077
3522,0.4750903661794754,0.4,0.6802009208874006,0.017037086856393713,0.37059047744527684
3523,0.48876316203048953,0.75,0.7142458490302777,0,0.49999999999377615
3524,0.49080622347949143,0.9,0.7241523650062788,0.017037086855055172,0.6294095225497276
3525,0.48844884488448903,0.9,0.7516394586298312,0.066987298,0.7499999999963404
3526,0.4796479647964804,0.9,0.844425841,0.14644660940701704,0.8535533905935646
3527,0.4719471947194722,0.9,0.9824194223524487,0.24999999999807077,0.9330127018911054
3528,0.4645607417884645,0.9,0.857262453,0.37059047744403883,0.9829629131432746
3529,0.4628319974854631,0.9,0.6623412864517929,0.4999999999997704,1
3530,0.4587458745874584,0.9,0.4856983396121111,0.6294095225484896,0.9829629131452766
3531,0.4541882759704552,0.75,0.43211943630528815,0.7499999999952304,0.933012702
3532,0.4475876159044483,0.4,0.36319240965536487,0.8535533905926582,0.8535533905938892
3533,0.4471161401854471,0.9,0.25715083019394447,0.9330127018904646,0.7500000000030391
3534,0.4452302373094459,0.9,0.1425980186968048,0.9829629131429429,0.6294095225571992
3535,0.4436586515794443,0.9,0.081345054,1,0.5000000000015112
3536,0.4384724186704392,0.4,0.031393889,0.9829629131456084,0.3705904774527484
3537,0.4353292472104351,0.9,0.025115110925073254,0.9330127018919758,0.2499999999995784
3538,0.4331290271884334,0.75,0.030835775,0.8535533905947955,0.146446609
3539,0.42904290429042957,0.75,0.09473978,0.7500000000041491,0.066987298
3540,0.4196133899104191,0.75,0.31784568159620485,0.6294095225514091,0.017037087
3541,0.41332704699041356,0.75,0.6725268592158504,0.5000000000027929,0
3542,0.41332704699041356,0.9,0.776475513,0.37059047745398643,0.017037087
3543,0.41018387553041036,0.9,0.7099204688154039,0.25000000000068834,0.066987298
3544,0.40908376551940995,0.9,0.6430863680759035,0.14644660940915427,0.1464466094042982
3545,0.41222693697941226,0.9,0.5604855588112181,0.066987298,0.24999999999474093
3546,0.41222693697941226,0.9,0.5929956746197851,0.017037086855837436,0.37059047744735285
3547,0.41631305987741696,0.9,0.646574578,0,0.4999999999959254
3548,0.41537010843941546,0.9,0.6574577926608064,0.017037087,0.6294095225518036
3549,0.42055634134842057,0.9,0.6973629133528673,0.066987298,0.7499999999982017
3550,0.41741316988841737,0.01,0.752337101,0.14644660940339194,0.8535533905899395
3551,0.42055634134842057,0.01,0.8514022603599832,0.2499999999999321,0.9330127018921801
3552,0.41537010843941546,0.01,0.8029859076322031,0.37059047744611484,0.9829629131438309
3553,0.41112682696841185,0.9,0.6659690246965257,0.49999999999464373,1
3554,0.40169731258840136,0.01,0.46518766568996794,0.6294095225505656,0.9829629131447203
3555,0.39305359107339255,0.75,0.3888656341565509,0.7499999999970918,0.9330127018938984
3556,0.38708156529938664,0.75,0.3957025254639319,0.8535533905890331,0.8535533905975143
3557,0.3845670281313853,0.01,0.3193804939305149,0.9330127018915393,0.7500000000011778
3558,0.3754518308973753,0.01,0.2165480675317427,0.9829629131434992,0.6294095225551232
3559,0.3713657079993715,0.01,0.13590065578345192,1,0.49999999999936195
3560,0.3608360836083615,0.01,0.07562439,0.982962913,0.37059047745067236
3561,0.3473204463303481,0.01,0.069206083,0.9330127018945392,0.25000000000401823
3562,0.3388338833883391,0.01,0.039486536,0.8535533905932757,0.1464466094067282
3563,0.33364765,0.01,0.073950049,0.7500000000022878,0.066987298
3564,0.3253182461103248,0.01,0.1287847076880145,0.6294095225563612,0.017037086856832584
3565,0.31840326889831827,0.01,0.1864099344216548,0.5000000000006437,0
3566,0.31353135313531366,0.01,0.2716617831728757,0.3705904774519103,0.017037086854616246
3567,0.31447430457331427,0.01,0.4007255476489466,0.2500000000051282,0.066987298
3568,0.33034732044633097,0.05,0.5229524208176364,0.14644660940763454,0.14644660940581794
3569,0.356592802,0.01,0.5780661364587694,0.066987298,0.24999999999660222
3570,0.38896746817538874,0.05,0.6517371285056509,0.017037087,0.37059047744240087
3571,0.41945623133741927,0.2,0.7209432119436305,0,0.49999999999807465
3572,0.4362721986484366,0.01,0.7115948095437421,0.017037086854284567,0.6294095225468517
3573,0.4596888260254599,0.4,0.6686200641830612,0.066987298,0.7500000000000631
3574,0.4677039132484677,0.9,0.6545276963862146,0.14644660940491172,0.8535533905914592
3575,0.4739902561684741,0.9,0.6499232593832844,0.24999999999549227,0.9330127018896168
3576,0.4637749489234637,0.9,0.633737966,0.3705904774481909,0.9829629131443871
3577,0.4677039132484677,0.9,0.6310869261894795,0.5,1
3578,0.4620462046204623,0.9,0.4656062508720525,0.6294095225456137,0.9829629131460471
3579,0.4530881659594539,0.4,0.389702805,0.7499999999989531,0.9330127018928238
3580,0.4284142699984286,0.4,0.4354681177619646,0.853553391,0.8535533905959946
3581,0.42369951280842466,0.01,0.34644900237198273,0.933012702,0.7500000000056177
3582,0.41426999842841417,0.01,0.2553369610715781,0.9829629131440554,0.629409523
3583,0.41269841269841256,0.01,0.1653411469233989,1,0.5000000000044886
3584,0.41175546126041196,0.4,0.096553649,0.9829629131444957,0.3705904774485963
3585,0.41065535124941066,0.75,0.068229385,0.9330127018934646,0.25000000000215694
3586,0.40782649693540796,0.9,0.039486536,0.8535533905969008,0.14644660941035337
3587,0.40782649693540796,0.9,0.073950049,0.7500000000004265,0.066987298
3588,0.41206977840641246,0.75,0.11748290777173155,0.6294095225542851,0.017037086856276307
3589,0.40389753261040395,0.75,0.16589926049951165,0.5000000000057704,0
3590,0.39603960396039595,0.75,0.2374773266359704,0.3705904774498343,0.017037086855172523
3591,0.39949709256639965,0.75,0.3457513604018418,0.25000000000326683,0.066987298
3592,0.41521294986641566,0.75,0.44844425840658575,0.1464466094112596,0.14644660940219284
3593,0.4381581015244378,0.4,0.49476768522394304,0.066987298,0.2499999999984635
3594,0.4725758290114723,0.75,0.5631365982977535,0.017037087,0.37059047744447693
3595,0.48656294200848693,0.9,0.6086228547509418,0,0.5000000000002239
3596,0.5022787993085029,0.75,0.6366680619506069,0.017037087,0.6294095225489277
3597,0.5098224108125096,0.4,0.6158783312404074,0.066987298,0.7499999999956232
3598,0.5021216407355023,0.01,0.5794614203990511,0.14644660940643145,0.853553391
3599,0.49819267641049825,0.2,0.5882517092228268,0.24999999999735362,0.9330127018906914
3600,0.48656294200848693,0.01,0.5556020650202316,0.3705904774432389,0.9829629131430602
3601,0.4667609618104662,0.05,0.4975582531045068,0.4999999999989423,1
3602,0.4490020430614492,0.01,0.3959815822519883,0.6294095225476897,0.9829629131454909
3603,0.42904290429042957,0.01,0.3256592716617832,0.7499999999945133,0.9330127018953871
3604,0.42275656137042317,0.01,0.2671968745639738,0.8535533905920727,0.8535533905944748
3605,0.42589973283042637,0.9,0.18850286033207758,0.9330127018900506,0.7500000000037563
3606,0.4331290271884334,0.9,0.13129621878052183,0.9829629131446116,0.629409523
3607,0.4321860757504319,0.9,0.064601646,1,0.5000000000023394
3608,0.4342291371994338,0.75,0.031393889,0.9829629131458226,0.37059047745354834
3609,0.4235423542354231,0.9,0.021068787498255897,0.9330127018923899,0.2500000000002956
3610,0.42055634134842057,0.9,0.027068508441467836,0.8535533905953812,0.14644660940883358
3611,0.41945623133741927,0.9,0.10255336961071579,0.7500000000048663,0.066987298
3612,0.40798365550840865,0.01,0.36082042695688576,0.629409523,0.017037087
3613,0.39918277542040004,0.01,0.7897307101995256,0.5000000000036211,0
3614,0.39006757818639004,0.01,0.9224222129203292,0.37059047745478635,0.017037087
3615,0.40169731258840136,0.4,0.8332635691363192,0.25000000000140554,0.066987298
3616,0.4293572214364292,0.4,0.6866192270126971,0.14644660940973986,0.14644660940371262
3617,0.4625176803394626,0.75,0.5977396400167434,0.066987298,0.25000000000032485
3618,0.49803551783749844,0.01,0.5897865215571368,0.017037086856051764,0.37059047744655293
3619,0.5473833097595482,0.4,0.6542486395981582,0,0.49999999999509726
3620,0.5530410183875527,0.75,0.6358308915864378,0.017037086855397066,0.6294095225510037
3621,0.5608989470375607,0.9,0.7067113157527557,0.066987298,0.7499999999974845
3622,0.5638849599245641,0.75,0.7768940979489326,0.14644660940280635,0.8535533905893539
3623,0.5638849599245641,0.75,0.8934003069624669,0.2499999999992149,0.933012702
3624,0.5601131541725599,0.75,0.8253104506767127,0.3705904774453149,0.9829629131436165
3625,0.5420399182775424,0.75,0.6232733361239012,0.49999999999381556,1
3626,0.5187804494735189,0.4,0.43337519185154183,0.6294095225497658,0.9829629131449347
3627,0.5079365079365075,0.75,0.35356495046742015,0.7499999999963745,0.9330127018943125
3628,0.5022787993085029,0.75,0.32928701,0.8535533905935925,0.8535533905929551
3629,0.5022787993085029,0.01,0.5020231617134087,0.9330127018911252,0.75
3630,0.49709256639949695,0.9,0.1479000976698758,0.9829629131432848,0.6294095225559231
3631,0.500235738,0.01,0.068089856,1,0.5000000000001902
3632,0.49913562784849885,0.75,0.03474257,0.9829629131452664,0.3705904774514723
3633,0.5117083136885117,0.9,0.026370866471326918,0.9330127018949533,0.25000000000473543
3634,0.5013358478705023,0.9,0.030975303474257015,0.8535533905938614,0.14644660940731385
3635,0.5021216407355023,0.9,0.10478582391516673,0.75,0.066987298
3636,0.49913562784849885,0.75,0.3665410911120413,0.629409523,0.017037086857046913
3637,0.49614961496149634,0.9,0.7890330682293847,0.5000000000014718,0
3638,0.49913562784849885,0.9,0.8366122505929956,0.3705904774527103,0.017037086854401917
3639,0.5085651422285085,0.9,0.8634017022464071,0.24999999999954425,0.066987298
3640,0.517994657,0.4,0.7174550020929259,0.14644660940822007,0.14644660940523235
3641,0.5431400282885437,0.75,0.6165759732105484,0.066987298,0.25
3642,0.5577557755775584,0.4,0.6536905260220455,0.017037086855495487,0.370590477
3643,0.5579129341505582,0.4,0.6859215850425562,0,0.49999999999724654
3644,0.5641992770705646,0.4,0.6758755406725269,0.017037086854070183,0.6294095225460518
3645,0.5652993870815659,0.75,0.7435468117761964,0.066987298,0.7499999999993459
3646,0.5610561056105605,0.9,0.8091251569694432,0.14644660940432613,0.8535533905908737
3647,0.547540468,0.9,0.9538161015766708,0.24999999999477507,0.9330127018892027
3648,0.5267955366965276,0.9,0.872331519,0.37059047744739093,0.9829629131441728
3649,0.5110796793965116,0.9,0.6633179852099902,0.49999999999596484,1
3650,0.49819267641049825,0.9,0.4462118041021348,0.6294095225518417,0.9829629131443784
3651,0.48766305201948823,0.9,0.39877215,0.7499999999982359,0.9330127018932379
3652,0.47650479333647633,0.9,0.38747035,0.8535533905899673,0.8535533905965802
3653,0.4697469746974696,0.9,0.35370447886144835,0.9330127018921999,0.7500000000000338
3654,0.4628319974854631,0.9,0.1434351890609739,0.9829629131438411,0.629409523
3655,0.4598459845984597,0.9,0.070601367,1,0.5000000000053169
3656,0.4573314474304575,0.9,0.039347007,0.9829629131447101,0.37059047744939627
3657,0.4530881659594539,0.9,0.034044928,0.9330127018938787,0.2500000000028741
3658,0.4488448844884494,0.9,0.036556439,0.8535533905974865,0.1464466094109389
3659,0.4383152600974385,0.9,0.10925073252406865,0.7500000000011438,0.066987298
3660,0.4342291371994338,0.9,0.302078973,0.6294095225550851,0.017037087
3661,0.4279427942794283,0.9,0.5103948653550997,0.49999999999932254,0
3662,0.41945623133741927,0.9,0.4981163666806195,0.3705904774506342,0.017037086854958194
3663,0.42055634134842057,0.9,0.5419282824054695,0.25000000000398404,0.066987298
3664,0.4299858557284302,0.9,0.7948932607785684,0.1464466094067003,0.14644660940675214
3665,0.4314002828854311,0.75,0.6139249337240128,0.066987298,0.24999999999774636
3666,0.4430300172874433,0.75,0.6172736151806892,0.017037087,0.370590477
3667,0.4607889360364603,0.2,0.6562020371145528,0,0.4999999999993958
3668,0.4875058934464884,0.75,0.6546672247802428,0.017037087,0.6294095225481278
3669,0.49410655351249444,0.9,0.7347565229524208,0.066987298,0.75
3670,0.49693540782649714,0.9,0.7812194781638063,0.14644660940584586,0.8535533905923933
3671,0.49033474776049024,0.9,0.9536765731826427,0.24999999999663636,0.9330127018902774
3672,0.48939179632248964,0.9,0.8864238872610576,0.370590477,0.9829629131428459
3673,0.4562313374194571,0.9,0.6476908050788335,0.4999999999981141,1
3674,0.4490020430614492,0.9,0.43072415236500633,0.6294095225468898,0.9829629131457053
3675,0.4323432343234326,0.4,0.3926329007953119,0.7500000000000973,0.9330127018921632
3676,0.4295143800094299,0.75,0.32454304450955773,0.8535533905914872,0.8535533905950605
3677,0.41568442558541596,0.9,0.22422212920329287,0.9330127018896365,0.7500000000044735
3678,0.41002671695741055,0.9,0.13548207060136738,0.9829629131443973,0.629409523
3679,0.39651107967939714,0.9,0.063066834,1,0.5000000000031676
3680,0.38330975954738333,0.75,0.034323985,0.9829629131460369,0.37059047745434825
3681,0.3705799151343716,0.4,0.020231617134086787,0.933012702,0.2500000000010128
3682,0.3636649379223633,0.01,0.031952002,0.8535533905959667,0.14644660940941917
3683,0.3537639478233534,0.01,0.10366959676294127,0.7500000000055835,0.066987298
3684,0.3473204463303481,0.01,0.3680759034463514,0.629409523,0.017037086855934414
3685,0.3400911519723402,0.01,0.8128924236082042,0.5000000000044492,0
3686,0.3380480905233383,0.01,0.9168410771592018,0.3705904774485582,0.017037087
3687,0.3386767248153393,0.01,0.8257290358587972,0.25000000000212275,0.066987298
3688,0.3554926921263557,0.01,0.7048974466303892,0.14644660941032545,0.14644660940312698
3689,0.3699512808423706,0.01,0.6490860890191154,0.066987298,0.24999999999960765
3690,0.40059720257740095,0.4,0.6836891307381052,0.017037086856266093,0.370590477
3691,0.42369951280842466,0.01,0.6747593135203014,0,0.4999999999942691
3692,0.4362721986484366,0.01,0.6984791405050927,0.017037086855182737,0.6294095225502038
3693,0.4414584315574417,0.4,0.7467559648388447,0.066987298,0.7499999999967673
3694,0.4362721986484366,0.4,0.8502860332077578,0.1464466094022207,0.8535533905887682
3695,0.4342291371994338,0.4,0.9171201339472582,0.2499999999984977,0.933012702
3696,0.42589973283042637,0.4,0.8932607785684387,0.370590477,0.9829629131434021
3697,0.41379852270941475,0.01,0.6849448862843588,0.5000000000002633,1
3698,0.39603960396039595,0.05,0.4838844704897447,0.6294095225489658,0.9829629131451489
3699,0.38802451673738814,0.05,0.39905120692060836,0.7499999999956574,0.9330127018947265
3700,0.3768662580543771,0.05,0.4342123622157109,0.8535533905930068,0.8535533905935406
3701,0.3661794750903664,0.01,0.24459327473140782,0.9330127018907111,0.7500000000026124
3702,0.3567499607103568,0.01,0.1663178456815962,0.9829629131430704,0.629409523
3703,0.3515637278013517,0.01,0.084972792,1,0.5000000000010183
3704,0.3358478705013357,0.01,0.040881819,0.9829629131454807,0.3705904774522722
3705,0.3232751846613229,0.01,0.027487094,0.9330127018953673,0.25000000000545264
3706,0.31698884174131736,0.01,0.036277382,0.8535533905944469,0.1464466094078994
3707,0.30080150872230105,0.01,0.10018138691223664,0.7500000000037221,0.066987298
3708,0.29388653151029365,0.01,0.34365843449141903,0.629409523,0.017037086855378136
3709,0.28760018859028813,0.01,0.7509418166596902,0.5000000000022999,0
3710,0.2813138456702817,0.2,0.8854471885028603,0.37059047745351026,0.017037087
3711,0.29372937293729384,0.4,0.8038230779963722,0.2500000000002614,0.066987298
3712,0.3388338833883391,0.01,0.6853634714664434,0.14644660940880572,0.14644660940464677
3713,0.3482633977683487,0.75,0.6591321333891447,0.066987298,0.2499999999951678
3714,0.3691654879773698,0.01,0.7335007674061671,0.017037087,0.370590477
3715,0.41521294986641566,0.01,0.7833124040742291,0,0.49999999999641837
3716,0.41631305987741696,0.01,0.7746616436444816,0.017037086853855854,0.6294095225452518
3717,0.4373723086594379,0.75,0.7820566485279754,0.066987298,0.7499999999986287
3718,0.4519880559484517,0.75,0.8167992186409934,0.1464466094037405,0.853553391
3719,0.4441301272984437,0.9,0.9060973908190316,0.25000000000035905,0.9330127018924266
3720,0.4323432343234326,0.9,0.8388447048974466,0.370590477,0.9829629131439584
3721,0.4225994027974225,0.9,0.7108971675736012,0.4999999999951367,1
3722,0.42165645135942276,0.9,0.5367657318264266,0.6294095225510419,0.9829629131445927
3723,0.4175703284614172,0.9,0.45583926329007957,0.7499999999975187,0.9330127018936519
3724,0.41269841269841256,0.75,0.4177480117203851,0.8535533905893817,0.8535533905971657
3725,0.41426999842841417,0.9,0.32579880005581136,0.9330127018917858,0.75
3726,0.41741316988841737,0.9,0.24696525742988698,0.9829629131436267,0.629409523
3727,0.4214992927864212,0.9,0.13492395702525464,1,0.5
3728,0.4235423542354231,0.9,0.077996372,0.9829629131449245,0.3705904774501962
3729,0.42479962281942507,0.9,0.057067113,0.9330127018942928,0.2500000000035913
3730,0.42055634134842057,0.9,0.035161155,0.8535533905929271,0.1464466094063796
3731,0.42165645135942276,0.75,0.052741733,0.75,0.066987298
3732,0.41851327989941867,0.01,0.057625227,0.6294095225558849,0.017037087
3733,0.41741316988841737,0.01,0.1315752755685782,0.5000000000001507,0
3734,0.41537010843941546,0.2,0.19450258127528952,0.37059047745143414,0.017037086854743866
3735,0.4175703284614172,0.2,0.32342681735733225,0.25000000000470124,0.066987298
3736,0.4598459845984597,0.05,0.45500209292591043,0.14644660940728593,0.14644660940616655
3737,0.48341977054848373,0.01,0.6044370029300963,0.066987298,0.24999999999702915
3738,0.504950495,0.01,0.6743407283382168,0.017037086857036754,0.37059047744287704
3739,0.5200377180575209,0.01,0.7103390539974884,0,0.49999999999856765
3740,0.5393682225365395,0.01,0.7088042416631785,0.017037087,0.6294095225473278
3741,0.5472261511865475,0.01,0.6905260220454862,0.066987298,0.7500000000004899
3742,0.5531981769605534,0.01,0.6320636249476769,0.14644660940526028,0.8535533905918078
3743,0.5494263712085501,0.01,0.6599693037533138,0.24999999999591915,0.9330127018898633
3744,0.5348106239195354,0.01,0.6755964838844705,0.3705904774486671,0.9829629131445148
3745,0.5200377180575209,0.01,0.6105762522673364,0.49999999999728595,1
3746,0.5126512651265132,0.01,0.4730012557555463,0.6294095225460898,0.9829629131459197
3747,0.511393997,0.01,0.43295660666945723,0.7499999999993799,0.9330127018925773
3748,0.5000785792865003,0.01,0.4770475791823636,0.8535533905909015,0.853553391
3749,0.5069935564985069,0.01,0.44481652016185297,0.9330127018892225,0.7500000000051907
3750,0.5043218607575048,0.01,0.2895214176084833,0.982962913,0.6294095225525709
3751,0.5033789093195042,0.01,0.19994418864238872,1,0.5000000000039957
3752,0.5069935564985069,0.01,0.12808706571787357,0.9829629131443682,0.3705904774481201
3753,0.5060506050605063,0.01,0.088321473,0.9330127018932182,0.25000000000172995
3754,0.5109225208235109,0.01,0.059997209,0.8535533905965522,0.14644660941000476
3755,0.5090366179475088,0.01,0.052741733,0.7499999999999996,0.066987298
3756,0.5109225208235109,0.01,0.066694572,0.6294095225538089,0.017037086856148742
3757,0.5117083136885117,0.01,0.1252964978373099,0.5000000000052773,0
3758,0.5157944365865155,0.01,0.17510813450537183,0.37059047744935814,0.017037086855300143
3759,0.538425271,0.4,0.2772429189340031,0.25000000000283995,0.066987298
3760,0.5524123840955526,0.75,0.3814706292730571,0.14644660941091103,0.14644660940254145
3761,0.5756718528995761,0.9,0.49407004325380216,0.066987298,0.2499999999988905
3762,0.6052176646236052,0.75,0.5600669736291335,0.017037086856480477,0.3705904774449531
3763,0.6394782335376399,0.75,0.6462955211385517,0,0.49999999999344097
3764,0.6718528995756716,0.01,0.6213199386075066,0.017037087,0.6294095225494039
3765,0.6797108282256796,0.75,0.6200641830612529,0.066987298,0.75
3766,0.6768819739116769,0.9,0.6305288126133668,0.146446609,0.8535533905933276
3767,0.6729530095866729,0.9,0.6377842891028324,0.2499999999977805,0.9330127018909379
3768,0.6614804337576623,0.9,0.5674619785126273,0.3705904774437151,0.9829629131431878
3769,0.6346063177746344,0.9,0.5073252406864797,0.49999999999943523,1
3770,0.6289486091466299,0.75,0.5776475512766848,0.6294095225481658,0.9829629131453633
3771,0.6280056577086284,0.9,0.4925352309194922,0.7499999999949402,0.9330127018951406
3772,0.6248624862486252,0.9,0.2909167015487652,0.8535533905924213,0.8535533905941262
3773,0.621719315,0.75,0.20482768243337518,0.9330127018902971,0.7500000000033294
3774,0.6237623762376239,0.75,0.12390121389702806,0.9829629131428561,0.6294095225575229
3775,0.6185761433286188,0.4,0.065857402,1,0.5000000000018464
3776,0.6185761433286188,0.9,0.03823078,0.9829629131456951,0.37059047745307216
3777,0.621719315,0.4,0.026649923,0.9330127018921435,0.24999999999986866
3778,0.6259625962596265,0.9,0.034882099,0.8535533905950325,0.14644660940848503
3779,0.6311488291686316,0.75,0.10492535230919492,0.7500000000044394,0.066987298
3780,0.6331918906176335,0.9,0.36709920468815405,0.6294095225517329,0.017037086855592465
3781,0.6322489391796329,0.75,0.7757778707967071,0.5,0
3782,0.6342920006286348,0.9,0.8954932328728896,0.3705904774543102,0.017037087
3783,0.6371208549426375,0.9,0.8117761964559788,0.2500000000009786,0.066987298
3784,0.6394782335376399,0.9,0.6542486395981582,0.1464466094093913,0.14644660940406118
3785,0.6437215150086444,0.9,0.5836472722198968,0.066987298,0.24999999999445066
3786,0.6468646864686476,0.9,0.6107157806613646,0.017037087,0.3705904774470291
3787,0.6503221750746504,0.9,0.6481093902609181,0,0.49999999999559025
3788,0.6602231651736603,0.9,0.6415515557415934,0.017037086855524686,0.6294095225514799
3789,0.6782964010686787,0.9,0.6838286591321333,0.066987298,0.7499999999979114
3790,0.7053276756247056,0.4,0.7833124040742291,0.1464466094031549,0.8535533905897025
3791,0.7285871444287291,0.4,0.9113994697921026,0.24999999999964184,0.9330127018920125
3792,0.7290586201477294,0.4,0.8491698060555323,0.3705904774457911,0.9829629131437441
3793,0.7183718371837187,0.9,0.5787637784289102,0.49999999999430855,1
3794,0.6930693069306932,0.9,0.3902609180968327,0.6294095225502419,0.982962913
3795,0.6633663366336644,0.75,0.3193804939305149,0.7499999999968014,0.9330127018940659
3796,0.6427785635706438,0.01,0.26859215850425566,0.8535533905887962,0.8535533905977514
3797,0.6033317617476031,0.01,0.1954792800334868,0.9330127018913716,0.7500000000014682
3798,0.5668709728115666,0.75,0.12055253244035162,0.9829629131434123,0.6294095225554469
3799,0.5404683325475399,0.9,0.056369471,1,0.4999999999996972
3800,0.5148514851485149,0.9,0.029859076322031535,0.9829629131451387,0.3705904774509961
3801,0.49127769919849085,0.9,0.017301521,0.9330127018947069,0.25000000000430855
3802,0.4677039132484677,0.9,0.029580019533975165,0.8535533905935128,0.1464466094069652
3803,0.4422442244224425,0.9,0.093763081,0.7500000000025782,0.066987298
3804,0.4351720886374353,0.9,0.36737826147621044,0.6294095225566849,0.017037086856919348
3805,0.4436586515794443,0.9,0.8166596902469653,0.5000000000009789,0
3806,0.4441301272984437,0.75,0.8857262452909167,0.3705904774522341,0.017037086854529537
3807,0.4468018230394466,0.01,0.882935677,0.25000000000541844,0.066987298
3808,0.4688040232594699,0.05,0.6970838565648109,0.14644660940787152,0.14644660940558096
3809,0.48860600345748884,0.01,0.6182503139388865,0.066987298,0.24999999999631195
3810,0.517994657,0.05,0.633737966,0.017037086855367922,0.37059047744910517
3811,0.5660851799465667,0.01,0.6764336542486395,0,0.4999999999977395
3812,0.5766148043375767,0.75,0.654109111,0.017037086854197803,0.6294095225465279
3813,0.5851013672795857,0.9,0.7118738663317985,0.066987298,0.7499999999997727
3814,0.5893446487505893,0.4,0.7808008929817217,0.1464466094046747,0.8535533905912223
3815,0.5860443187175863,0.01,0.9221431561322729,0.25,0.9330127018894492
3816,0.588244539,0.75,0.8237756383424026,0.37059047744786716,0.9829629131443003
3817,0.5799151343705806,0.01,0.6504813729593972,0.49999999999645783,1
3818,0.5590130441615586,0.4,0.46211804102134785,0.6294095225452899,0.9829629131461339
3819,0.5453402483105454,0.4,0.37700572066415516,0.7499999999986628,0.9330127018929913
3820,0.5327675624705335,0.01,0.5042556160178596,0.8535533905903159,0.8535533905962316
3821,0.515951595,0.01,0.37714524905818336,0.9330127018924463,0.7499999999996068
3822,0.5065220807795066,0.75,0.1398074508162411,0.9829629131439687,0.6294095225533709
3823,0.49300644350149314,0.9,0.068927027,1,0.5000000000048238
3824,0.4761904761904767,0.9,0.038370308,0.9829629131445825,0.37059047744892004
3825,0.4560741788464564,0.9,0.026510394865355103,0.9330127018936323,0.25000000000244715
3826,0.4427157001414428,0.9,0.027905678805636946,0.853553391,0.14644660941059034
3827,0.42904290429042957,0.9,0.098367518,0.7500000000007168,0.066987298
3828,0.42165645135942276,0.4,0.35984372819868843,0.6294095225546088,0.017037087
3829,0.41741316988841737,0.4,0.8071717594530486,0.5000000000061056,0
3830,0.40499764262140525,0.4,0.9374912794753733,0.37059047745015805,0.017037087
3831,0.39163916391639164,0.4,0.8401004604437002,0.25000000000355715,0.066987298
3832,0.39038189533239054,0.4,0.7089437700572067,0.1464466094063518,0.1464466094071007
3833,0.39226779820839264,0.75,0.605692758,0.066987298,0.24999999999817324
3834,0.41395568128241456,0.2,0.6468536347146644,0.017037086856694805,0.37059047744415313
3835,0.42307087851642367,0.4,0.6916422491977117,0,0.49999999999988876
3836,0.4530881659594539,0.01,0.7255476489465605,0.017037087,0.6294095225486039
3837,0.4656608517994658,0.01,0.7714524905818334,0.066987298,0.7499999999953328
3838,0.4677039132484677,0.01,0.8152644063066834,0.14644660940619447,0.8535533905927419
3839,0.4667609618104662,0.4,0.975861588,0.24999999999706335,0.9330127018905239
3840,0.4667609618104662,0.2,0.9381889214455141,0.3705904774429152,0.9829629131429735
3841,0.4541882759704552,0.05,0.6580159062369192,0.4999999999986071,1
3842,0.4362721986484366,0.05,0.4766289940002791,0.6294095225473659,0.9829629131455777
3843,0.4350149300644355,0.2,0.41021347844286316,0.7500000000005241,0.9330127018919168
3844,0.4337576614804344,0.75,0.3391935258825171,0.8535533905918358,0.8535533905947119
3845,0.4320289171774321,0.4,0.24222129203292872,0.9330127018898831,0.7500000000040467
3846,0.4331290271884334,0.75,0.1872471047858239,0.982962913,0.6294095225512948
3847,0.4339148200534342,0.9,0.063624948,1,0.5000000000026745
3848,0.42857142857142927,0.9,0.035021627,0.9829629131459094,0.3705904774538721
3849,0.4235423542354231,0.4,0.022045486,0.9330127018925576,0.25000000000058586
3850,0.41819896275341817,0.01,0.029161434,0.8535533905956181,0.14644660940907062
3851,0.40798365550840865,0.01,0.10004185851820846,0.7500000000051567,0.066987298
3852,0.40546911834040555,0.01,0.425980187,0.6294095225525328,0.017037086855806793
3853,0.39399654251139404,0.9,0.8543323566345751,0.5000000000039563,0
3854,0.38676724815338703,0.9,0.9508860053020789,0.37059047744808205,0.017037086855642036
3855,0.38896746817538874,0.9,0.86702944,0.25000000000169587,0.066987298
3856,0.39792550683639805,0.9,0.7134086786661086,0.1464466094099769,0.1464466094034756
3857,0.40484048404840456,0.01,0.6252267336402958,0.066987298,0.2500000000000346
3858,0.41945623133741927,0.01,0.6913631924096554,0.017037086856138528,0.3705904774462292
3859,0.4342291371994338,0.4,0.7173154736988977,0,0.4999999999947621
3860,0.4310859657394315,0.01,0.7206641551555741,0.017037086855310357,0.629409523
3861,0.434071979,0.9,0.7654527696386214,0.066987298,0.7499999999971942
3862,0.4304573314474305,0.9,0.8114971396679224,0.14644660940256932,0.8535533905891168
3863,0.4299858557284302,0.9,1,0.24999999999892458,0.9330127018915985
3864,0.4279427942794283,0.9,0.8846100181386912,0.3705904774449912,0.9829629131435298
3865,0.42181360993242256,0.4,0.6361099483744942,0.4999999999934804,1
3866,0.40499764262140525,0.4,0.4717455002092926,0.6294095225494419,0.9829629131450214
3867,0.39022473675939073,0.01,0.4904423050090693,0.7499999999960842,0.933012702
3868,0.3798522709413805,0.05,0.4201199944188643,0.8535533905933554,0.853553391
3869,0.3682225365393683,0.01,0.3777033626342961,0.9330127018909576,0.7500000000021854
3870,0.3558070092723553,0.01,0.2937072694293289,0.9829629131431981,0.6294095225562468
3871,0.32736130755932846,0.01,0.08427515,1,0.5000000000005254
3872,0.31651736602231617,0.01,0.043114274,0.9829629131453531,0.3705904774517961
3873,0.29592959295929644,0.01,0.0339054,0.9330127018951209,0.25000000000502565
3874,0.2644978783592653,0.01,0.032370587414538854,0.8535533905940984,0.14644660940755083
3875,0.2613547068992612,0.01,0.10032091530626483,0.7500000000032954,0.066987298
3876,0.2415527267012414,0.01,0.3337519185154179,0.6294095225574848,0.017037086857133676
3877,0.22772277227722748,0.01,0.7520580438119157,0.5,0
3878,0.22190790507622227,0.01,0.8961908748430305,0.37059047745303403,0.017037086854315153
3879,0.23306616375923417,0.01,0.7978233570531603,0.24999999999983452,0.066987298
3880,0.2508250825082512,0.01,0.7191293428212641,0.1464466094084571,0.14644660940499538
3881,0.2622976583372627,0.01,0.6518766568996791,0.066987298,0.24999999999559475
3882,0.2717271727172723,0.01,0.7226175526719687,0.017037087,0.3705904774483052
3883,0.30268741159830226,0.01,0.7675456955490442,0,0.49999999999691136
3884,0.31746031746031766,0.01,0.7883354262592437,0.017037087,0.6294095225457279
3885,0.3325475404683327,0.01,0.8047997767545695,0.066987298,0.7499999999990555
3886,0.3341191261983343,0.01,0.8357750802288265,0.1464466094040891,0.8535533905906366
3887,0.3399339933993395,0.01,0.9589786521557137,0.2499999999944848,0.9330127018890351
3888,0.3352192362093356,0.01,0.8931212501744105,0.3705904774470672,0.982962913
3889,0.32736130755932846,0.75,0.743965397,0.49999999999562966,1
3890,0.3223322332233223,0.4,0.5143016603878889,0.6294095225515179,0.982962913
3891,0.31258840169731217,0.05,0.4300265103948654,0.7499999999979456,0.9330127018934055
3892,0.31164545025931245,0.01,0.3929119575833682,0.8535533905897303,0.8535533905968172
3893,0.30425899732830475,0.01,0.35816938747035026,0.9330127018920322,0.75
3894,0.29797265440829834,0.01,0.406306683,0.9829629131437543,0.6294095225541708
3895,0.2822567971082832,0.01,0.18780521836193664,1,0.5
3896,0.2802137356592813,0.01,0.13869122366401562,0.9829629131447968,0.370590477
3897,0.28115668709728103,0.01,0.063904004,0.9330127018940463,0.25000000000316436
3898,0.2696841112682704,0.01,0.045067671,0.8535533905977235,0.14644660941117593
3899,0.2687411598302689,0.01,0.044230501,0.75,0.066987298
3900,0.2611975483262614,0.01,0.069624669,0.6294095225554088,0.017037087
3901,0.2611975483262614,0.75,0.14371424584903028,0.4999999999996577,0
3902,0.258211535,0.9,0.2000837170364169,0.370590477,0.017037087
3903,0.2622976583372627,0.9,0.45109529789312125,0.25000000000427436,0.066987298
3904,0.27487034417727463,0.4,0.5780661364587694,0.14644660940693732,0.14644660940651516
3905,0.29262926292629254,0.75,0.648807032,0.066987298,0.2499999999974561
3906,0.31368851170831435,0.9,0.7086647132691503,0.017037086856909134,0.3705904774433532
3907,0.3322332233223322,0.75,0.6952699874424445,0,0.49999999999906064
3908,0.3482633977683487,0.4,0.6762941258546113,0.017037086854539696,0.629409523
3909,0.3608360836083615,0.75,0.7132691502720804,0.066987298,0.7499999999946158
3910,0.3715228665723713,0.9,0.7671271103669597,0.14644660940560883,0.8535533905921564
3911,0.3691654879773698,0.4,0.7427096414120273,0.2499999999963461,0.9330127018901098
3912,0.37246581801037193,0.4,0.6862006418306125,0.37059047744914325,0.9829629131446422
3913,0.3586358635863589,0.9,0.6599693037533138,0.49999999999777894,1
3914,0.3503064592173506,0.9,0.548346589,0.629409523,0.982962913
3915,0.3471632877573474,0.9,0.4646295521138552,0.7499999999998069,0.9330127018923309
3916,0.3223322332233223,0.01,0.5539277242918934,0.853553391,0.8535533905952974
3917,0.3204463303473202,0.01,0.5108134505371843,0.9330127018894689,0.7500000000047639
3918,0.30865943737230817,0.01,0.35328589367936375,0.9829629131443105,0.6294095225520947
3919,0.29781549583529765,0.01,0.23887261057625228,1,0.5000000000035028
3920,0.29388653151029365,0.01,0.13869122366401562,0.9829629131461237,0.370590477
3921,0.5844727329875847,0.01,0.028603321,0.9330127018929717,0.25000000000130307
3922,0.28099952852428123,0.01,0.045067671,0.9330127018929717,0.25000000000130307
3923,0.28115668709728103,0.01,0.044230501,0.8535533905962037,0.1464466094096562
3924,0.28304258997328313,0.01,0.052183619,0.7499999999995727,0.066987298
3925,0.28885745717428923,0.4,0.092646854,0.6294095225533327,0.017037086856021122
3926,0.28791450573628774,0.01,0.12348262871494349,0.5000000000047844,0
3927,0.29482948294829514,0.4,0.22952420817636388,0.37059047744888196,0.017037086855427708
3928,0.31840326889831827,0.01,0.3488209850704619,0.25,0.066987298
3929,0.3396196762533399,0.4,0.45946700153481235,0.14644660941056248,0.146446609
3930,0.356592802,0.9,0.533277522,0.066987298,0.24999999999931738
3931,0.3723086594373721,0.9,0.6072275708106599,0.017037086856352857,0.3705904774454293
3932,0.3734087694483734,0.9,0.6274591879447468,0,0.4999999999939339
3933,0.3745088794593756,0.9,0.6856425282544998,0.017037086855095973,0.629409523
3934,0.3655508407983654,0.9,0.6024836054137016,0.066987298,0.75
3935,0.3616218764733614,0.9,0.44495604855588117,0.14644660940712861,0.8535533905936761
3936,0.3597359735973593,0.9,0.36179712571508305,0.24999999999820743,0.9330127018911845
3937,0.3567499607103568,0.9,0.37812194781638064,0.37059047744419127,0.9829629131433154
3938,0.3514065692283519,0.9,0.3100320915306265,0.4999999999999282,1
3939,0.3514065692283519,0.9,0.2377563834240268,0.629409523,0.9829629131452358
3940,0.3503064592173506,0.9,0.22673364029580018,0.75,0.9330127018948942
3941,0.349363508,0.9,0.2542207339193526,0.8535533905927699,0.8535533905937777
3942,0.3440201162973442,0.9,0.3098925631365983,0.9330127018905435,0.7500000000029026
3943,0.3459060191733454,0.9,0.076042975,0.9829629131429837,0.6294095225570467
3944,0.3449630677353448,0.9,0.037951723,1,0.5000000000013535
3945,0.3462203363193468,0.9,0.023580299,0.9829629131455675,0.370590477
3946,0.3430771648593436,0.9,0.032928700990651594,0.933012702,0.24999999999944172
3947,0.3341191261983343,0.9,0.095856007,0.8535533905946839,0.14644660940813642
3948,0.3352192362093356,0.9,0.3403097530347426,0.7500000000040125,0.066987298
3949,0.3223322332233223,0.01,0.6721082740337658,0.6294095225512567,0.017037087
3950,0.31258840169731217,0.01,0.7431282265941119,0.5000000000026351,0
3951,0.30315888731730345,0.01,0.6398772150132551,0.370590477,0.017037086854100825
3952,0.5851013672795857,0.4,0.6615041160876238,0.25000000000055167,0.066987298
3953,0.3451202263083455,0.01,0.5299288405190455,0.1464466094090427,0.1464466094044098
3954,0.3576929121483574,0.75,0.5377424305846239,0.066987298,0.24999999999487754
3955,0.3776520509193779,0.01,0.5583926329007953,0.017037087,0.3705904774475053
3956,0.39698255539839655,0.01,0.6079252127808009,0,0.4999999999960832
3957,0.40484048404840456,0.4,0.6504813729593972,0.017037087,0.629409523
3958,0.40672638692440666,0.4,0.7316868982838007,0.066987298,0.7499999999983383
3959,0.41159830268741127,0.4,0.8724710478582391,0.1464466094035035,0.853553391
3960,0.41112682696841185,0.9,0.8349379098646574,0.2500000000000688,0.933012702
3961,0.40908376551940995,0.75,0.621598995,0.3705904774462673,0.9829629131438717
3962,0.38330975954738333,0.01,0.4201199944188643,0.49999999999480155,1
3963,0.3774948923463781,0.01,0.33612390121389707,0.629409523,0.9829629131446795
3964,0.3529781549583535,0.4,0.29873029161434356,0.7499999999972284,0.9330127018938195
3965,0.3284614175703289,0.01,0.20761825031393888,0.8535533905891448,0.8535533905974028
3966,0.31180260883231226,0.01,0.1216687595925771,0.9330127018916181,0.7500000000010412
3967,0.29105767719629183,0.01,0.066136459,0.982962913,0.6294095225549707
3968,0.2564827911362566,0.01,0.033207757778707964,1,0.5000000000064801
3969,0.2547540468332552,0.01,0.018278219617692198,0.9829629131450112,0.37059047745051993
3970,0.2329090051862326,0.01,0.031672945,0.9330127018944603,0.25000000000388156
3971,0.22709413798522737,0.01,0.095995535,0.8535533905931643,0.1464466094066167
3972,0.21923620933521937,0.01,0.35356495046742015,0.7500000000021512,0.066987298
3973,0.22457960081722517,0.01,0.7710339053997488,0.6294095225562087,0.017037086856791783
3974,0.21625019644821597,0.01,0.8903306822938468,0.5000000000004858,0
3975,0.2382523966682384,0.01,0.8223803544021208,0.37059047745175794,0.017037086854657102
3976,0.29278642149929235,0.01,0.674480257,0.25000000000499156,0.066987298
3977,0.3377337733773378,0.01,0.5822519882796149,0.1464466094075229,0.14644660940592952
3978,0.3734087694483734,0.01,0.6040184177480117,0.066987298,0.2499999999967389
3979,0.39022473675939073,0.01,0.6433654248639598,0.017037086857123462,0.3705904774425533
3980,0.40798365550840865,0.01,0.6774103530068368,0,0.49999999999823247
3981,0.42165645135942276,0.01,0.6948514022603599,0.017037086854325367,0.629409523
3982,0.4279427942794283,0.01,0.7870796707129901,0.066987298,0.7500000000001996
3983,0.4373723086594379,0.01,0.8571229245151388,0.14644660940502324,0.8535533905915708
3984,0.4353292472104351,0.01,0.8467978233570531,0.24999999999562889,0.9330127018896957
3985,0.4395725286814405,0.2,0.6136458769359564,0.37059047744834334,0.982962913
3986,0.42165645135942276,0.01,0.45235105343937493,0.4999999999969508,1
3987,0.41018387553041036,0.01,0.4036556439235385,0.6294095225457661,0.9829629131460063
3988,0.3823668081093827,0.01,0.3199386075066276,0.7499999999990897,0.9330127018927449
3989,0.3597359735973593,0.01,0.22757081065996929,0.8535533905906645,0.853553391
3990,0.3537639478233534,0.01,0.13199386075066274,0.9330127018890548,0.7500000000054811
3991,0.349363508,0.01,0.089158644,0.9829629131440962,0.6294095225528946
3992,0.3356907119283359,0.01,0.04953258,1,0.5000000000043309
3993,0.32138928178532167,0.01,0.065857402,0.9829629131444548,0.37059047744844387
3994,0.31368851170831435,0.01,0.063904004,0.9330127018933857,0.2500000000020203
3995,0.29875844727329826,0.01,0.1243197990791126,0.8535533905967894,0.14644660941024173
3996,0.28807166430928843,0.01,0.38258685642528256,0.7500000000002899,0.066987298
3997,0.2759704541882759,0.01,0.7770336263429608,0.6294095225541326,0.017037086856235506
3998,0.2652836712242652,0.01,0.9090274870936236,0.5000000000056125,0
3999,0.27722772277227703,0.01,0.773405888,0.3705904774496819,0.017037087
4000,0.5851013672795857,0.4,0.6615041160876238,0.2500000000031302,0.066987298
4001,0.3785950023573794,0.01,0.6146225756941537,0.14644660941114807,0.14644660940230442
4002,0.40484048404840456,0.01,0.6630389284219338,0.066987298,0.24999999999860018
4003,0.4342291371994338,0.01,0.6596902469652574,0.017037086856567185,0.3705904774446293
4004,0.4480590916234477,0.01,0.6824333751918515,0,0.5000000000003817
4005,0.4568599717114572,0.01,0.7174550020929259,0.017037086854881645,0.6294095225490801
4006,0.4625176803394626,0.01,0.793079392,0.066987298,0.7499999999957598
4007,0.4656608517994658,0.01,0.8984233291474815,0.14644660940654303,0.8535533905930905
4008,0.4637749489234637,0.01,0.8539137714524906,0.24999999999749023,0.9330127018907703
4009,0.4603174603174609,0.01,0.6386214594670016,0.37059047744339135,0.982962913
4010,0.4373723086594379,0.01,0.481093903,0.49999999999910005,1
4011,0.4299858557284302,0.4,0.3977954513743547,0.6294095225478421,0.982962913
4012,0.41615590130441626,0.4,0.3513324961629692,0.7499999999946498,0.9330127018953083
4013,0.40594059405940675,0.01,0.22743128226594111,0.8535533905921843,0.8535533905943633
4014,0.39635392110639645,0.01,0.15041160876238313,0.9330127018901295,0.7500000000036198
4015,0.38802451673738814,0.75,0.10827403376587136,0.9829629131446525,0.6294095225508186
4016,0.39116768819739134,0.9,0.054416074,1,0.5000000000021816
4017,0.38503850385038474,0.4,0.054974187,0.9829629131457818,0.3705904774533959
4018,0.38802451673738814,0.75,0.06599693,0.9330127018923111,0.2500000000001589
4019,0.38110953952538074,0.75,0.13171480396260637,0.8535533905952695,0.146446609
4020,0.38315260097438353,0.9,0.370866471,0.7500000000047298,0.066987298
4021,0.38488134527738493,0.01,0.7646155992744523,0.6294095225520566,0.017037087
4022,0.3773377337733774,0.01,0.9268871215292311,0.5000000000034632,0
4023,0.38409555241238413,0.01,0.8445653690526022,0.3705904774546339,0.017037086853886496
4024,0.42165645135942276,0.01,0.7035021626901075,0.2500000000012689,0.066987298
4025,0.4551312274084558,0.01,0.628435887,0.14644660940962828,0.1464466094038242
4026,0.49080622347949143,0.01,0.6633179852099902,0.066987298,0.2500000000004615
4027,0.5197234009115195,0.01,0.6891307381052044,0.017037086856010963,0.37059047744670537
4028,0.5403111739745401,0.01,0.701688294,0,0.4999999999952551
4029,0.5505264812195514,0.01,0.7410353006836891,0.017037086855437922,0.6294095225511561
4030,0.5568128241395569,0.75,0.817217804,0.066987298,0.7499999999976212
4031,0.5483262611975479,0.9,0.901074369,0.14644660940291793,0.8535533905894654
4032,0.5296243910105294,0.9,0.8629831170643225,0.24999999999935157,0.9330127018918449
4033,0.5253811095395258,0.9,0.6189479559090274,0.37059047744546736,0.9829629131436574
4034,0.5102938865315108,0.9,0.4858378680061393,0.4999999999939734,1
4035,0.49913562784849885,0.9,0.4230500906934561,0.6294095225499181,0.9829629131448938
4036,0.500235738,0.9,0.3336123901213897,0.7499999999965112,0.9330127018942336
4037,0.49410655351249444,0.9,0.38286591321333896,0.853553391,0.8535533905928435
4038,0.49222065063649234,0.9,0.2909167015487652,0.9330127018912041,0.7500000000017584
4039,0.49332076064749275,0.01,0.084554207,0.9829629131433256,0.6294095225557707
4040,0.49709256639949695,0.4,0.051206920608343795,1,0.5000000000000323
4041,0.49489234637749524,0.4,0.029859076322031535,0.9829629131452255,0.3705904774513199
4042,0.48341977054848373,0.75,0.033207757778707964,0.9330127018948744,0.25000000000459877
4043,0.4697469746974696,0.01,0.090832985,0.8535533905937498,0.14644660940720222
4044,0.4579600817224576,0.01,0.32593832844983955,0.7500000000028684,0.066987298
4045,0.4480590916234477,0.01,0.6750383703083577,0.6294095225570087,0.017037086857006112
4046,0.4508879459374513,0.9,0.8373098925631366,0.5000000000013141,0
4047,0.4603174603174609,0.9,0.7569415376029022,0.37059047745255785,0.017037086854442773
4048,0.49347791922049433,0.75,0.674480257,0.24999999999940753,0.066987298
4049,0.5106082036775113,0.9,0.6570392074787219,0.14644660940810855,0.14644660940534393
4050,0.5294672324375296,0.75,0.7085251848751221,0.066987298,0.24999999999602168
4051,0.5519409083765523,0.9,0.7535928561462257,0.017037086855454686,0.3705904774487814
4052,0.5630991670595642,0.9,0.801451095,0,0.4999999999974043
4053,0.5577557755775584,0.9,0.8165201618529371,0.017037087,0.6294095225462042
4054,0.5483262611975479,0.9,0.8516813171480396,0.066987298,0.7499999999994824
4055,0.5368536853685373,0.9,0.9178177759173992,0.1464466094044377,0.8535533905909851
4056,0.5274241709885277,0.9,0.8063345890888796,0.24999999999491174,0.9330127018892815
4057,0.5187804494735189,0.9,0.6651318543323566,0.37059047744754336,0.9829629131442137
4058,0.512808424,0.9,0.5094181665969024,0.49999999999612266,1
4059,0.5040075436115043,0.9,0.446351332,0.6294095225449661,0.9829629131462208
4060,0.49913562784849885,0.9,0.39933026370866476,0.7499999999983725,0.9330127018931589
4061,0.49379223636649394,0.9,0.4914190037672667,0.853553391,0.8535533905964686
4062,0.49284928492849334,0.9,0.3071019952560346,0.9330127018922787,0.7499999999998971
4063,0.49080622347949143,0.9,0.20133947258267057,0.982962913,0.6294095225536946
4064,0.47917648907747923,0.9,0.1432956606669457,1,0.5
4065,0.4706899261354702,0.9,0.079531185,0.9829629131446693,0.37059047744924384
4066,0.4658180103724656,0.9,0.041439933,0.9330127018937998,0.2500000000027375
4067,0.4603174603174609,0.9,0.044509558,0.8535533905973749,0.14644660941082738
4068,0.4603174603174609,0.9,0.080507883,0.75,0.066987298
4069,0.4551312274084558,0.9,0.1543184037951723,0.6294095225549327,0.017037086856449835
4070,0.4519880559484517,0.9,0.2762662201758058,0.5000000000064407,0
4071,0.4508879459374513,0.9,0.41816659690246966,0.37059047745048185,0.017037087
4072,0.4471161401854471,0.9,0.5103948653550997,0.25000000000384737,0.066987298
4073,0.4471161401854471,0.9,0.5789033068229384,0.14644660940658877,0.14644660940686371
4074,0.4530881659594539,0.9,0.6742011999441886,0.066987298,0.24999999999788297
4075,0.4677039132484677,0.9,0.6899679084693735,0.017037087,0.3705904774438294
4076,0.48766305201948823,0.9,0.6901074368634017,0,0.4999999999995536
4077,0.49897846927549905,0.4,0.6690386493651458,0.017037086854667316,0.6294095225482802
4078,0.5137513751375136,0.01,0.6522952420817636,0.066987298,0.7499999999950426
4079,0.5225522552255231,0.01,0.6676433654248639,0.14644660940595744,0.853553391
4080,0.5275813295615275,0.05,0.6192270126970838,0.24999999999677303,0.9330127018903562
4081,0.534496307,0.05,0.5581135761127389,0.3705904774425914,0.9829629131428868
4082,0.5148514851485149,0.01,0.4859773964001674,0.49999999999827194,1
4083,0.48121955052648113,0.01,0.5009069345611832,0.6294095225470422,0.9829629131456644
4084,0.4686468646864683,0.01,0.5917399190735314,0.7500000000002338,0.9330127018920843
4085,0.4549740688354551,0.01,0.43923538440072557,0.8535533905915986,0.8535533905949488
4086,0.4530881659594539,0.01,0.27375470908329846,0.9330127018897154,0.75
4087,0.4480590916234477,0.01,0.23384958839123762,0.9829629131444382,0.6294095225516185
4088,0.4519880559484517,0.01,0.1589228407981024,1,0.5000000000030098
4089,0.4499449944994498,0.01,0.1005999720943212,0.9829629131459962,0.3705904774541958
4090,0.4477447744774481,0.01,0.054416074,0.9330127018927252,0.25000000000087613
4091,0.4469589816124473,0.01,0.041439933,0.8535533905958551,0.1464466094093076
4092,0.4471161401854471,0.01,0.062927306,0.75,0.066987298
4093,0.4551312274084558,0.01,0.10980884610018139,0.6294095225528565,0.017037086855893557
4094,0.4548169102624544,0.01,0.1452490581833403,0.5000000000042915,0
4095,0.4598459845984597,0.01,0.26677828938188924,0.3705904774484058,0.017037086855555328
4096,0.48860600345748884,0.01,0.3955629970699037,0.2500000000019861,0.066987298
4097,0.5157944365865155,0.01,0.5034184456536905,0.14644660941021387,0.14644660940323856
4098,0.5472261511865475,0.9,0.5713687735454165,0.066987298,0.24999999999974432
4099,0.5692283514065699,0.9,0.6259243756104367,0.017037086856225292,0.37059047744590545
4100,0.5860443187175863,0.9,0.6546672247802428,0,0.4999999999944269
4101,0.5965739431085972,0.75,0.6712711036695967,0.017037086855223593,0.6294095225503562
4102,0.6080465189376079,0.01,0.6122505929956746,0.066987298,0.7499999999969039
4103,0.629577243,0.01,0.6227152225477884,0.14644660940233234,0.8535533905888799
4104,0.6394782335376399,0.01,0.5710897167573601,0.24999999999863431,0.9330127018914309
4105,0.6562942008486563,0.01,0.5235105343937491,0.37059047744466744,0.982962913
4106,0.6504793336476502,0.01,0.4545835077438259,0.5000000000004212,1
4107,0.6104038975326112,0.01,0.35984372819868843,0.6294095225491182,0.9829629131451081
4108,0.5689140342605685,0.4,0.2898004743965397,0.75,0.9330127018946477
4109,0.5294672324375296,0.01,0.21780382307799637,0.8535533905931185,0.853553391
4110,0.5201948766305207,0.01,0.1305985768103809,0.9330127018907901,0.7500000000024756
4111,0.5013358478705023,0.01,0.065299288,0.9829629131431112,0.6294095225565706
4112,0.5054219707685061,0.01,0.034463513,1,0.5000000000008605
4113,0.5022787993085029,0.01,0.015348123,0.9829629131454398,0.3705904774521198
4114,0.49913562784849885,0.01,0.030277662,0.9330127018952885,0.25000000000531597
4115,0.5096652522395098,0.01,0.098507046,0.8535533905943353,0.14644660940778786
4116,0.5392110639635397,0.01,0.3518906097390819,0.7500000000035856,0.066987298
4117,0.5535124941065539,0.9,0.7480117203850983,0.6294095225507805,0.017037087
4118,0.5557127141285556,0.4,0.8632621738523789,0.5000000000021422,0
4119,0.5536696526795537,0.9,0.8103809125156969,0.3705904774533578,0.017037087
4120,0.5630991670595642,0.75,0.6701548765173713,0.2500000000001248,0.066987298
4121,0.5745717428885748,0.4,0.5645318822380354,0.14644660940869408,0.14644660940475834
4122,0.5874587458745872,0.4,0.5934142598018697,0.066987298,0.24999999999530448
4123,0.5973597359735972,0.75,0.6323426817357332,0.017037086855669015,0.37059047744798146
4124,0.6069464089266075,0.75,0.626901074,0,0.4999999999965762
4125,0.6196762533396201,0.4,0.6924794195618809,0.017037087,0.6294095225454042
4126,0.6437215150086444,0.75,0.760569276,0.066987298,0.7499999999987653
4127,0.6581801037246584,0.01,0.9012138970280452,0.14644660940385207,0.8535533905903996
4128,0.6614804337576623,0.4,0.839123762,0.25000000000049566,0.9330127018925055
4129,0.6562942008486563,0.01,0.5932747314078415,0.37059047744674345,0.9829629131439992
4130,0.6218764733616218,0.01,0.41677131296218783,0.4999999999952945,1
4131,0.5891874901775895,0.01,0.3722617552671969,0.6294095225511942,0.9829629131445519
4132,0.5480119440515483,0.01,0.2891028324263988,0.7499999999976553,0.933012702
4133,0.5461260411755462,0.01,0.2010604157946142,0.8535533905894933,0.8535533905970543
4134,0.5462832,0.4,0.12976140644621179,0.9330127018918647,0.7500000000006143
4135,0.5365393682225368,0.01,0.066973629,0.9829629131436676,0.6294095225544946
4136,0.5170517051705175,0.01,0.033347286,1,0.5000000000059872
4137,0.5137513751375136,0.01,0.020510673922143157,0.9829629131448836,0.3705904774500438
4138,0.5106082036775113,0.01,0.030556718,0.9330127018942138,0.2500000000034546
4139,0.48939179632248964,0.01,0.10087902888237757,0.8535533905928157,0.14644660940626808
4140,0.47933364765047903,0.01,0.3613785405329985,0.7500000000017242,0.066987298
4141,0.4604746188904607,0.01,0.7727082461280871,0.6294095225557326,0.017037086856664163
4142,0.434071979,0.01,0.9052602204548625,0.4999999999999929,0
4143,0.42511393996542557,0.01,0.8695409515836472,0.37059047745128176,0.017037086854784667
4144,0.5851013672795857,0.4,0.6615041160876238,0.25000000000456457,0.066987298
4145,0.4351720886374353,0.01,0.5977396400167434,0.14644660940717436,0.14644660940627807
4146,0.4530881659594539,0.01,0.6444816520161852,0.066987298,0.24999999999716577
4147,0.4637749489234637,0.01,0.6580159062369192,0.017037086856995898,0.3705904774430294
4148,0.47933364765047903,0.01,0.6742011999441886,0,0.4999999999987254
4149,0.48546283199748563,0.01,0.7128505650899958,0.017037086854452987,0.6294095225474803
4150,0.49222065063649234,0.01,0.7972652434770475,0.066987298,0.7499999999943254
4151,0.49284928492849334,0.01,0.9130738105204409,0.14644660940537185,0.8535533905919194
4152,0.49127769919849085,0.01,0.8913073810520441,0.24999999999605582,0.9330127018899421
4153,0.48341977054848373,0.01,0.6298311706432259,0.3705904774488195,0.9829629131445555
4154,0.4618890460474616,0.01,0.4876517371285057,0.49999999999744377,1
4155,0.442558542,0.01,0.40546951304590484,0.6294095225462423,0.9829629131458788
4156,0.4284142699984286,0.01,0.3488209850704619,0.7499999999995166,0.9330127018924984
4157,0.42165645135942276,0.01,0.5265801590623692,0.8535533905910131,0.8535533905955345
4158,0.41568442558541596,0.01,0.15878331240407423,0.9330127018893013,0.7500000000050542
4159,0.39116768819739134,0.01,0.07297335,0.9829629131442239,0.6294095225524186
4160,0.38016658808738013,0.01,0.039486536,1,0.5000000000038379
4161,0.3785950023573794,0.01,0.023998883772847774,0.9829629131462105,0.37059047745499574
4162,0.3723086594373721,0.01,0.033207757778707964,0.9330127018931392,0.25000000000159334
4163,0.3674367436743675,0.01,0.10227431282265942,0.8535533905964408,0.14644660940989318
4164,0.3625648279113629,0.01,0.35621598995395565,0.7499999999998629,0.066987298
4165,0.3609932421813613,0.01,0.7794056090414399,0.6294095225536565,0.017037086856107886
4166,0.3576929121483574,0.01,0.9067950327891726,0.5000000000051196,0
4167,0.3587930221593596,0.05,0.8548904702106879,0.3705904774492057,0.017037086855340944
4168,0.38598145528838623,0.05,0.7275010464629552,0.2500000000027033,0.066987298
4169,0.42055634134842057,0.2,0.608064741,0.14644660941079946,0.14644660940265297
4170,0.4452302373094459,0.01,0.6683410073950049,0.066987298,0.2499999999990271
4171,0.465503693,0.01,0.67071299,0.017037087,0.37059047744510554
4172,0.48341977054848373,0.01,0.6853634714664434,0,0.49999999999359873
4173,0.5011786892975008,0.9,0.7321054834658853,0.017037086855009265,0.6294095225495563
4174,0.5109225208235109,0.9,0.7919631645039765,0.066987298,0.7499999999961867
4175,0.5178374980355174,0.75,0.9254918375889494,0.14644660940689164,0.8535533905934392
4176,0.5178374980355174,0.75,0.8773545416492255,0.24999999999791717,0.9330127018910168
4177,0.5217664623605214,0.75,0.6225756941537602,0.37059047744386747,0.9829629131432287
4178,0.5190947666195194,0.75,0.4519324682572904,0.49999999999959305,1
4179,0.508093667,0.9,0.38928421933863544,0.6294095225483183,0.9829629131453225
4180,0.508093667,0.9,0.34505371843170085,0.7499999999950768,0.9330127018950618
4181,0.5091937765205095,0.9,0.22757081065996929,0.8535533905925329,0.8535533905940147
4182,0.5102938865315108,0.9,0.14022603599832564,0.933012702,0.7500000000031928
4183,0.5079365079365075,0.9,0.062648249,0.982962913,0.6294095225573705
4184,0.5096652522395098,0.9,0.034044928,1,0.5000000000016886
4185,0.5091937765205095,0.75,0.021208315892284082,0.9829629131456542,0.37059047745291973
4186,0.507465032,0.9,0.030138133110087905,0.9330127018920646,0.25
4187,0.5096652522395098,0.9,0.10297195479280034,0.853553391,0.1464466094083734
4188,0.5085651422285085,0.9,0.36193665410911124,0.7500000000043028,0.066987298
4189,0.5085651422285085,0.9,0.7619645597879168,0.6294095225515804,0.017037087
4190,0.5085651422285085,0.9,0.900376727,0.5000000000029703,0
4191,0.5085651422285085,0.9,0.8744244453746337,0.37059047745415774,0.017037087
4192,0.5148514851485149,0.9,0.7355936933165899,0.25000000000084194,0.066987298
4193,0.5178374980355174,0.9,0.6401562718013115,0.14644660940927967,0.14644660940417276
4194,0.5236523652365235,0.9,0.6729454443979349,0.066987298,0.24999999999458727
4195,0.5294672324375296,0.9,0.6882935677410352,0.017037086855883343,0.37059047744718154
4196,0.5305673424485309,0.9,0.6997348960513464,0,0.5
4197,0.5305673424485309,0.9,0.7464769080507883,0.017037086855565542,0.6294095225516323
4198,0.5326104038975328,0.9,0.7992186409934421,0.066987298,0.75
4199,0.5316674524595322,0.9,0.9359564671410632,0.14644660940326648,0.853553391
4200,0.5266383781235269,0.9,0.8613087763359843,0.2499999999997785,0.9330127018920915
4201,0.5233380480905239,0.9,0.6164364448165202,0.37059047744594353,0.9829629131437849
4202,0.5211378280685213,0.9,0.46532719408399614,0.49999999999446637,1
4203,0.5222379380795226,0.9,0.40574856983396124,0.6294095225503943,0.9829629131447661
4204,0.5211378280685213,0.92,0.5290916701548765,0.7499999999969381,0.9330127018939871
4205,0.5190947666195194,0.4,0.4061671550160458,0.8535533905889078,0.8535533905976398
4206,0.5190947666195194,0.9,0.17315473698897724,0.9330127018914506,0.7500000000013315
4207,0.5168945465975168,0.9,0.082600809,0.9829629131434532,0.6294095225552945
4208,0.517994657,0.9,0.046602483605413705,1,0.49999999999953937
4209,0.517994657,0.9,0.027905678805636946,0.9829629131450979,0.3705904774508437
4210,0.5190947666195194,0.9,0.036277382,0.9330127018946279,0.25000000000417183
4211,0.5148514851485149,0.9,0.098367518,0.8535533905934012,0.14644660940685367
4212,0.5148514851485149,0.9,0.33319380493930517,0.7500000000024415,0.066987298
4213,0.5148514851485149,0.9,0.7088042416631785,0.6294095225565325,0.017037087
4214,0.512808424,0.92,0.8523789591181805,0.5,0
4215,0.5099795693855103,0.9,0.7939165620203711,0.3705904774520817,0.017037086854570338
4216,0.5099795693855103,0.92,0.6709920468815403,0.25000000000528183,0.066987298
4217,0.516737388,0.9,0.646574578,0.14644660940775994,0.14644660940569254
4218,0.525223951,0.9,0.7203850983675177,0.066987298,0.24999999999644862
4219,0.5335533553355334,0.9,0.7675456955490442,0.017037086855327066,0.37059047744925755
4220,0.5552412384095562,0.9,0.7453606808985628,0,0.4999999999978973
4221,0.5597988370265603,0.9,0.7623831449700014,0.017037086854238603,0.6294095225466803
4222,0.561999057,0.9,0.8396818752616158,0.066987298,0.7499999999999094
4223,0.5662423385195665,0.9,0.8964699316310869,0.1464466094047862,0.8535533905913337
4224,0.5630991670595642,0.9,0.8247523371005999,0.24999999999533862,0.933012702
4225,0.5610561056105605,0.9,0.6570392074787219,0.37059047744801954,0.9829629131443411
4226,0.5484834197705495,0.9,0.5108134505371843,0.4999999999966156,1
4227,0.542354235,0.9,0.42751499930235803,0.6294095225454424,0.9829629131460931
4228,0.5348106239195354,0.9,0.3929119575833682,0.7499999999987994,0.9330127018929124
4229,0.5285242809995281,0.9,0.34379796288544723,0.8535533905904276,0.8535533905961201
4230,0.5253811095395258,0.9,0.23552392911957584,0.9330127018925252,0.7499999999994702
4231,0.5231808895175232,0.9,0.18975861587833123,0.9829629131440094,0.6294095225532185
4232,0.5200377180575209,0.9,0.1050648807032231,1,0.5
4233,0.5190947666195194,0.9,0.065717874,0.9829629131445417,0.37059047744876766
4234,0.512808424,0.9,0.030138133110087905,0.9330127018935532,0.2500000000023105
4235,0.5106082036775113,0.9,0.022045486,0.8535533905970263,0.14644660941047877
4236,0.508093667,0.9,0.070461839,0.7500000000005802,0.066987298
4237,0.5065220807795066,0.9,0.12459885586716897,0.6294095225544565,0.017037086856322214
4238,0.5085651422285085,0.9,0.1935258825170922,0.5000000000059477,0
4239,0.5065220807795066,0.9,0.33444956048555885,0.3705904774500057,0.017037086855126615
4240,0.507465032,0.9,0.551416213,0.2500000000034205,0.066987298
4241,0.5096652522395098,0.9,0.5811357611273894,0.14644660940624016,0.14644660940721232
4242,0.5148514851485149,0.9,0.6567601506906655,0.066987298,0.2499999999983099
4243,0.5222379380795226,0.9,0.7187107576391796,0.017037087,0.37059047744430557
4244,0.5316674524595322,0.9,0.674480257,0,0.5000000000000465
4245,0.5431400282885437,0.9,0.679782336,0.017037087,0.6294095225487564
4246,0.5505264812195514,0.9,0.7648946560625087,0.066987298,0.7499999999954696
4247,0.5630991670595642,0.9,0.7845681596204828,0.146446609,0.8535533905928535
4248,0.5630991670595642,0.9,0.6500627877773126,0.24999999999719996,0.9330127018906027
4249,0.5610561056105605,0.9,0.5911818054974187,0.37059047744306756,0.9829629131430143
4250,0.5608989470375607,0.9,0.49923259383284496,0.4999999999987649,1
4251,0.5525695426685533,0.9,0.4177480117203851,0.6294095225475184,0.9829629131455369
4252,0.5425113939965436,0.9,0.3724012836612251,0.7499999999943596,0.9330127018954758
4253,0.5354392582115355,0.9,0.3541230640435329,0.8535533905919472,0.8535533905946002
4254,0.5326104038975328,0.9,0.2487791265522534,0.9330127018899619,0.75
4255,0.5283671224265283,0.9,0.16603878889353982,0.9829629131445657,0.6294095225511425
4256,0.5211378280685213,0.9,0.10897167573601228,1,0.5000000000025168
4257,0.5157944365865155,0.9,0.066555044,0.9829629131458686,0.37059047745371965
4258,0.5126512651265132,0.9,0.030138133110087905,0.9330127018924786,0.2500000000004492
4259,0.5063649222065068,0.9,0.022045486,0.8535533905955066,0.14644660940895904
4260,0.5033789093195042,0.9,0.051067392214315624,0.75,0.066987298
4261,0.500235738,0.9,0.092228268,0.6294095225523804,0.017037086855765993
4262,0.49583529781549585,0.9,0.14469094460722756,0.5000000000037985,0
4263,0.49709256639949695,0.9,0.25198827961490167,0.37059047745495766,0.017037086853799732
4264,0.500235738,0.9,0.3548207060136738,0.2500000000015592,0.066987298
4265,0.5065220807795066,0.9,0.48430305567182924,0.1464466094098653,0.14644660940358717
4266,0.512808424,0.9,0.5006278777731268,0.066987298,0.2500000000001712
4267,0.5231808895175232,0.9,0.575554625,0.017037086856097672,0.3705904774463816
4268,0.5294672324375296,0.9,0.6035998325659271,0,0.49999999999491984
4269,0.5431400282885437,0.9,0.6342960792521278,0.017037086855351158,0.6294095225508324
4270,0.5505264812195514,0.9,0.592158504,0.066987298,0.7499999999973308
4271,0.5546126041175552,0.9,0.5976001116227152,0.1464466094026809,0.8535533905892284
4272,0.5577557755775584,0.9,0.5703920747872192,0.2499999999990613,0.9330127018916774
4273,0.5546126041175552,0.9,0.49965117901492956,0.3705904774451436,0.9829629131435706
4274,0.5494263712085501,0.9,0.4014231896190875,0.4999999999936382,1
4275,0.5410969668395409,0.9,0.3710059997209432,0.6294095225495944,0.9829629131449806
4276,0.5337105139085341,0.9,0.30514859773964004,0.7499999999962209,0.9330127018944012
4277,0.5227094137985229,0.9,0.27654527696386216,0.853553391,0.8535533905930806
4278,0.5216093037875216,0.9,0.12278498674480258,0.9330127018910366,0.7500000000020487
4279,0.5211378280685213,0.9,0.06864797,0.9829629131432389,0.6294095225560944
4280,0.5200377180575209,0.9,0.034184457,1,0.5000000000003675
4281,0.515951595,0.9,0.022743128,0.9829629131453123,0.37059047745164364
4282,0.515951595,0.9,0.034184457,0.933012702,0.2500000000048891
4283,0.5148514851485149,0.9,0.096553649,0.8535533905939867,0.14644660940743925
4284,0.5117083136885117,0.9,0.362494768,0.7500000000031586,0.066987298
4285,0.5117083136885117,0.9,0.7619645597879168,0.6294095225573324,0.017037087
4286,0.5096652522395098,0.9,0.9218640993442165,0.5000000000016492,0
4287,0.508093667,0.9,0.840658574,0.37059047745288165,0.017037087
4288,0.5211378280685213,0.9,0.7009906515976001,0.24999999999969785,0.066987298
4289,0.5388967468175392,0.01,0.5729035858797265,0.14644660940834558,0.14644660940510695
4290,0.5723715228665731,0.4,0.6189479559090274,0.066987298,0.24999999999573136
4291,0.5975168945465978,0.01,0.6447607088042416,0.017037086855541395,0.37059047744845763
4292,0.6248624862486252,0.9,0.6423887261057625,0,0.4999999999970691
4293,0.6500078579286499,0.75,0.6995953676573182,0.017037086854024275,0.6294095225458803
4294,0.6685525695426686,0.4,0.7778707967071299,0.066987298,0.7499999999991922
4295,0.6720100581486723,0.4,0.9076322031533417,0.14644660940420068,0.8535533905907482
4296,0.6844255854156844,0.75,0.8314497000139528,0.24999999999462147,0.933012702
4297,0.6729530095866729,0.4,0.6151806892702665,0.3705904774472196,0.9829629131441269
4298,0.6699669966996704,0.2,0.4635133249616297,0.4999999999957875,1
4299,0.6357064277856357,0.2,0.37254081205525325,0.6294095225516704,0.9829629131444243
4300,0.5808580858085812,0.05,0.3009627459187945,0.7499999999980822,0.9330127018933265
4301,0.5513122740845522,0.01,0.24710478582391518,0.8535533905898419,0.8535533905967057
4302,0.5233380480905239,0.01,0.35454164922561743,0.9330127018921112,0.7500000000001874
4303,0.5107653622505111,0.01,0.083717036,0.9829629131437951,0.6294095225540184
4304,0.49819267641049825,0.01,0.041858518,1,0.5000000000054942
4305,0.49426371208549424,0.01,0.027487094,0.9829629131447559,0.37059047744956763
4306,0.48137670909948094,0.01,0.035300684,0.9330127018939673,0.2500000000030277
4307,0.4755618418984757,0.01,0.10073950048834938,0.8535533905976119,0.14644660941106435
4308,0.4706899261354702,0.01,0.3657039207478722,0.7500000000012973,0.066987298
4309,0.4677039132484677,0.01,0.7820566485279754,0.6294095225552564,0.017037087
4310,0.4579600817224576,0.2,0.8795869959536765,0.4999999999994999,0
4311,0.4598459845984597,0.05,0.851262732,0.3705904774508056,0.017037086854912287
4312,0.5019644821625024,0.01,0.7587554067252685,0.2500000000041377,0.066987298
4313,0.5660851799465667,0.05,0.6259243756104367,0.14644660940682575,0.14644660940662668
4314,0.6119754832626119,0.01,0.6584344914190038,0.066987298,0.2499999999975927
4315,0.6437215150086444,0.01,0.6589926049951165,0.017037086856868278,0.3705904774435056
4316,0.6589658965896592,0.01,0.6577368494488628,0,0.4999999999992184
4317,0.7083136885117081,0.4,0.7231756662480815,0.017037086854580552,0.6294095225479563
4318,0.7171145685997176,0.4,0.7823357053160318,0.066987298,0.7499999999947524
4319,0.7285871444287291,0.01,0.9225617413143574,0.1464466094057204,0.8535533905922679
4320,0.7348734873487346,0.01,0.8604716059718153,0.24999999999648276,0.9330127018901886
4321,0.7328304258997327,0.01,0.6185293707269429,0.37059047744929563,0.9829629131446831
4322,0.7251296558227254,0.01,0.4681177619645598,0.4999999999979367,1
4323,0.6848970611346856,0.01,0.4077019673503558,0.6294095225467184,0.9829629131457511
4324,0.6250196448216259,0.4,0.41565508580996235,0.7499999999999436,0.9330127018922519
4325,0.5830583058305838,0.01,0.4742570113017999,0.8535533905913617,0.8535533905951859
4326,0.5486405783435493,0.01,0.14901632482210128,0.9330127018895478,0.7500000000046272
4327,0.5338676724815348,0.01,0.076880145,0.9829629131443514,0.6294095225519423
4328,0.521294987,0.01,0.038649365,1,0.5
4329,0.5069935564985069,0.01,0.029580019533975165,0.9829629131460829,0.37059047745451956
4330,0.5139085337105134,0.01,0.030835775,0.9330127018928928,0.2500000000011664
4331,0.5178374980355174,0.01,0.10283242639877216,0.8535533905960921,0.14644660940954457
4332,0.5139085337105134,0.01,0.3629133528673085,0.75,0.066987298
4333,0.5148514851485149,0.01,0.7641970140923677,0.6294095225531804,0.017037087
4334,0.508093667,0.01,0.961490163,0.5000000000046266,0
4335,0.5126512651265132,0.9,0.8649365145807172,0.3705904774487295,0.017037086855468564
4336,0.5385824296715396,0.9,0.7286172736151807,0.2500000000022764,0.066987298
4337,0.5662423385195665,0.9,0.6055532300823218,0.1464466094104509,0.14644660940300158
4338,0.5902876001885908,0.9,0.6401562718013115,0.066987298,0.24999999999945405
4339,0.5862014772905861,0.9,0.6983396121110645,0.017037087,0.3705904774455817
4340,0.6154329718686156,0.4,0.6894097948932607,0,0.4999999999940917
4341,0.6269055476976271,0.75,0.7365703920747871,0.017037087,0.6294095225500325
4342,0.6311488291686316,0.75,0.8049393051485977,0.066987298,0.7499999999966137
4343,0.6280056577086284,0.9,0.9362355239291196,0.1464466094020953,0.8535533905886428
4344,0.6206192047776207,0.9,0.8929817217803823,0.24999999999834405,0.9330127018912633
4345,0.6122898004086132,0.9,0.6356913631924096,0.3705904774443437,0.9829629131433563
4346,0.6008172245796009,0.9,0.45235105343937493,0.5,1
4347,0.5833726229765834,0.9,0.4088181945025813,0.6294095225487945,0.9829629131451949
4348,0.5766148043375767,0.9,0.32189200502302223,0.7499999999955037,0.9330127018948153
4349,0.5682853999685684,0.4,0.22198967489884192,0.8535533905928814,0.8535533905936661
4350,0.5588558855885588,0.75,0.1398074508162411,0.9330127018906225,0.7500000000027658
4351,0.5557127141285556,0.9,0.065299288,0.9829629131430245,0.6294095225568943
4352,0.5525695426685533,0.9,0.034044928,1,0.5000000000011957
4353,0.5420399182775424,0.75,0.019813031952002232,0.9829629131455266,0.37059047745244356
4354,0.535753575,0.9,0.035858797,0.9330127018954562,0.25000000000560624
4355,0.5326104038975328,0.9,0.10366959676294127,0.8535533905945724,0.14644660940802484
4356,0.5285242809995281,0.9,0.3585879726524348,0.7500000000038758,0.066987298
4357,0.525223951,0.9,0.7781498534951863,0.6294095225511043,0.017037086855424044
4358,0.5211378280685213,0.9,0.9183758894935119,0.5000000000024774,0
4359,0.5200377180575209,0.9,0.8350774382586856,0.37059047745368157,0.017037087
4360,0.5211378280685213,0.9,0.734896051,0.25000000000041506,0.066987298
4361,0.5283671224265283,0.9,0.6467141063206362,0.14644660940893112,0.14644660940452137
4362,0.5451830897375456,0.9,0.6732245011859913,0.066987298,0.2499999999950142
4363,0.56718529,0.9,0.6864796986186689,0.017037087,0.3705904774476577
4364,0.5755146943265754,0.9,0.7152225477884749,0,0.5
4365,0.5945308816595953,0.9,0.74019813,0.017037086853809946,0.6294095225450804
4366,0.5953166745245952,0.9,0.7928003348681456,0.066987298,0.75
4367,0.5997171145686004,0.9,0.9151667364308637,0.1464466094036151,0.8535533905901627
4368,0.6022316517366026,0.9,0.9069345611832007,0.2500000000002054,0.933012702
4369,0.6034889203206038,0.9,0.6916422491977117,0.3705904774464197,0.9829629131439126
4370,0.6061606160616058,0.9,0.47886144830473004,0.4999999999949593,1
4371,0.6034889203206038,0.9,0.4258406585740198,0.6294095225508705,0.9829629131446387
4372,0.5923306616375927,0.9,0.5603460304171899,0.75,0.9330127018937406
4373,0.5851013672795857,0.9,0.4258406585740198,0.8535533905892563,0.8535533905972912
4374,0.5788150243595793,0.9,0.19227012697083856,0.9330127018916972,0.7500000000009046
4375,0.5684425585415691,0.9,0.093065439,0.9829629131435809,0.6294095225548183
4376,0.5536696526795537,0.9,0.043811915724850006,1,0.5000000000063224
4377,0.5379537953795386,0.9,0.031533417050369744,0.9829629131449704,0.37059047745036755
4378,0.5129655822725128,0.01,0.037114553,0.9330127018943815,0.2500000000037449
4379,0.4867201005814876,0.01,0.10143714245849031,0.8535533905930526,0.14644660940650506
4380,0.480590916,0.01,0.3401702246407144,0.7500000000020145,0.066987298
4381,0.4708470847084718,0.01,0.7421515278359145,0.6294095225560563,0.017037086856750927
4382,0.4677039132484677,0.9,0.8816799218640993,0.5000000000003281,0
4383,0.4735187804494738,0.4,0.8135900655783451,0.37059047745160556,0.017037086854697958
4384,0.48436272198648433,0.9,0.7237337798241942,0.2500000000048549,0.066987298
4385,0.500235738,0.9,0.6663876098786102,0.1464466094074114,0.1464466094060411
4386,0.5324532453245321,0.75,0.7065717873587275,0.066987298,0.2499999999968755
4387,0.5599559955995601,0.4,0.767406167,0.017037087,0.3705904774427057
4388,0.5902876001885908,0.01,0.7704757918236361,0,0.49999999999839023
4389,0.6198334119126199,0.75,0.7701967350355797,0.017037086854366223,0.6294095225471565
4390,0.6489077479176495,0.4,0.8438677270824613,0.066987298,0.7500000000003363
4391,0.6660380323746664,0.4,0.91921306,0.14644660940513482,0.8535533905916823
4392,0.6778249253496775,0.4,0.8087065717873587,0.24999999999576555,0.9330127018897746
4393,0.686625805,0.4,0.7061532021766429,0.3705904774484957,0.9829629131444688
4394,0.6831683168316833,0.4,0.5738802846379237,0.4999999999971086,1
4395,0.6445073078736443,0.4,0.44593274731407845,0.6294095225459184,0.9829629131459655
4396,0.6044318717586052,0.01,0.4203990512069206,0.7499999999992264,0.9330127018926659
4397,0.5568128241395569,0.01,0.3832844983954235,0.8535533905907761,0.8535533905957714
4398,0.5359107339305367,0.01,0.25854611413422635,0.9330127018891337,0.7500000000053444
4399,0.5244381581015243,0.01,0.2101297614064462,0.9829629131441371,0.6294095225527423
4400,0.49693540782649714,0.01,0.10534393749127947,1,0.5000000000041731
4401,0.49929278642149955,0.01,0.084554207,0.9829629131444141,0.3705904774482915
4402,0.48876316203048953,0.01,0.048276824333751925,0.9330127018933068,0.2500000000018836
4403,0.48451988055948503,0.01,0.062508721,0.8535533905966777,0.1464466094101302
4404,0.4761904761904767,0.01,0.084693735,0.7500000000001532,0.066987298
4405,0.4755618418984757,0.01,0.17706153202176642,0.6294095225539802,0.017037087
4406,0.4636177903504639,0.01,0.2772429189340031,0.5000000000054547,0
4407,0.4667609618104662,0.01,0.40728338216827126,0.37059047744952944,0.017037086855254235
4408,0.5220807795065228,0.01,0.5219757220594391,0.25000000000299355,0.066987298
4409,0.602074493,0.01,0.5720664155155574,0.1464466094110365,0.146446609
4410,0.659123055,0.4,0.6221571089716758,0.066987298,0.24999999999873684
4411,0.6938551,0.4,0.6916422491977117,0.017037086856526384,0.3705904774447817
4412,0.7123998114097128,0.4,0.6760150690665551,0,0.5000000000005396
4413,0.7285871444287291,0.01,0.6862006418306125,0.017037087,0.6294095225492324
4414,0.7348734873487346,0.9,0.6813171480396261,0.066987298,0.7499999999958965
4415,0.7383309759547383,0.4,0.6560625087205246,0.1464466094066546,0.8535533905932021
4416,0.7454031117397455,0.4,0.6520161852937072,0.2499999999976269,0.9330127018908492
4417,0.7432028917177438,0.4,0.6186688991209711,0.37059047744354373,0.9829629131431419
4418,0.7307873644507308,0.01,0.4968606111343659,0.49999999999925787,1
4419,0.7006129184347016,0.01,0.44118878191712013,0.6294095225479945,0.9829629131454092
4420,0.6456074178846465,0.2,0.4104925352309195,0.7499999999947865,0.9330127018952293
4421,0.6113468489706118,0.01,0.43044509557694993,0.8535533905922958,0.8535533905942516
4422,0.5866729530095873,0.01,0.47048974466303894,0.9330127018902084,0.7500000000034831
4423,0.5700141442715707,0.01,0.2705455560206502,0.9829629131446933,0.6294095225506662
4424,0.5538268112525544,0.01,0.10534393749127947,1,0.5000000000020238
4425,0.5421970768505422,0.01,0.084554207,0.9829629131457409,0.37059047745324347
4426,0.5255382681125256,0.01,0.048276824333751925,0.9330127018922322,0.2500000000000223
4427,0.5264812195505262,0.01,0.062508721,0.853553391,0.14644660940861043
4428,0.5368536853685373,0.01,0.074647691,0.75,0.066987298
4429,0.5274241709885277,0.01,0.14190037672666386,0.6294095225519043,0.017037086855638373
4430,0.5388967468175392,0.75,0.2147341984093763,0.5000000000033055,0
4431,0.5599559955995601,0.75,0.3091949211664574,0.3705904774544815,0.017037086853927297
4432,0.5745717428885748,0.9,0.3513324961629692,0.2500000000011322,0.066987298
4433,0.5983026874115986,0.75,0.4663038928421934,0.1464466094095167,0.14644660940393578
4434,0.606003457,0.9,0.5212780800892981,0.066987298,0.2500000000005982
4435,0.6122898004086132,0.9,0.5957862425003488,0.017037086855970107,0.3705904774468578
4436,0.6209335219236212,0.9,0.5801590623691921,0,0.49999999999541284
4437,0.6270627062706278,0.9,0.6222966373657038,0.017037086855478778,0.6294095225513086
4438,0.6394782335376399,0.9,0.5955071857122924,0.066987298,0.7499999999977578
4439,0.6511079679396512,0.9,0.6090414399330264,0.1464466094030295,0.853553391
4440,0.6573943108596585,0.9,0.5636947118738663,0.2499999999994882,0.9330127018919239
4441,0.6542511393996544,0.9,0.49407004325380216,0.3705904774456198,0.9829629131436981
4442,0.6468646864686476,0.9,0.547648947,0.49999999999413114,1
4443,0.6405783435486403,0.9,0.4971396679224222,0.6294095225500705,0.982962913
4444,0.6363350620776367,0.9,0.2828240546951305,0.7499999999966478,0.9330127018941548
4445,0.6237623762376239,0.75,0.2140365564392354,0.8535533905886707,0.8535533905978768
4446,0.6206192047776207,0.4,0.126133668,0.933012702,0.7500000000016218
4447,0.6154329718686156,0.75,0.071857123,0.9829629131433665,0.6294095225556182
4448,0.6111896903976111,0.9,0.032649644202595224,1,0.49999999999987454
4449,0.6038032374666042,0.75,0.021905957862425007,0.9829629131451847,0.37059047745116747
4450,0.6012887002986012,0.9,0.028603321,0.9330127018947956,0.2500000000044621
4451,0.5986170045575991,0.9,0.097530347,0.8535533905936382,0.1464466094070907
4452,0.5973597359735972,0.9,0.3460304171898982,0.7500000000027318,0.066987298
4453,0.595473833,0.9,0.7450816241105065,0.6294095225568562,0.017037086856965256
4454,0.5943737230865946,0.9,0.8966094600251151,0.5000000000011562,0
4455,0.5943737230865946,0.9,0.8155434630947398,0.3705904774524055,0.017037086854483574
4456,0.5934307716485931,0.9,0.6153202176642947,0.2500000000055721,0.066987298
4457,0.6012887002986012,0.9,0.5335565787637784,0.14644660940799692,0.1464466094054555
4458,0.6154329718686156,0.9,0.5749965117901492,0.066987298,0.24999999999615835
4459,0.6267483891246264,0.9,0.6349937212222687,0.017037087,0.3705904774489338
4460,0.6352349520666354,0.9,0.6422491977117343,0,0.4999999999975621
4461,0.6424642464246424,0.9,0.6436444816520162,0.017037086854151895,0.6294095225463565
4462,0.6363350620776367,0.9,0.7294544439793498,0.066987298,0.7499999999996192
4463,0.6327204148986323,0.9,0.8501465048137296,0.14644660940454923,0.8535533905910968
4464,0.6306773534496304,0.9,0.8313101716199246,0.24999999999504835,0.9330127018893605
4465,0.6287914505736292,0.9,0.5653690526022045,0.3705904774476958,0.9829629131442544
4466,0.6300487191576303,0.9,0.4095158364727222,0.4999999999962804,1
4467,0.6292629262926295,0.9,0.3531463652853356,0.6294095225451185,0.9829629131461799
4468,0.6195190947666203,0.9,0.2838007534533278,0.7499999999985092,0.933012702
4469,0.6154329718686156,0.75,0.19729314915585322,0.8535533905901904,0.853553391
4470,0.6071035674996073,0.01,0.12543602623133807,0.9330127018923576,0.7499999999997604
4471,0.603960396,0.4,0.062508721,0.9829629131439228,0.6294095225535422
4472,0.5965739431085972,0.4,0.03557974,1,0.5000000000050012
4473,0.5923306616375927,0.75,0.023719826984791404,0.9829629131446285,0.37059047744909146
4474,0.5871444287285876,0.4,0.045346728,0.9330127018937209,0.2500000000026008
4475,0.5851013672795857,0.01,0.11748290777173155,0.8535533905972633,0.14644660941071574
4476,0.5714285714285716,0.01,0.38523789591181806,0.7500000000008704,0.066987298
4477,0.5707999371365706,0.01,0.793079392,0.6294095225547802,0.017037087
4478,0.569856986,0.01,0.9700013952839402,0.5000000000062829,0
4479,0.56718529,0.01,0.8532161294823496,0.37059047745032947,0.017037087
4480,0.5835297815495832,0.75,0.6792242221292033,0.25000000000371075,0.066987298
4481,0.6111896903976111,0.75,0.5628575415096972,0.14644660940647714,0.1464466094069753
4482,0.6493792236366498,0.75,0.5798800055811357,0.066987298,0.24999999999801964
4483,0.670909948,0.01,0.6098786102971955,0.017037086856740713,0.37059047744398177
4484,0.6888260254596896,0.01,0.614064462,0,0.4999999999997114
4485,0.6982555398396983,0.75,0.6973629133528673,0.017037086854708172,0.6294095225484326
4486,0.7123998114097128,0.01,0.7714524905818334,0.066987298,0.7499999999951793
4487,0.7147571900047152,0.01,0.8769359564671411,0.14644660940606902,0.8535533905926165
4488,0.7202577400597208,0.01,0.8579600948793079,0.2499999999969097,0.9330127018904351
4489,0.7158573000157165,0.01,0.6019254918375889,0.3705904774427438,0.9829629131429276
4490,0.7057991513437059,0.4,0.4603041718989815,0.4999999999984297,1
4491,0.672167217,0.01,0.3958420538579601,0.6294095225471945,0.9829629131456236
4492,0.6372780135156373,0.4,0.41942235244872333,0.7500000000003705,0.9330127018920054
4493,0.6071035674996073,0.01,0.5020231617134087,0.8535533905917103,0.8535533905948374
4494,0.5838440986955846,0.01,0.15599274452351053,0.9330127018897942,0.7500000000042003
4495,0.5613704227565619,0.01,0.078833543,0.982962913,0.6294095225514662
4496,0.5406254911205415,0.01,0.043672387,1,0.5000000000028519
4497,0.5170517051705175,0.01,0.024138412,0.9829629131459553,0.3705904774540434
4498,0.5071507150715076,0.01,0.032231059,0.9330127018926463,0.2500000000007395
4499,0.49819267641049825,0.01,0.10185572764057486,0.8535533905957435,0.14644660940919602
4500,0.5263240609775264,0.01,0.36891307381052046,0.7500000000053102,0.066987298
4501,0.5326104038975328,0.01,0.7671271103669597,0.6294095225527041,0.017037087
4502,0.5266383781235269,0.9,0.9369331658992605,0.5000000000041337,0
4503,0.534496307,0.9,0.8890749267475931,0.37059047744825335,0.017037087
4504,0.5640421184975639,0.4,0.6829914887679642,0.2500000000018494,0.066987298
4505,0.5808580858085812,0.9,0.6538300544160737,0.1464466094101023,0.14644660940335014
4506,0.595473833,0.4,0.6698758197293149,0.066987298,0.24999999999988093
4507,0.6091466289486092,0.9,0.6856425282544998,0.017037086856184436,0.3705904774460579
4508,0.6248624862486252,0.01,0.6705734616994559,0,0.49999999999458467
4509,0.6316203048876319,0.75,0.6977814985349519,0.017037087,0.6294095225505086
4510,0.6375923306616378,0.75,0.7637784289102832,0.066987298,0.7499999999970406
4511,0.6514222850856517,0.9,0.9070740895772289,0.14644660940244386,0.8535533905889914
4512,0.655194091,0.9,0.8574019813031952,0.24999999999877098,0.9330127018915098
4513,0.6533081879616529,0.9,0.626901074,0.3705904774448199,0.9829629131434838
4514,0.6393210749646392,0.01,0.48820985070461836,0.5,1
4515,0.6028602860286028,0.01,0.40323705874145394,0.6294095225492706,0.9829629131450672
4516,0.5814867201005813,0.01,0.35984372819868843,0.7499999999959306,0.9330127018945688
4517,0.5726858400125727,0.01,0.283940282,0.853553391,0.8535533905933175
4518,0.5756718528995761,0.01,0.14859773964001674,0.9330127018908689,0.75
4519,0.5568128241395569,0.01,0.088321473,0.9829629131431521,0.6294095225564181
4520,0.5368536853685373,0.01,0.044788614,1,0.5000000000007027
4521,0.5296243910105294,0.01,0.023719826984791404,0.982962913,0.3705904774519674
4522,0.5118654722615115,0.01,0.03474257,0.9330127018952097,0.2500000000051793
4523,0.49897846927549905,0.01,0.10115808567043394,0.8535533905942239,0.14644660940767623
4524,0.49017758918749044,0.01,0.3613785405329985,0.7500000000034489,0.066987298
4525,0.48546283199748563,0.01,0.768940979,0.6294095225506281,0.017037086855296424
4526,0.48687725915448743,0.4,0.922282685,0.5000000000019844,0
4527,0.49913562784849885,0.01,0.824054695,0.3705904774532054,0.017037086854269246
4528,0.5315102938865315,0.01,0.7118738663317985,0.24999999999998812,0.066987298
4529,0.5638849599245641,0.01,0.6599693037533138,0.14644660940858256,0.14644660940486992
4530,0.5844727329875847,0.01,0.7004325380214873,0.066987298,0.2499999999954411
4531,0.6122898004086132,0.01,0.6917817775917399,0.017037087,0.3705904774481339
4532,0.6719314788621715,0.5,0.6539695828101019,0,0.49999999999673395
4533,0.6331918906176335,0.01,0.7441049253523092,0.017037087,0.6294095225455566
4534,0.655194091,0.05,0.7916841077159201,0.066987298,0.7499999999989019
4535,0.6573943108596585,0.01,0.8893539835356494,0.14644660940396365,0.8535533905905112
4536,0.6605374823196608,0.01,0.8713548207060137,0.2499999999943312,0.9330127018889465
4537,0.6531510293886531,0.01,0.6567601506906655,0.3705904774468959,0.982962913
4538,0.6336633663366338,0.01,0.47858239151667364,0.4999999999954523,1
4539,0.5973597359735972,0.01,0.45569973489605137,0.6294095225513466,0.982962913
4540,0.565928021,0.01,0.4203990512069206,0.75,0.9330127018934942
4541,0.5275813295615275,0.01,0.33012418027068513,0.8535533905896049,0.8535533905969426
4542,0.5079365079365075,0.01,0.16492256174131434,0.9330127018919436,0.7500000000004776
4543,0.48734873487348684,0.01,0.12027347565229525,0.9829629131437083,0.6294095225543421
4544,0.4656608517994658,0.01,0.051206920608343795,1,0.5000000000058293
4545,0.4428728587144435,0.01,0.037533138,0.9829629131448427,0.3705904774498914
4546,0.4403583215464413,0.01,0.039207479,0.933012702,0.25
4547,0.4342291371994338,0.01,0.096693177,0.853553391,0.1464466094113014
4548,0.4314002828854311,0.01,0.34686758755406727,0.7500000000015876,0.066987298
4549,0.4254282571114252,0.01,0.7357332217106181,0.6294095225555801,0.017037086856623307
4550,0.42479962281942507,0.01,0.9019115389981861,0.4999999999998351,0
4551,0.5680025145371679,0.4,0.7459187944746756,0.3705904774511294,0.017037086854825523
4552,0.5651422285085661,0.01,0.6905260220454862,0.2500000000044279,0.066987298
4553,0.6154329718686156,0.01,0.6546672247802428,0.14644660940706278,0.1464466094063897
4554,0.6405783435486403,0.01,0.7185712292451514,0.066987298,0.24999999999730244
4555,0.6562942008486563,0.01,0.7252685921585043,0.017037087,0.37059047744318185
4556,0.6720100581486723,0.4,0.7209432119436305,0,0.4999999999988832
4557,0.6896118183246895,0.01,0.7466164364448165,0.017037086854493788,0.6294095225476326
4558,0.6944837340876941,0.01,0.8128924236082042,0.066987298,0.7499999999944621
4559,0.7034417727487035,0.75,0.9173991907353146,0.14644660940548337,0.853553391
4560,0.7013987112997015,0.01,0.7798241942235244,0.24999999999619243,0.9330127018900211
4561,0.6955838440986954,0.75,0.6796428073112878,0.3705904774489719,0.9829629131445964
4562,0.6897689768976893,0.75,0.5613227291753872,0.49999999999760153,1
4563,0.6710671067106708,0.75,0.4781638063345891,0.6294095225463947,0.982962913
4564,0.6449787835926455,0.01,0.4424445374633738,0.7499999999996533,0.9330127018924195
4565,0.6385352820996384,0.01,0.4174689549323288,0.8535533905911247,0.8535533905954229
4566,0.6206192047776207,0.01,0.26677828938188924,0.9330127018893802,0.7500000000049174
4567,0.6132327518466139,0.01,0.19017720106041577,0.9829629131442646,0.6294095225522661
4568,0.6089894703756094,0.01,0.11385516952699874,1,0.5000000000036802
4569,0.6017601760176023,0.01,0.076740617,0.9829629131461697,0.37059047745484336
4570,0.595473833,0.01,0.052602204548625645,0.9330127018930603,0.25000000000145667
4571,0.5895018073235891,0.01,0.04953258,0.8535533905963291,0.1464466094097816
4572,0.5885588558855885,0.01,0.10046044370029301,0.7499999999997263,0.066987298
4573,0.5835297815495832,0.01,0.18836333193804938,0.6294095225535041,0.017037087
4574,0.5855728429985851,0.01,0.3027766150411609,0.5000000000049618,0
4575,0.5874587458745872,0.01,0.4203990512069206,0.37059047744905327,0.017037087
4576,0.6181046676096185,0.01,0.50913911,0.2500000000025666,0.066987298
4577,0.644664466,0.75,0.527975443,0.14644660941068788,0.14644660940276455
4578,0.682696841,0.75,0.5869959536765732,0.066987298,0.24999999999916378
4579,0.7400597202577406,0.01,0.619366541,0.017037086856398764,0.3705904774452579
4580,0.7505893446487506,0.01,0.5922980326496442,0,0.49999999999375655
4581,0.7702341662737706,0.01,0.6073670992046881,0.017037086855050065,0.6294095225497087
4582,0.7721200691497718,0.9,0.6019254918375889,0.066987298,0.7499999999963234
4583,0.7809209492377813,0.75,0.5934142598018697,0.14644660940700316,0.8535533905935507
4584,0.7966368065377964,0.01,0.555881122,0.24999999999805378,0.9330127018910956
4585,0.7997799779977997,0.01,0.5858797265243477,0.3705904774440199,0.9829629131432696
4586,0.8018230394468024,0.75,0.4573740756243896,0.4999999999997508,1
4587,0.7977369165487977,0.75,0.4037951723175667,0.6294095225484707,0.9829629131452817
4588,0.7746346063177749,0.75,0.4152365006278778,0.7499999999952134,0.9330127018949829
4589,0.7630048719157636,0.01,0.42918934003069625,0.8535533905926445,0.8535533905939031
4590,0.7642621404997647,0.01,0.2990093484023999,0.9330127018904548,0.7500000000030562
4591,0.7600188590287602,0.01,0.18627040602762662,0.9829629131429378,0.629409523
4592,0.7465032217507468,0.01,0.10269289800474397,1,0.5000000000015309
4593,0.7256011315417257,0.01,0.079112599,0.9829629131456133,0.3705904774527673
4594,0.7004557598617001,0.01,0.037951723,0.9330127018919857,0.24999999999959532
4595,0.6804966210906804,0.01,0.025394167713129624,0.8535533905948094,0.14644660940826187
4596,0.6616375923306621,0.01,0.045207199665131856,0.7500000000041661,0.066987298
4597,0.6438786735816442,0.01,0.13297055950886005,0.629409523,0.017037086855510808
4598,0.6199905704856197,0.9,0.1818054974187247,0.5000000000028125,0
4599,0.6201477290586204,0.9,0.25463931910143717,0.3705904774540053,0.017037086854054917
4600,0.6621090680496624,0.75,0.3722617552671969,0.2500000000007053,0.066987298
4601,0.7001414427157004,0.01,0.45709501883633324,0.14644660940916815,0.14644660940428433
4602,0.7296872544397295,0.75,0.5069066555043951,0.066987298,0.24999999999472394
4603,0.7705484834197711,0.75,0.5840658574019812,0.017037086855842487,0.370590477
4604,0.7873644507307875,0.9,0.6335984372819868,0,0.49999999999590583
4605,0.7884645607417888,0.75,0.6116924794195618,0.017037086855606343,0.6294095225517847
4606,0.7875216093037882,0.9,0.5871354820706013,0.066987298,0.7499999999981848
4607,0.7762061920477765,0.9,0.594390959,0.14644660940337806,0.8535533905899256
4608,0.7516894546597528,0.9,0.5653690526022045,0.24999999999991512,0.9330127018921703
4609,0.723400912,0.9,0.4745360680898563,0.37059047744609597,0.9829629131438258
4610,0.7183718371837187,0.9,0.44732803125436027,0.49999999999462413,1
4611,0.7046990413327054,0.9,0.37281986884330964,0.6294095225505467,0.9829629131447254
4612,0.6809680968096816,0.9,0.28575415096972234,0.7499999999970748,0.9330127018939083
4613,0.6701241552726702,0.75,0.23970978094042136,0.8535533905890194,0.8535533905975282
4614,0.6595945308816602,0.4,0.3057067113157528,0.9330127018915295,0.7500000000011948
4615,0.656451359,0.4,0.087623831,0.982962913,0.629409523
4616,0.6459217350306461,0.75,0.046044370029300966,1,0.4999999999993816
4617,0.6405783435486403,0.9,0.033486814566764334,0.982962913,0.3705904774506913
4618,0.6322489391796329,0.9,0.029580019533975165,0.9330127018945491,0.2500000000040352
4619,0.6228194247996233,0.9,0.10087902888237757,0.8535533905932896,0.1464466094067421
4620,0.612446959,0.9,0.34896051346449003,0.7500000000023048,0.066987298
4621,0.5935879302215938,0.9,0.7368494488628435,0.629409523,0.017037087
4622,0.5767719629105765,0.01,0.9037254081205525,0.5000000000006632,0
4623,0.5745717428885748,0.75,0.8407981024138412,0.3705904774519293,0.017037086854611194
4624,0.5736287914505733,0.75,0.6799218640993442,0.25000000000514516,0.066987298
4625,0.5736287914505733,0.75,0.5907632203153341,0.14644660940764836,0.14644660940580412
4626,0.5756718528995761,0.9,0.6175526719687456,0.066987298,0.24999999999658523
4627,0.5767719629105765,0.9,0.6267615459746058,0.017037087,0.370590477
4628,0.5693855099795697,0.9,0.6508999581414817,0,0.49999999999805506
4629,0.5652993870815659,0.9,0.6842472443142179,0.017037087,0.6294095225468327
4630,0.5588558855885588,0.9,0.7587554067252685,0.066987298,0.75
4631,0.538425271,0.9,0.8777731268313101,0.14644660940489784,0.8535533905914454
4632,0.5354392582115355,0.9,0.8254499790707409,0.24999999999547529,0.933012702
4633,0.5168945465975168,0.9,0.5508580996232733,0.370590477,0.982962913
4634,0.5117083136885117,0.9,0.3651458071717595,0.4999999999967734,1
4635,0.501021531,0.9,0.3182642667782894,0.6294095225455947,0.9829629131460522
4636,0.49237780920949303,0.9,0.24431421794335148,0.7499999999989361,0.9330127018928336
4637,0.48341977054848373,0.9,0.17287568020092087,0.853553391,0.8535533905960084
4638,0.48247681911048224,0.9,0.10590205106739221,0.9330127018889661,0.7500000000056347
4639,0.4794908062234797,0.9,0.18794474675596484,0.9829629131440503,0.629409523
4640,0.4774477447744778,0.9,0.04869541,1,0.5000000000045083
4641,0.4777620619204783,0.9,0.026649923,0.9829629131445008,0.3705904774486153
4642,0.4725758290114723,0.9,0.030417189898144275,0.9330127018934744,0.25000000000217387
4643,0.476033318,0.9,0.1005999720943212,0.8535533905969148,0.1464466094103672
4644,0.4736759390224736,0.9,0.3502162690107437,0.7500000000004434,0.066987298
4645,0.4716328775734717,0.9,0.7577787079670713,0.629409523,0.017037086856281414
4646,0.4777620619204783,0.9,0.9081903167294544,0.5000000000057899,0
4647,0.47917648907747923,0.9,0.7746616436444816,0.3705904774498533,0.017037087
4648,0.4810623919534813,0.9,0.7125715083019394,0.2500000000032838,0.066987298
4649,0.49693540782649714,0.9,0.6188084275149993,0.14644660941127347,0.14644660940217902
4650,0.5102938865315108,0.75,0.646574578,0.066987298,0.24999999999844658
4651,0.5315102938865315,0.4,0.6870378121947817,0.017037087,0.37059047744445794
4652,0.5717428885745721,0.4,0.6440630668341008,0,0.5000000000002044
4653,0.5775577557755773,0.4,0.7008511232035719,0.017037086854835737,0.6294095225489087
4654,0.6121326418356117,0.4,0.7922422212920329,0.066987298,0.7499999999956062
4655,0.6228194247996233,0.4,0.8786102971954792,0.14644660940641763,0.8535533905929651
4656,0.6363350620776367,0.01,0.8727501046462955,0.24999999999733663,0.9330127018906816
4657,0.6426214049976422,0.01,0.6567601506906655,0.37059047744321993,0.9829629131430552
4658,0.6426214049976422,0.01,0.4498395423468676,0.4999999999989227,1
4659,0.6239195348106237,0.01,0.401004604,0.6294095225476708,0.982962913
4660,0.587615904,0.01,0.3338914469094461,0.7499999999944963,0.9330127018953969
4661,0.5552412384095562,0.01,0.26580159062369196,0.8535533905920588,0.8535533905944888
4662,0.538425271,0.01,0.1406446211804102,0.9330127018900407,0.7500000000037734
4663,0.5170517051705175,0.01,0.062927306,0.9829629131446066,0.629409523
4664,0.5107653622505111,0.01,0.034323985,1,0.5
4665,0.515951595,0.01,0.020789730710199527,0.9829629131458277,0.3705904774535672
4666,0.512808424,0.01,0.031533417050369744,0.9330127018923997,0.25000000000031253
4667,0.5107653622505111,0.01,0.10213478442863123,0.8535533905953949,0.14644660940884746
4668,0.5190947666195194,0.75,0.3503557974047719,0.7500000000048833,0.066987298
4669,0.535753575,0.75,0.8008929817217804,0.629409523,0.017037086855725136
4670,0.5442401382995441,0.9,0.9393051485977396,0.5000000000036406,0
4671,0.5557127141285556,0.9,0.8740058601925491,0.3705904774548052,0.017037087
4672,0.5693855099795697,0.9,0.6944328170782754,0.25000000000142253,0.066987298
4673,0.5821153543925823,0.9,0.6172736151806892,0.14644660940975374,0.14644660940369875
4674,0.5965739431085972,0.01,0.6587135482070601,0.066987298,0.25000000000030786
4675,0.6415212949866418,0.75,0.6753174270964141,0.017037087,0.370590477
4676,0.6573943108596585,0.75,0.644202595,0,0.49999999999507766
4677,0.6616375923306621,0.75,0.7358727501046463,0.017037086855392014,0.6294095225509848
4678,0.6688668866886691,0.9,0.7812194781638063,0.066987298,0.7499999999974676
4679,0.6720100581486723,0.75,0.9047021068787497,0.14644660940279247,0.853553391
4680,0.6602231651736603,0.75,0.845123483,0.24999999999919792,0.9330127018917562
4681,0.6456074178846465,0.9,0.6129482349658155,0.37059047744529605,0.9829629131436115
4682,0.6298915605846305,0.9,0.4658853076601089,0.49999999999379596,1
4683,0.6121326418356117,0.9,0.3885865773684945,0.6294095225497468,0.9829629131449398
4684,0.6082036775106077,0.9,0.31770615320217666,0.7499999999963576,0.9330127018943223
4685,0.6042747131856046,0.9,0.2691502720803684,0.8535533905935786,0.8535533905929689
4686,0.5965739431085972,0.9,0.18292172457095018,0.9330127018911154,0.75
4687,0.5973597359735972,0.9,0.4132831031114832,0.9829629131432798,0.629409523
4688,0.595473833,0.4,0.065578345,1,0.5000000000002097
4689,0.5934307716485931,0.75,0.025673224501185993,0.9829629131452715,0.3705904774514912
4690,0.577714914,0.01,0.035440212,0.9330127018949631,0.2500000000047524
4691,0.5716643092880713,0.01,0.10129761406446212,0.8535533905938752,0.14644660940732768
4692,0.5631934622033632,0.01,0.3652853355657877,0.75,0.066987298
4693,0.561999057,0.01,0.74019813,0.629409523,0.017037087
4694,0.558698727,0.4,0.8304730012557555,0.5000000000014914,0
4695,0.5680025145371679,0.4,0.7459187944746756,0.3705904774527292,0.017037086854396866
4696,0.5851013672795857,0.4,0.6615041160876238,0.24999999999956118,0.066987298
4697,0.5975168945465978,0.9,0.6227152225477884,0.14644660940823395,0.14644660940521853
4698,0.6052176646236052,0.9,0.6864796986186689,0.066987298,0.24999999999586808
4699,0.6091466289486092,0.9,0.7011301799916283,0.017037086855500594,0.37059047744861007
4700,0.6121326418356117,0.9,0.7231756662480815,0,0.49999999999722694
4701,0.6289486091466299,0.9,0.7376866192270126,0.017037087,0.6294095225460328
4702,0.6287914505736292,0.9,0.8094042137574996,0.066987298,0.7499999999993289
4703,0.6386924406726382,0.9,0.9260499511650621,0.14644660940431226,0.8535533905908598
4704,0.6445073078736443,0.9,0.8880982279893959,0.24999999999475808,0.9330127018891929
4705,0.6448216250196457,0.9,0.6933165899260499,0.37059047744737206,0.9829629131441677
4706,0.6474933207606477,0.9,0.4910004185851821,0.49999999999594524,1
4707,0.6405783435486403,0.9,0.4289102832426399,0.6294095225518228,0.9829629131443834
4708,0.6385352820996384,0.9,0.3929119575833682,0.7499999999982189,0.9330127018932477
4709,0.6269055476976271,0.9,0.33137993581693875,0.8535533905899535,0.8535533905965941
4710,0.6201477290586204,0.9,0.16143435189060973,0.9330127018921901,0.7500000000000506
4711,0.6190476190476191,0.9,0.18794474675596484,0.982962913,0.629409523
4712,0.6151186547226151,0.4,0.04869541,1,0.5000000000053364
4713,0.6093037875216099,0.9,0.026649923,0.9829629131447152,0.3705904774494152
4714,0.6028602860286028,0.9,0.030417189898144275,0.9330127018938885,0.25
4715,0.6019173345906021,0.75,0.1005999720943212,0.8535533905975003,0.14644660941095278
4716,0.6012887002986012,0.9,0.3225896469931631,0.7500000000011606,0.066987298
4717,0.6019173345906021,0.9,0.6895493232872889,0.629409523,0.017037086856495742
4718,0.6028602860286028,0.9,0.8250313938886563,0.49999999999934214,0
4719,0.6080465189376079,0.75,0.7028045207199665,0.3705904774506532,0.017037086854953143
4720,0.6289486091466299,0.01,0.6552253383563554,0.25,0.066987298
4721,0.6363350620776367,0.4,0.648807032,0.14644660940671417,0.14644660940673832
4722,0.6619519094766617,0.75,0.7099204688154039,0.066987298,0.24999999999772937
4723,0.6789250353606788,0.4,0.7653132412445932,0.017037086856827477,0.37059047744365803
4724,0.7086280056577094,0.01,0.7475931352030137,0,0.4999999999993762
4725,0.714285714,0.01,0.780242779,0.017037086854621408,0.6294095225481088
4726,0.7402168788307404,0.4,0.7919631645039765,0.066987298,0.75
4727,0.7358164387867361,0.01,0.8237756383424026,0.14644660940583198,0.8535533905923796
4728,0.7348734873487346,0.9,0.7595925770894377,0.24999999999661943,0.9330127018902675
4729,0.7295300958667297,0.75,0.680479978,0.370590477,0.9829629131428408
4730,0.7171145685997176,0.9,0.5106739221431561,0.4999999999980945,1
4731,0.6925978312116929,0.9,0.41691084135621603,0.6294095225468708,0.9829629131457103
4732,0.6877259154486874,0.9,0.3849588391237617,0.7500000000000802,0.933012702
4733,0.6834826339776838,0.9,0.64727222,0.8535533905914732,0.8535533905950743
4734,0.6834826339776838,0.9,0.2701269708385657,0.9330127018896267,0.7500000000044906
4735,0.6834826339776838,0.9,0.15292311985489046,0.9829629131443922,0.629409523
4736,0.6808109382366809,0.9,0.095716478,1,0.5000000000031871
4737,0.6804966210906804,0.9,0.059857681,0.982962913,0.3705904774543672
4738,0.6808109382366809,0.9,0.041300405,0.9330127018928138,0.25000000000102973
4739,0.6834826339776838,0.9,0.035440212,0.8535533905959806,0.14644660940943305
4740,0.6825396825396823,0.9,0.067671271,0.7500000000056005,0.066987298
4741,0.6845827439886851,0.9,0.1470629273057067,0.6294095225530278,0.017037086855939465
4742,0.6899261354706909,0.9,0.25045346728059165,0.5000000000044689,0
4743,0.69715543,0.9,0.33807729873029163,0.37059047744857715,0.017037086855509365
4744,0.7002986012887003,0.9,0.44607227570810665,0.25000000000213973,0.066987298
4745,0.7034417727487035,0.9,0.5250453467280591,0.14644660941033932,0.14644660940311316
4746,0.7106710671067114,0.9,0.6267615459746058,0.066987298,0.24999999999959066
4747,0.746346063,0.75,0.6760150690665551,0.017037087,0.3705904774457341
4748,0.7674053119597679,0.75,0.6142039905120692,0,0.4999999999942495
4749,0.772591545,0.9,0.621598995,0.017037086855177686,0.6294095225501849
4750,0.7746346063177749,0.75,0.5897865215571368,0.066987298,0.7499999999967504
4751,0.7779349363507779,0.9,0.6116924794195618,0.14644660940220688,0.8535533905887545
4752,0.7832783278327837,0.75,0.5625784847216408,0.24999999999848072,0.9330127018913421
4753,0.7769919849127773,0.9,0.5622994279335845,0.3705904774444961,0.9829629131433971
4754,0.7245010215307253,0.9,0.4702106878749826,0.5000000000002438,1
4755,0.7100424328147104,0.75,0.39765592298032654,0.6294095225489469,0.982962913
4756,0.670909948,0.4,0.36151806892702665,0.7499999999956404,0.9330127018947363
4757,0.6699669966996704,0.01,0.40588809822798944,0.8535533905929931,0.8535533905935545
4758,0.6531510293886531,0.75,0.4738384261197154,0.9330127018907013,0.7500000000026292
4759,0.6511079679396512,0.9,0.17803823077996372,0.9829629131430654,0.629409523
4760,0.6427785635706438,0.01,0.10213478442863123,1,0.5000000000010378
4761,0.6364922206506365,0.01,0.094181666,0.9829629131454858,0.3705904774522911
4762,0.6248624862486252,0.01,0.046602483605413705,0.9330127018953772,0.2500000000054696
4763,0.6176331918906182,0.01,0.028882378,0.8535533905944608,0.14644660940791326
4764,0.6072607260726071,0.01,0.048276824333751925,0.7500000000037392,0.066987298
4765,0.5956309916705966,0.01,0.097111762,0.629409523,0.017037086855383188
4766,0.5866729530095873,0.05,0.14692339891167852,0.5000000000023196,0
4767,0.5976740531195985,0.05,0.2404074229105623,0.37059047745352913,0.017037087
4768,0.6248624862486252,0.01,0.4039347007115948,0.25000000000027833,0.066987298
4769,0.6542511393996544,0.05,0.48834937909864656,0.14644660940881954,0.14644660940463294
4770,0.6740531195976742,0.05,0.5282544997907074,0.066987298,0.24999999999515082
4771,0.6929121483576934,0.2,0.5508580996232733,0.017037086855714922,0.3705904774478101
4772,0.714914349,0.4,0.5635551834798381,0,0.49999999999639877
4773,0.7296872544397295,0.4,0.562718013,0.017037086853850802,0.6294095225452329
4774,0.7411598302687419,0.75,0.5420678107994976,0.066987298,0.7499999999986117
4775,0.7485462831997487,0.4,0.6079252127808009,0.14644660940372667,0.8535533905902741
4776,0.749646393,0.01,0.6395981582251988,0.25000000000034206,0.9330127018924168
4777,0.7474461731887474,0.01,0.6335984372819868,0.37059047744657214,0.9829629131439533
4778,0.7433600502907436,0.4,0.5586716896888516,0.49999999999511713,1
4779,0.7254439729687259,0.01,0.49993023580298596,0.6294095225510229,0.9829629131445978
4780,0.6646236052176646,0.01,0.37714524905818336,0.7499999999975018,0.9330127018936617
4781,0.6647807637906653,0.01,0.24096553648667504,0.853553391,0.8535533905971796
4782,0.6347634763476342,0.01,0.140505093,0.933012702,0.7500000000007678
4783,0.6366493792236363,0.9,0.068508441,0.9829629131436217,0.6294095225546659
4784,0.6427785635706438,0.9,0.029859076322031535,1,0.5000000000061645
4785,0.6353921106396352,0.9,0.023301242,0.9829629131449296,0.3705904774502151
4786,0.6239195348106237,0.9,0.030696246686200645,0.9330127018943026,0.2500000000036083
4787,0.6113468489706118,0.9,0.09292591,0.8535533905929411,0.14644660940639354
4788,0.5873015873015874,0.75,0.35049532579880005,0.7500000000018778,0.066987298
4789,0.5769291214835772,0.01,0.7597321054834658,0.6294095225559039,0.017037087
4790,0.5571271412855574,0.4,0.8991209711176225,0.5000000000001703,0
4791,0.57048562,0.4,0.8445653690526022,0.3705904774514531,0.017037087
4792,0.5871444287285876,0.2,0.7184317008511232,0.2500000000047182,0.066987298
4793,0.6012887002986012,0.01,0.6161573880284638,0.14644660940729975,0.14644660940615267
4794,0.6080465189376079,0.05,0.641272499,0.066987298,0.24999999999701217
4795,0.6322489391796329,0.01,0.6842472443142179,0.017037086857041805,0.3705904774428581
4796,0.6427785635706438,0.01,0.6545276963862146,0,0.49999999999854805
4797,0.6583372622976582,0.01,0.7256871773405887,0.017037087,0.6294095225473089
4798,0.6616375923306621,0.01,0.8121947816380634,0.066987298,0.75
4799,0.6782964010686787,0.01,0.9236779684665829,0.1464466094052464,0.8535533905917939
4800,0.6782964010686787,0.05,0.8604716059718153,0.24999999999590217,0.9330127018898535
4801,0.6773534496306781,0.01,0.6677828938188921,0.37059047744864815,0.9829629131445097
4802,0.6688668866886691,0.01,0.45304869540951587,0.49999999999726635,1
4803,0.6616375923306621,0.75,0.3959815822519883,0.629409523,0.9829629131459247
4804,0.6248624862486252,0.01,0.31896190874843033,0.75,0.9330127018925871
4805,0.6069464089266075,0.01,0.19771173433793776,0.8535533905908876,0.8535533905956598
4806,0.6047461889046049,0.01,0.13380772987302916,0.9330127018892127,0.7500000000052077
4807,0.6050605060506054,0.01,0.067392214,0.9829629131441779,0.6294095225525899
4808,0.6019173345906021,0.01,0.03474257,1,0.5000000000040153
4809,0.5978312116925983,0.01,0.020929259104227712,0.9829629131443732,0.37059047744813906
4810,0.6082036775106077,0.75,0.028184735593693316,0.9330127018932279,0.25000000000174694
4811,0.6176331918906182,0.9,0.097809404,0.8535533905965662,0.14644660941001858
4812,0.6155901304416163,0.9,0.36975024417468955,0.7500000000000165,0.066987298
4813,0.6209335219236212,0.9,0.7978233570531603,0.6294095225538279,0.017037086856153794
4814,0.6300487191576303,0.9,0.901074369,0.5,0
4815,0.6311488291686316,0.9,0.7279196316450397,0.3705904774493771,0.017037086855295036
4816,0.637435172,0.9,0.7136877354541649,0.25000000000285694,0.066987298
4817,0.6416784535596425,0.9,0.5914608622854751,0.1464466094109249,0.14644660940252757
4818,0.663052019,0.9,0.6308078694014232,0.066987298,0.2499999999988735
4819,0.6812824139556821,0.75,0.6831310171619924,0.017037086856485528,0.3705904774449341
4820,0.7045418827597056,0.9,0.6659690246965257,0,0.5000000000006973
4821,0.7160144585887163,0.75,0.7072694293288684,0.017037087,0.629409523
4822,0.7152286657237155,0.9,0.8011720385098368,0.066987298,0.7499999999960332
4823,0.6699669966996704,0.9,0.947955909,0.14644660940676618,0.8535533905933137
4824,0.6594373723086604,0.9,0.8834937909864657,0.2499999999977635,0.9330127018909281
4825,0.655194091,0.9,0.6352727780103251,0.3705904774436961,0.9829629131431827
4826,0.6448216250196457,0.9,0.48430305567182924,0.49999999999941563,1
4827,0.6416784535596425,0.9,0.4343518906097391,0.6294095225481469,0.9829629131453683
4828,0.6228194247996233,0.9,0.3376587135482071,0.7499999999949232,0.9330127018951504
4829,0.6113468489706118,0.9,0.22226873168689829,0.8535533905924074,0.8535533905941401
4830,0.6113468489706118,0.9,0.13450537184317007,0.9330127018902873,0.7500000000033464
4831,0.6019173345906021,0.9,0.07729873,0.982962913,0.6294095225575418
4832,0.5946880402325951,0.9,0.040184177,1,0.5000000000018661
4833,0.5945308816595953,0.9,0.022464071,0.9829629131457001,0.3705904774530911
4834,0.5913877101995912,0.9,0.033207757778707964,0.9330127018921532,0.2499999999998856
4835,0.5841584158415842,0.9,0.10073950048834938,0.8535533905950463,0.14644660940849885
4836,0.5799151343705806,0.9,0.3691921305985768,0.7500000000044564,0.066987298
4837,0.5767719629105765,0.9,0.8031254360262313,0.6294095225517518,0.017037086855597516
4838,0.5682853999685684,0.9,0.8385656481093903,0.5000000000031477,0
4839,0.5693855099795697,0.9,0.805916004,0.37059047745432905,0.017037086853968153
4840,0.5797579757975799,0.9,0.7234547230361378,0.2500000000009956,0.066987298
4841,0.5819581958195825,0.75,0.6259243756104367,0.14644660940940513,0.14644660940404736
4842,0.5945308816595953,0.01,0.6687595925770894,0.066987298,0.24999999999443362
4843,0.6179475090366178,0.9,0.6760150690665551,0.017037087,0.3705904774470102
4844,0.6303630363036308,0.01,0.6836891307381052,0,0.4999999999955706
4845,0.6270627062706278,0.4,0.7323845402539416,0.017037087,0.629409523
4846,0.6206192047776207,0.9,0.8039626063904004,0.066987298,0.7499999999978945
4847,0.6042747131856046,0.9,0.897307102,0.14644660940314103,0.8535533905896886
4848,0.5912305516265914,0.9,0.848193107,0.24999999999962486,0.9330127018920027
4849,0.5904447587615906,0.9,0.617134087,0.3705904774457722,0.982962913
4850,0.5851013672795857,0.9,0.42918934003069625,0.49999999999428896,1
4851,0.5860443187175863,0.9,0.3785405329984652,0.629409523,0.9829629131448121
4852,0.5819581958195825,0.9,0.3129621878052184,0.7499999999967845,0.9330127018940758
4853,0.5799151343705806,0.9,0.22045486256453187,0.8535533905887823,0.8535533905977652
4854,0.577714914,0.9,0.13534254220733918,0.9330127018913619,0.7500000000014851
4855,0.5715857300015714,0.9,0.066834101,0.9829629131434072,0.6294095225554658
4856,0.57048562,0.9,0.034603042,1,0.4999999999997168
4857,0.5682853999685684,0.9,0.020092088740058602,0.9829629131451438,0.37059047745101503
4858,0.5610561056105605,0.9,0.029859076322031535,0.9330127018947166,0.2500000000043255
4859,0.5568128241395569,0.9,0.10143714245849031,0.8535533905935266,0.14644660940697907
4860,0.5494263712085501,0.9,0.3609599553509139,0.75,0.066987298
4861,0.5442401382995441,0.9,0.7713129621878052,0.6294095225567038,0.017037087
4862,0.5388967468175392,0.9,0.8869820008371704,0.5000000000009984,0
4863,0.5410969668395409,0.9,0.8015906236919212,0.37059047745225304,0.017037087
4864,0.5462832,0.9,0.7134086786661086,0.25000000000543543,0.066987298
4865,0.5505264812195514,0.9,0.6354123064043533,0.1464466094078854,0.14644660940556709
4866,0.5608989470375607,0.9,0.685084415,0.066987298,0.24999999999629496
4867,0.5682853999685684,0.9,0.6956885726245291,0.017037086855372974,0.37059047744908624
4868,0.5745717428885748,0.9,0.696386215,0,0.4999999999977199
4869,0.577714914,0.9,0.7510813450537184,0.017037086854192696,0.629409523
4870,0.5851013672795857,0.9,0.8142877075484861,0.066987298,0.7499999999997558
4871,0.5965739431085972,0.9,0.9504674201199944,0.1464466094046608,0.8535533905912083
4872,0.6022316517366026,0.75,0.8851681317148039,0.24999999999518502,0.9330127018894394
4873,0.6063177746346073,0.75,0.6584344914190038,0.37059047744784823,0.9829629131442953
4874,0.6017601760176023,0.9,0.5081624110506487,0.49999999999643824,1
4875,0.5976740531195985,0.4,0.44328170782754295,0.6294095225452709,0.982962913
4876,0.565928021,0.4,0.41146923398911683,0.7499999999986459,0.9330127018930012
4877,0.5577557755775584,0.01,0.2807311287847077,0.8535533905903021,0.8535533905962455
4878,0.5492692126355494,0.01,0.1725966234128645,0.9330127018924366,0.7499999999996239
4879,0.5366965267955375,0.01,0.092786382,0.9829629131439636,0.6294095225533898
4880,0.5228665723715236,0.01,0.046183898,1,0.5000000000048435
4881,0.514065692,0.01,0.030417189898144275,0.9829629131445876,0.370590477
4882,0.49819267641049825,0.01,0.037533138,0.933012702,0.25000000000246414
4883,0.48876316203048953,0.01,0.096972234,0.8535533905971517,0.14644660941060422
4884,0.48766305201948823,0.01,0.35230919492116647,0.7500000000007337,0.066987298
4885,0.48467703913248483,0.01,0.7614064462118041,0.6294095225546278,0.017037086856368122
4886,0.49033474776049024,0.01,0.9194921166457374,0.5000000000061251,0
4887,0.5118654722615115,0.05,0.8544718850286033,0.37059047745017704,0.017037086855080708
4888,0.5714285714285716,0.05,0.6808985628575415,0.2500000000035741,0.066987298
4889,0.609932422,0.01,0.6440630668341008,0.1464466094063656,0.14644660940708687
4890,0.6426214049976422,0.2,0.7153620761825031,0.066987298,0.2499999999981563
4891,0.670909948,0.01,0.7277801032510115,0.017037086856699857,0.3705904774441342
4892,0.6965267955366969,0.4,0.6995953676573182,0,0.49999999999986916
4893,0.6995128084236995,0.4,0.7410353006836891,0.017037086854748973,0.629409523
4894,0.7210435329247207,0.4,0.8204269568857262,0.066987298,0.75
4895,0.7230865943737235,0.4,0.8901911538998186,0.1464466094061806,0.8535533905927282
4896,0.7248153386767249,0.4,0.8294963024975582,0.24999999999704636,0.9330127018905141
4897,0.7259154486877262,0.4,0.6887121529231198,0.3705904774428962,0.9829629131429685
4898,0.7223008015087227,0.01,0.5366262034323984,0.4999999999985875,1
4899,0.7117711771177118,0.4,0.47355936933165904,0.6294095225473471,0.9829629131455828
4900,0.6454502593116458,0.01,0.4794195618808428,0.7500000000005071,0.9330127018919265
4901,0.6308345120226311,0.01,0.4109111204130041,0.8535533905918218,0.8535533905947257
4902,0.6053748231966058,0.01,0.429747454,0.9330127018898732,0.7500000000040636
4903,0.5747289014615746,0.01,0.2127808008929817,0.9829629131445199,0.6294095225513138
4904,0.5538268112525544,0.01,0.12348262871494349,1,0.5000000000026942
4905,0.5412541254125416,0.01,0.081624111,0.9829629131459144,0.370590477
4906,0.5355964167845362,0.01,0.055950886,0.9330127018925674,0.25000000000060285
4907,0.5198805594845202,0.01,0.053997488488907494,0.8535533905956321,0.1464466094090845
4908,0.5076221907905079,0.01,0.1033905399748849,0.7500000000051736,0.066987298
4909,0.5013358478705023,0.01,0.20482768243337518,0.6294095225525518,0.017037087
4910,0.49709256639949695,0.01,0.34533277521975725,0.5000000000039758,0
4911,0.5326104038975328,0.01,0.49490721361797124,0.370590477,0.017037086855636985
4912,0.613861386,0.01,0.5592298032649644,0.2500000000017128,0.066987298
4913,0.6767248153386771,0.05,0.5917399190735314,0.14644660940999077,0.1464466094034617
4914,0.7309445230237306,0.01,0.6789451653411469,0.066987298,0.25000000000001765
4915,0.7315731573157316,0.01,0.8061950606948514,0.017037087,0.37059047744621026
4916,0.746346063,0.4,0.7407562438956328,0,0.4999999999947425
4917,0.7573471632877573,0.4,0.668480536,0.017037087,0.6294095225506611
4918,0.7711771177117712,0.01,0.6444816520161852,0.066987298,0.7499999999971773
4919,0.7790350463617792,0.05,0.6031812473838426,0.1464466094025555,0.8535533905891031
4920,0.7829640106867832,0.05,0.6852239430724152,0.24999999999890765,0.9330127018915886
4921,0.7840641206977836,0.05,0.762941259,0.37059047744497225,0.9829629131435247
4922,0.7623762376237626,0.01,0.5162550579042835,0.4999999999934608,1
4923,0.7527895646707532,0.05,0.45709501883633324,0.6294095225494231,0.9829629131450265
4924,0.6918120383466921,0.01,0.43197990791125995,0.7499999999960673,0.9330127018944898
4925,0.6542511393996544,0.01,0.4104925352309195,0.8535533905933417,0.8535533905932059
4926,0.6386924406726382,0.01,0.28603320775777874,0.9330127018909478,0.7500000000022022
4927,0.6309916705956318,0.01,0.17650341844565368,0.982962913,0.6294095225562657
4928,0.6353921106396352,0.01,0.10520440909725129,1,0.5000000000005449
4929,0.6269055476976271,0.01,0.079670713,0.9829629131453581,0.37059047745181495
4930,0.6322489391796329,0.01,0.041439933,0.9330127018951306,0.25000000000504263
4931,0.6259625962596265,0.01,0.033486814566764334,0.8535533905941122,0.1464466094075647
4932,0.6141757032846145,0.01,0.050090693,0.7500000000033122,0.066987298
4933,0.6019173345906021,0.01,0.097111762,0.6294095225575038,0.017037086857138783
4934,0.5862014772905861,0.4,0.16324822101297612,0.5000000000018265,0
4935,0.6028602860286028,0.75,0.285475094,0.37059047745305296,0.017037087
4936,0.6342920006286348,0.01,0.41105064880703224,0.24999999999985145,0.066987298
4937,0.6396353921106397,0.01,0.5212780800892981,0.14644660940847093,0.1464466094049815
4938,0.6595945308816602,0.75,0.6093204967210827,0.066987298,0.24999999999557776
4939,0.6962124783906964,0.01,0.6688991209711176,0.017037086855587302,0.37059047744828627
4940,0.7150715071507148,0.01,0.6528533556578764,0,0.49999999999689176
4941,0.7213578500707221,0.75,0.6147621040881819,0.017037086853978367,0.629409523
4942,0.7392739273927398,0.9,0.6104367238733082,0.066987298,0.7499999999990385
4943,0.7476033317617472,0.9,0.6496442025952281,0.14644660940407522,0.8535533905906227
4944,0.752946723,0.9,0.575554625,0.24999999999446781,0.9330127018890253
4945,0.752946723,0.01,0.5035579740477186,0.3705904774470483,0.9829629131440809
4946,0.7359735973597368,0.01,0.4199804660248361,0.49999999999561007,1
4947,0.7257582901147264,0.01,0.3816101576670853,0.6294095225514991,0.9829629131444702
4948,0.6627377023416634,0.01,0.35063485419282825,0.7499999999979285,0.9330127018934152
4949,0.6504793336476502,0.01,0.2238035440212083,0.8535533905897165,0.8535533905968311
4950,0.6220336319346225,0.01,0.12808706571787357,0.9330127018920225,0.75
4951,0.608517995,0.01,0.06515976,0.9829629131437492,0.6294095225541897
4952,0.5957881502435964,0.01,0.033486814566764334,1,0.5000000000056716
4953,0.5948451988055949,0.01,0.020929259104227712,0.9829629131448019,0.37059047744973894
4954,0.5895018073235891,0.01,0.032091530626482484,0.933012702,0.25000000000318134
4955,0.5873015873015874,0.01,0.10087902888237757,0.8535533905977373,0.14644660941118975
4956,0.5789721829325791,0.01,0.36626203432398496,0.75,0.066987298
4957,0.5799151343705806,0.01,0.7895911818054974,0.6294095225554277,0.017037086856582506
4958,0.6071035674996073,0.01,0.9372122226873169,0.4999999999996773,0
4959,0.634134842,0.01,0.8728896330403236,0.37059047745097695,0.017037087
4960,0.6823825239666825,0.01,0.6973629133528673,0.25000000000429135,0.066987298
4961,0.7180575200377182,0.01,0.6061113436584344,0.1464466094069512,0.14644660940650123
4962,0.7380166588087387,0.01,0.6188084275149993,0.066987298,0.24999999999743905
4963,0.7548326261197551,0.9,0.6344356076461559,0.017037086856914185,0.3705904774433343
4964,0.772591545,0.9,0.6188084275149993,0,0.5
4965,0.7914505736287913,0.75,0.6726663876098786,0.017037086854534644,0.629409523
4966,0.7997799779977997,0.9,0.745500209,0.066987298,0.7499999999945988
4967,0.7936507936507939,0.9,0.8987023859355379,0.146446609,0.8535533905921425
4968,0.7831211692597839,0.9,0.827821962,0.24999999999632916,0.933012702
4969,0.7747917648907747,0.9,0.6122505929956746,0.3705904774491243,0.9829629131446372
4970,0.7548326261197551,0.9,0.43672387330821827,0.49999999999775935,1
4971,0.7516894546597528,0.9,0.3711455281149714,0.629409523,0.9829629131457971
4972,0.7516894546597528,0.9,0.3131017161992466,0.75,0.9330127018923406
4973,0.749646393,0.9,0.2017580577647551,0.8535533905912362,0.8535533905953113
4974,0.749646393,0.9,0.12111064601646436,0.9330127018894592,0.7500000000047808
4975,0.739116769,0.9,0.061113437,0.9829629131443055,0.6294095225521137
4976,0.7161716171617161,0.9,0.033207757778707964,1,0.5000000000035223
4977,0.6944837340876941,0.9,0.019254918375889492,0.9829629131461288,0.3705904774546909
4978,0.7081565299387083,0.9,0.02776615,0.9330127018929815,0.25000000000132006
4979,0.7035989313217041,0.9,0.10087902888237757,0.8535533905962176,0.14644660940967003
4980,0.7004557598617001,0.9,0.3739360959955351,0.7499999999995897,0.066987298
4981,0.6889831840326894,0.9,0.7679642807311288,0.6294095225533517,0.017037087
4982,0.6647807637906653,0.75,0.9303753313799358,0.5,0
4983,0.6584944208706589,0.75,0.8657736849448863,0.3705904774489009,0.017037086855422656
4984,0.6671381423856668,0.9,0.7121529231198549,0.25000000000242995,0.066987298
4985,0.678767877,0.9,0.6335984372819868,0.1464466094105763,0.14644660940287613
4986,0.7054848341977054,0.4,0.6416910841356216,0.066987298,0.2499999999993004
4987,0.7013987112997015,0.4,0.6793637505232315,0.017037086856357908,0.3705904774454103
4988,0.7191576300487195,0.75,0.6514580717175945,0,0.4999999999939143
4989,0.7139713971397144,0.9,0.6968047997767546,0.017037087,0.629409523
4990,0.709570957,0.9,0.7722896609460025,0.066987298,0.75
4991,0.6836397925506836,0.9,0.873866332,0.14644660940711474,0.8535533905936623
4992,0.6674524595316682,0.9,0.8173573322171062,0.24999999999819045,0.9330127018911746
4993,0.6650950809366649,0.9,0.6172736151806892,0.3705904774441723,0.9829629131433104
4994,0.6581801037246584,0.9,0.429747454,0.49999999999990863,1
4995,0.6531510293886531,0.9,0.3652853355657877,0.6294095225486231,0.9829629131452409
4996,0.647964796,0.9,0.28617273615180694,0.7499999999953502,0.9330127018949039
4997,0.6396353921106397,0.9,0.21975722059439096,0.853553391,0.8535533905937915
4998,0.6322489391796329,0.9,0.12850565089995813,0.9330127018905338,0.7500000000029194
4999,0.6187333019016186,0.9,0.065438817,0.9829629131429787,0.6294095225570657
5000,0.6082036775106077,0.9,0.032928700990651594,1,0.5
5001,0.5800722929435804,0.9,0.024138412,0.9829629131455726,0.3705904774526149
5002,0.5643564356435644,0.9,0.032231059,0.9330127018919068,0.2499999999994587
5003,0.5579129341505582,0.9,0.099483745,0.8535533905946978,0.14644660940815024
5004,0.5374823196605374,0.9,0.37142458490302777,0.7500000000040294,0.066987298
5005,0.5161087537325169,0.9,0.7195479280033487,0.6294095225512757,0.017037087
5006,0.5058934464875056,0.9,0.811915725,0.5000000000026548,0
5007,0.5025931164545026,0.9,0.7286172736151807,0.3705904774538529,0.017037086854095773
5008,0.500235738,0.9,0.7632203153341705,0.25000000000056866,0.066987298
5009,0.500235738,0.9,0.605692758,0.14644660940905657,0.1464466094043959
5010,0.5106082036775113,0.9,0.6573182642667783,0.066987298,0.24999999999486056
5011,0.5117083136885117,0.9,0.6781079949769778,0.017037086855801686,0.37059047744748636
5012,0.5190947666195194,0.9,0.6695967629412585,0,0.4999999999960636
5013,0.5201948766305207,0.9,0.710757639,0.017037087,0.6294095225449091
5014,0.5242809995285245,0.9,0.804381192,0.066987298,0.7499999999983213
5015,0.5256954266855254,0.9,0.922282685,0.14644660940348964,0.8535533905900372
5016,0.5327675624705335,0.9,0.856564811,0.25000000000005174,0.9330127018922492
5017,0.5274241709885277,0.9,0.6303892842193386,0.37059047744624835,0.9829629131438666
5018,0.5170517051705175,0.9,0.46407143853774246,0.4999999999947819,1
5019,0.5148514851485149,0.9,0.3704478861448305,0.6294095225506992,0.9829629131446845
5020,0.5085651422285085,0.9,0.3322171061811079,0.7499999999972113,0.9330127018938293
5021,0.5044790193305047,0.9,0.256034603,0.8535533905891308,0.8535533905974166
5022,0.49913562784849885,0.9,0.1324124459327473,0.9330127018916083,0.7500000000010583
5023,0.49599245638849654,0.9,0.066555044,0.9829629131435349,0.6294095225549896
5024,0.49190633349049184,0.9,0.03474257,1,0.5000000000064998
5025,0.48876316203048953,0.9,0.019254918375889492,0.9829629131450163,0.37059047745053886
5026,0.48341977054848373,0.9,0.035021627,0.9330127018944702,0.25000000000389855
5027,0.4856199905704863,0.9,0.10255336961071579,0.853553391,0.1464466094066305
5028,0.4802765990884805,0.9,0.3732384540253942,0.7500000000021682,0.066987298
5029,0.4755618418984757,0.9,0.7669875819729315,0.6294095225562276,0.017037086856796835
5030,0.4728901461574737,0.9,0.8635412306404353,0.5000000000005055,0
5031,0.4719471947194722,0.9,0.7971257150830193,0.37059047745177687,0.017037087
5032,0.4645607417884645,0.9,0.7865215571368773,0.25000000000500855,0.066987298
5033,0.4666038032374664,0.9,0.6295521138551695,0.1464466094075368,0.1464466094059157
5034,0.4719471947194722,0.9,0.6894097948932607,0.066987298,0.2499999999967219
5035,0.4725758290114723,0.9,0.6909446072275708,0.017037087,0.37059047744253437
5036,0.4802765990884805,0.9,0.7164783033347286,0,0.4999999999982129
5037,0.48137670909948094,0.9,0.7185712292451514,0.017037086854320316,0.6294095225469851
5038,0.48247681911048224,0.9,0.8234965815543462,0.066987298,0.7500000000001827
5039,0.48153386767248163,0.9,0.9549323287288963,0.14644660940500936,0.8535533905915569
5040,0.48247681911048224,0.9,0.8991209711176225,0.2499999999956119,0.9330127018896859
5041,0.48247681911048224,0.9,0.6568996790846937,0.3705904774483244,0.9829629131444229
5042,0.48153386767248163,0.9,0.5143016603878889,0.4999999999969312,1
5043,0.48043375766148033,0.9,0.4233291474815125,0.6294095225457471,0.9829629131460114
5044,0.48043375766148033,0.9,0.4188642388726106,0.7499999999990727,0.9330127018927548
5045,0.48546283199748563,0.9,0.27235942514301664,0.8535533905906507,0.853553391
5046,0.4856199905704863,0.9,0.2173852378959118,0.9330127018890451,0.75
5047,0.48766305201948823,0.9,0.095297893,0.9829629131440911,0.6294095225529136
5048,0.48766305201948823,0.9,0.053718431700851124,1,0.5000000000043505
5049,0.48797736916548784,0.9,0.043951444,0.9829629131444599,0.37059047744846285
5050,0.49017758918749044,0.9,0.050788335426259254,0.9330127018933956,0.2500000000020372
5051,0.49552098066949624,0.9,0.10492535230919492,0.8535533905968031,0.1464466094102556
5052,0.49913562784849885,0.9,0.3707269429328869,0.7500000000003069,0.066987298
5053,0.49394939493949375,0.9,0.7849867448025672,0.6294095225541516,0.017037086856240558
5054,0.49017758918749044,0.9,0.9444676991767824,0.5000000000056322,0
5055,0.5022787993085029,0.05,0.8342402678945166,0.37059047744970086,0.017037086855208272
5056,0.5117083136885117,0.01,0.7259662341286451,0.2500000000031472,0.066987298
5057,0.5294672324375296,0.01,0.6825729035858797,0.1464466094111619,0.14644660940229054
5058,0.5409398082665411,0.4,0.7192688712152923,0.066987298,0.24999999999858324
5059,0.5599559955995601,0.75,0.765871355,0.017037086856572292,0.3705904774446104
5060,0.5703284614175703,0.01,0.7300125575554625,0,0.5000000000003622
5061,0.5871444287285876,0.4,0.7833124040742291,0.017037086854876593,0.6294095225490611
5062,0.6012887002986012,0.01,0.8405190456257848,0.066987298,0.7499999999957428
5063,0.606003457,0.75,0.8904702106878749,0.14644660940652915,0.8535533905930767
5064,0.6196762533396201,0.01,0.8426119715362076,0.24999999999747324,0.9330127018907606
5065,0.6218764733616218,0.01,0.7106181107855448,0.37059047744337237,0.9829629131430959
5066,0.6209335219236212,0.75,0.5547648946560625,0.49999999999908046,1
5067,0.6091466289486092,0.75,0.4661643644481652,0.6294095225478231,0.9829629131454551
5068,0.5934307716485931,0.01,0.4438398214036557,0.75,0.933012702
5069,0.5652993870815659,0.01,0.39109808846100186,0.8535533905921704,0.8535533905943771
5070,0.5442401382995441,0.01,0.33961211106460165,0.9330127018901198,0.7500000000036366
5071,0.5316674524595322,0.01,0.19394446769917678,0.9829629131446475,0.6294095225508376
5072,0.5417256011315419,0.01,0.10171619924654668,1,0.5000000000022012
5073,0.5432971868615435,0.01,0.064183061,0.9829629131457869,0.37059047745341483
5074,0.5307245010215316,0.01,0.044090972512906376,0.9330127018923209,0.25000000000017586
5075,0.5250667923935253,0.01,0.036416911,0.8535533905952835,0.14644660940873588
5076,0.5096652522395098,0.01,0.092507325,0.7500000000047466,0.066987298
5077,0.5003928964325008,0.01,0.1900376726663876,0.6294095225520756,0.017037087
5078,0.5058934464875056,0.75,0.34826287149434915,0.5000000000034829,0
5079,0.5200377180575209,0.01,0.48960513464490024,0.37059047745465284,0.017037087
5080,0.5373251610875376,0.75,0.56732245,0.25000000000128586,0.066987298
5081,0.5638849599245641,0.75,0.6105762522673364,0.14644660940964216,0.14644660940381032
5082,0.5902876001885908,0.01,0.6702944049113995,0.066987298,0.25000000000044453
5083,0.6122898004086132,0.01,0.7170364169108413,0.017037086856016015,0.37059047744668644
5084,0.6322489391796329,0.9,0.6619227012697083,0,0.4999999999952354
5085,0.6457645764576463,0.9,0.7146644342123621,0.017037087,0.6294095225511371
5086,0.6562942008486563,0.9,0.6792242221292033,0.066987298,0.7499999999976041
5087,0.6614804337576623,0.01,0.6642946839681875,0.14644660940290405,0.8535533905894516
5088,0.6688668866886691,0.9,0.678247523,0.2499999999993346,0.9330127018918352
5089,0.6657237152286659,0.9,0.643504953,0.37059047744544843,0.9829629131436523
5090,0.6484362721986483,0.01,0.5165341146923399,0.4999999999939538,1
5091,0.6457645764576463,0.9,0.43951444118878197,0.6294095225498992,0.9829629131448989
5092,0.6364922206506365,0.9,0.42514301660387893,0.7499999999964942,0.9330127018942433
5093,0.6259625962596265,0.01,0.4014231896190875,0.8535533905936902,0.8535533905928574
5094,0.6115040075436116,0.01,0.2899400027905679,0.9330127018911942,0.7500000000017755
5095,0.5983026874115986,0.01,0.17399190735314635,0.9829629131433206,0.6294095225557895
5096,0.5890303316045897,0.01,0.10548346588530766,1,0.5
5097,0.5811724029545817,0.01,0.071857123,0.9829629131452307,0.3705904774513388
5098,0.5733144743045737,0.9,0.034184457,0.9330127018948842,0.25000000000461575
5099,0.5700141442715707,0.9,0.028742849169806056,0.8535533905937636,0.1464466094072161
5100,0.5654565456545657,0.4,0.046044370029300966,0.7500000000028854,0.066987298
5101,0.5608989470375607,0.9,0.10632063624947677,0.6294095225570275,0.017037086857011163
5102,0.5575986170045577,0.9,0.169945584,0.5000000000013336,0
5103,0.5568128241395569,0.9,0.27780103251011584,0.3705904774525768,0.017037086854437666
5104,0.5608989470375607,0.9,0.3870517650341845,0.24999999999942452,0.066987298
5105,0.5571271412855574,0.9,0.4710478582391517,0.14644660940812243,0.1464466094053301
5106,0.5608989470375607,0.9,0.5349518627040603,0.066987298,0.2499999999960047
5107,0.56718529,0.9,0.558950746,0.017037086855459738,0.37059047744876245
5108,0.5689140342605685,0.9,0.6291335286730849,0,0.4999999999973847
5109,0.5745717428885748,0.9,0.6213199386075066,0.017037086854105987,0.6294095225461852
5110,0.5835297815495832,0.9,0.6042974745360681,0.066987298,0.7499999999994655
5111,0.5885588558855885,0.9,0.5953676573182642,0.14644660940442383,0.8535533905909714
5112,0.5953166745245952,0.9,0.5696944328170782,0.24999999999489475,0.9330127018892718
5113,0.591544869,0.9,0.48430305567182924,0.3705904774475245,0.9829629131442086
5114,0.5808580858085812,0.9,0.3959815822519883,0.49999999999610306,1
5115,0.5756718528995761,0.9,0.32998465187665693,0.6294095225449472,0.9829629131462257
5116,0.5577557755775584,0.9,0.2797544300265104,0.7499999999983555,0.9330127018931688
5117,0.554769763,0.9,0.20399051206920607,0.8535533905900651,0.8535533905964825
5118,0.5407826496935413,0.9,0.11204130040463235,0.9330127018922689,0.7499999999999141
5119,0.5220807795065228,0.9,0.05818334,0.9829629131438768,0.6294095225537135
5120,0.5099795693855103,0.9,0.03474257,1,0.5000000000051786
5121,0.5054219707685061,0.9,0.018417748011720383,0.9829629131446743,0.37059047744926277
5122,0.5087223008015092,0.9,0.02776615,0.9330127018938096,0.25000000000275446
5123,0.5076221907905079,0.9,0.09473978,0.8535533905973888,0.1464466094108412
5124,0.5099795693855103,0.9,0.3654248639598158,0.7500000000010241,0.066987298
5125,0.5126512651265132,0.9,0.7438258685642528,0.6294095225549515,0.017037086856454886
5126,0.5124941065535125,0.9,0.8622854750941816,0.5000000000064603,0
5127,0.5137513751375136,0.9,0.8120552532440352,0.3705904774505008,0.017037086854993944
5128,0.5222379380795226,0.9,0.6613645876935956,0.25000000000386435,0.066987298
5129,0.5233380480905239,0.9,0.6061113436584344,0.1464466094066026,0.14644660940684984
5130,0.5274241709885277,0.9,0.6169945583926328,0.066987298,0.24999999999786604
5131,0.5253811095395258,0.9,0.6415515557415934,0.017037087,0.37059047744381046
5132,0.5256954266855254,0.9,0.6387609878610296,0,0.5
5133,0.5178374980355174,0.9,0.6647132691502721,0.017037087,0.6294095225482612
5134,0.5168945465975168,0.9,0.7178735872750104,0.066987298,0.7499999999950256
5135,0.515951595,0.9,0.8080089298172177,0.14644660940594356,0.853553391
5136,0.5227094137985229,0.9,0.7615459746058323,0.24999999999675604,0.9330127018903465
5137,0.5220807795065228,0.9,0.5962048276824333,0.37059047744257245,0.9829629131428816
5138,0.5263240609775264,0.9,0.4148179154457932,0.4999999999982523,1
5139,0.5263240609775264,0.9,0.3304032370587415,0.6294095225470232,0.9829629131456694
5140,0.5263240609775264,0.9,0.3062648248918655,0.7500000000002168,0.9330127018920942
5141,0.5264812195505262,0.9,0.2701269708385657,0.8535533905915849,0.8535533905949627
5142,0.5236523652365235,0.9,0.13087763359843727,0.9330127018897056,0.7500000000043539
5143,0.5222379380795226,0.9,0.060973908,0.9829629131444331,0.6294095225516375
5144,0.5200377180575209,0.9,0.034882099,1,0.5000000000030294
5145,0.5170517051705175,0.9,0.017999162829635828,0.9829629131460011,0.37059047745421475
5146,0.5170517051705175,0.9,0.030696246686200645,0.933012702,0.25000000000089306
5147,0.5282099638535285,0.9,0.1033905399748849,0.853553391,0.14644660940932147
5148,0.5305673424485309,0.9,0.3830054416073671,0.7500000000054639,0.066987298
5149,0.5274241709885277,0.9,0.8244732803125435,0.6294095225528755,0.017037087
5150,0.5373251610875376,0.4,0.9785126273196595,0.5,0
5151,0.5608989470375607,0.4,0.833821683,0.3705904774484247,0.017037087
5152,0.5692283514065699,0.4,0.7055950886005302,0.25000000000200306,0.066987298
5153,0.5953166745245952,0.75,0.6428073112878471,0.14644660941022775,0.14644660940322474
5154,0.6100895803866098,0.75,0.6415515557415934,0.066987298,0.24999999999972733
5155,0.6265912305516266,0.75,0.639040045,0.017037086856230343,0.37059047744588647
5156,0.6520509193776527,0.75,0.6581554346309474,0,0.4999999999944073
5157,0.666980984,0.01,0.7261057625226733,0.017037086855218486,0.6294095225503373
5158,0.6875687568756876,0.75,0.8022882656620622,0.066987298,0.7499999999968869
5159,0.7043847241867041,0.75,0.9120971117622436,0.14644660940231846,0.8535533905888659
5160,0.7131856042747136,0.75,0.8596344356076461,0.24999999999861738,0.933012702
5161,0.7172717271727174,0.75,0.6499232593832844,0.3705904774446485,0.9829629131434379
5162,0.7128712871287131,0.75,0.47314078414957444,0.5000000000004016,1
5163,0.7015558698727014,0.4,0.4081205525324404,0.6294095225490993,0.9829629131451132
5164,0.6661951909476662,0.01,0.3585879726524348,0.75,0.9330127018946575
5165,0.6199905704856197,0.05,0.23957025254639316,0.8535533905931045,0.8535533905934429
5166,0.5986170045575991,0.4,0.16771312962187804,0.9330127018907802,0.7500000000024926
5167,0.5913877101995912,0.75,0.087484303,0.9829629131431061,0.6294095225565896
5168,0.5855728429985851,0.75,0.049253523,1,0.5000000000008801
5169,0.5808580858085812,0.01,0.032510116,0.9829629131454449,0.37059047745213874
5170,0.5723715228665731,0.75,0.048834937909864665,0.9330127018952983,0.25000000000533296
5171,0.5723715228665731,0.01,0.13171480396260637,0.8535533905943492,0.1464466094078017
5172,0.5630991670595642,0.01,0.3986326217385238,0.7500000000036026,0.066987298
5173,0.5483262611975479,0.01,0.8289381889214454,0.6294095225507995,0.017037087
5174,0.5546126041175552,0.01,0.853495186,0.5000000000021617,0
5175,0.588873173,0.01,0.6709920468815403,0.37059047745337675,0.017037086854223338
5176,0.6336633663366338,0.01,0.7559648388447049,0.2500000000001418,0.066987298
5177,0.6660380323746664,0.01,0.6602483605413701,0.14644660940870796,0.14644660940474452
5178,0.7004557598617001,0.01,0.6581554346309474,0.066987298,0.2499999999952875
5179,0.7123998114097128,0.9,0.6867587554067253,0.017037086855674066,0.37059047744796253
5180,0.7317303158887323,0.75,0.6915027208036835,0,0.4999999999965566
5181,0.7460317460317465,0.75,0.6949909306543881,0.017037086853891603,0.6294095225453853
5182,0.7397454031117401,0.75,0.801311567,0.066987298,0.7499999999987483
5183,0.741788465,0.01,0.9266080647411749,0.14644660940383825,0.8535533905903858
5184,0.7461889046047463,0.75,0.8865634156550858,0.25000000000047873,0.9330127018924956
5185,0.7279585101367281,0.75,0.6729454443979349,0.3705904774467245,0.9829629131439942
5186,0.7213578500707221,0.75,0.49016324822101304,0.4999999999952749,1
5187,0.7108282256797112,0.9,0.422910562,0.6294095225511753,0.982962913
5188,0.6976269055476974,0.4,0.34086786661085533,0.7499999999976383,0.9330127018935828
5189,0.6751532296086755,0.9,0.2797544300265104,0.8535533905894794,0.853553391
5190,0.6573943108596585,0.75,0.14022603599832564,0.9330127018918548,0.7500000000006313
5191,0.6515794436586524,0.01,0.06432259,0.9829629131436625,0.6294095225545134
5192,0.6308345120226311,0.01,0.037812195,1,0.5000000000060068
5193,0.6162187647336173,0.01,0.024277940560904144,0.9829629131448887,0.3705904774500627
5194,0.5998742731416002,0.01,0.03557974,0.9330127018942236,0.25000000000347156
5195,0.5871444287285876,0.01,0.11162271522254778,0.8535533905928294,0.1464466094062819
5196,0.5640421184975639,0.01,0.37295939723733784,0.7500000000017413,0.066987298
5197,0.5630991670595642,0.01,0.8131714803962606,0.6294095225557514,0.017037086856669215
5198,0.5629420084865626,0.01,0.888237756,0.5000000000000125,0
5199,0.606003457,0.05,0.8000558113576113,0.3705904774513007,0.017037086854779615
5200,0.6405783435486403,0.01,0.7999162829635831,0.25000000000458156,0.066987298
5201,0.674838912,0.01,0.6656899679084693,0.14644660940718823,0.14644660940626425
5202,0.7034417727487035,0.01,0.6948514022603599,0.066987298,0.24999999999714878
5203,0.7289014615747287,0.01,0.6983396121110645,0.017037087,0.37059047744301055
5204,0.7494892346377493,0.4,0.6954095158364727,0,0.4999999999987058
5205,0.7589187490177589,0.4,0.759871634,0.017037087,0.6294095225474613
5206,0.7652050919377653,0.75,0.8117761964559788,0.066987298,0.7499999999943084
5207,0.7721200691497718,0.4,0.9240965536486675,0.14644660940535797,0.8535533905919055
5208,0.7777777777777781,0.4,0.8774940700432537,0.2499999999960389,0.9330127018899323
5209,0.7741631305987737,0.75,0.6803404492814288,0.3705904774488006,0.9829629131445505
5210,0.7685054219707692,0.9,0.5143016603878889,0.49999999999742417,1
5211,0.7545183089737546,0.9,0.45318822380354407,0.6294095225462233,0.9829629131458838
5212,0.7172717271727174,0.01,0.3712850565089996,0.7499999999994997,0.9330127018925082
5213,0.6710671067106708,0.4,0.3181247383842612,0.8535533905909992,0.8535533905955484
5214,0.6427785635706438,0.01,0.16785265801590624,0.9330127018892915,0.75
5215,0.621719315,0.01,0.087344775,0.9829629131442188,0.6294095225524374
5216,0.6008172245796009,0.01,0.047718710757639185,1,0.5000000000038575
5217,0.5893446487505893,0.01,0.025115110925073254,0.9829629131462155,0.3705904774550147
5218,0.5714285714285716,0.01,0.039626064,0.9330127018931491,0.2500000000016103
5219,0.5599559955995601,0.01,0.094600251,0.8535533905964545,0.14644660940990706
5220,0.5505264812195514,0.01,0.3669596762941259,0.7499999999998799,0.066987298
5221,0.5410969668395409,0.01,0.7541509697223384,0.6294095225536754,0.017037086856112993
5222,0.539053905,0.01,0.8427514999302358,0.5000000000051392,0
5223,0.5902876001885908,0.01,0.8029859076322031,0.3705904774492247,0.017037086855335892
5224,0.6770391324846776,0.01,0.7078275429049812,0.25000000000272027,0.066987298
5225,0.701084394,0.01,0.6624808148458211,0.14644660941081333,0.14644660940263915
5226,0.7377023416627382,0.05,0.7294544439793498,0.066987298,0.24999999999901013
5227,0.7887788778877884,0.01,0.7142458490302777,0.017037086856444672,0.37059047744508655
5228,0.7936507936507939,0.05,0.7238733082182224,0,0.49999999999357914
5229,0.8220964953638226,0.01,0.7376866192270126,0.017037086855004158,0.6294095225495373
5230,0.8291686311488289,0.01,0.8227989395842054,0.066987298,0.7499999999961697
5231,0.8458274398868455,0.4,0.895074648,0.14644660940687776,0.8535533905934253
5232,0.8491277699198494,0.75,0.7954513743546812,0.24999999999790018,0.933012702
5233,0.8525852585258531,0.4,0.6905260220454862,0.37059047744384854,0.9829629131432236
5234,0.8536853685368535,0.4,0.5475094181665968,0.49999999999957345,1
5235,0.8437843784378436,0.4,0.4728617273615181,0.6294095225482993,0.9829629131453276
5236,0.8062234794908067,0.2,0.4914190037672667,0.7499999999950598,0.9330127018950716
5237,0.7612761276127613,0.05,0.42570113017999167,0.853553391,0.8535533905940285
5238,0.7235580700927238,0.01,0.2691502720803684,0.9330127018903662,0.7500000000032098
5239,0.6952695269526958,0.01,0.18208455420678107,0.9829629131428919,0.6294095225573895
5240,0.6647807637906653,0.01,0.16757360122784987,1,0.5000000000017082
5241,0.640735502,0.01,0.10729733500767406,0.9829629131456592,0.37059047745293866
5242,0.6155901304416163,0.01,0.055532301,0.9330127018920744,0.24999999999974898
5243,0.5945308816595953,0.01,0.051346449,0.8535533905949348,0.14644660940838727
5244,0.5778720729215787,0.01,0.094042138,0.7500000000043197,0.066987298
5245,0.5652993870815659,0.01,0.20538579600948792,0.6294095225515994,0.017037086855556716
5246,0.5599559955995601,0.01,0.3090553927724292,0.5000000000029899,0
5247,0.5829011472575831,0.01,0.48165201618529374,0.37059047745417667,0.017037087
5248,0.6196762533396201,0.05,0.5569973489605134,0.2500000000008589,0.066987298
5249,0.655194091,0.01,0.5966234128645179,0.14644660940929355,0.14644660940415893
5250,0.6856828539996855,0.01,0.6278777731268312,0.066987298,0.2499999999945703
5251,0.7160144585887163,0.05,0.7092228268452629,0.017037086855888395,0.37059047744716256
5252,0.7317303158887323,0.2,0.7148039626063903,0,0.4999999999957284
5253,0.745717429,0.4,0.6690386493651458,0.017037086855560435,0.6294095225516134
5254,0.7606474933207612,0.4,0.7039207478721919,0.066987298,0.7499999999980311
5255,0.7683482633977685,0.01,0.6670852518487512,0.14644660940325266,0.8535533905898002
5256,0.7711771177117712,0.4,0.6183898423329147,0.24999999999976147,0.9330127018920816
5257,0.7674053119597679,0.01,0.610297195,0.3705904774459246,0.9829629131437798
5258,0.7603331761747607,0.01,0.5336961071578066,0.4999999999944467,1
5259,0.7427314159987426,0.01,0.47858239151667364,0.6294095225503754,0.9829629131447712
5260,0.726072607,0.01,0.45318822380354407,0.7499999999969211,0.9330127018939969
5261,0.7083136885117081,0.01,0.4619785126273197,0.8535533905888939,0.8535533905976537
5262,0.6877259154486874,0.01,0.3062648248918655,0.9330127018914408,0.7500000000013485
5263,0.6720100581486723,0.01,0.24822101297614066,0.9829629131434481,0.6294095225553133
5264,0.6553512494106548,0.4,0.16896888516813172,1,0.49999999999955896
5265,0.6405783435486403,0.4,0.079531185,0.982962913,0.3705904774508626
5266,0.6258054376866258,0.4,0.046044370029300966,0.9330127018946377,0.2500000000041888
5267,0.6190476190476191,0.9,0.039486536,0.8535533905934151,0.14644660940686755
5268,0.6130755932736132,0.75,0.064880703,0.7500000000024585,0.066987298
5269,0.6042747131856046,0.75,0.1417608483326357,0.6294095225565514,0.017037087
5270,0.6080465189376079,0.4,0.1844565369052602,0.5000000000008407,0
5271,0.6122898004086132,0.9,0.3006836891307381,0.3705904774521006,0.017037086854565286
5272,0.621719315,0.9,0.44049113994697925,0.25000000000529876,0.066987298
5273,0.6349206349206358,0.4,0.5756941537602902,0.14644660940777376,0.14644660940567866
5274,0.6561370422756565,0.75,0.6468536347146644,0.066987298,0.24999999999643163
5275,0.6960553198176966,0.01,0.6954095158364727,0.017037086855332118,0.3705904774492387
5276,0.6995128084236995,0.01,0.617831729,0,0.4999999999978777
5277,0.7201005814867201,0.2,0.617831729,0.017037086854233552,0.6294095225466614
5278,0.7337733773377342,0.01,0.6188084275149993,0.066987298,0.7499999999998924
5279,0.7466603803237466,0.4,0.6108553090553928,0.1464466094047724,0.853553391
5280,0.7526324060977525,0.4,0.6090414399330264,0.24999999999532163,0.9330127018895182
5281,0.756875688,0.4,0.5410911120413003,0.3705904774480006,0.9829629131443361
5282,0.7494892346377493,0.01,0.4505371843170085,0.5,1
5283,0.7449316360207452,0.05,0.3944467699176783,0.6294095225454234,0.9829629131460982
5284,0.7073707370737075,0.2,0.32161294823496583,0.7499999999987824,0.9330127018929223
5285,0.6803394625176806,0.01,0.21082740337658712,0.8535533905904136,0.8535533905961339
5286,0.6740531195976742,0.01,0.1388307520580438,0.9330127018925154,0.7499999999994871
5287,0.6605374823196608,0.01,0.071438538,0.9829629131440044,0.6294095225532373
5288,0.6500078579286499,0.4,0.036416911,1,0.5000000000046857
5289,0.6331918906176335,0.75,0.023440770196735034,0.9829629131445468,0.3705904774487866
5290,0.621719315,0.75,0.030835775,0.9330127018935631,0.25000000000232747
5291,0.6102467389596113,0.01,0.10004185851820846,0.8535533905970402,0.14644660941049265
5292,0.6008172245796009,0.01,0.3789591181805498,0.7500000000005971,0.066987298
5293,0.5934307716485931,0.01,0.7989395842053858,0.6294095225544754,0.017037087
5294,0.5891874901775895,0.01,0.9263290079531185,0.5000000000059673,0
5295,0.5975168945465978,0.01,0.7835914608622855,0.3705904774500246,0.017037086855121564
5296,0.6342920006286348,0.01,0.6418306125296498,0.2500000000034375,0.066987298
5297,0.6698098381266697,0.2,0.5959257708943769,0.14644660940625404,0.14644660940719845
5298,0.7002986012887003,0.01,0.6292730570671131,0.066987298,0.24999999999829298
5299,0.7317303158887323,0.75,0.6273196595507186,0.017037086856659056,0.37059047744428664
5300,0.7515322960867512,0.75,0.6570392074787219,0,0.5
5301,0.7652050919377653,0.4,0.6885726245290916,0.017037087,0.6294095225487374
5302,0.7829640106867832,0.4,0.754569555,0.066987298,0.7499999999954526
5303,0.7870501335847879,0.01,0.8721919910701827,0.14644660940629217,0.8535533905928396
5304,0.7909790979097919,0.01,0.7799637226175526,0.24999999999718298,0.9330127018905929
5305,0.7736916548797743,0.9,0.5946700153481234,0.3705904774430486,0.9829629131430093
5306,0.7586044318717593,0.9,0.4262592437561044,0.4999999999987453,1
5307,0.7350306459217362,0.75,0.3650062787777313,0.6294095225474994,0.982962913
5308,0.7119283356907125,0.75,0.29133528673084974,0.7499999999943426,0.9330127018954857
5309,0.6762533396196768,0.9,0.1946421096693177,0.8535533905919335,0.8535533905946142
5310,0.6584944208706589,0.9,0.11748290777173155,0.9330127018899521,0.7500000000039271
5311,0.6517366022316522,0.9,0.058880982,0.9829629131445607,0.6294095225511613
5312,0.6451359421656453,0.75,0.033347286,1,0.5000000000025364
5313,0.6394782335376399,0.75,0.016743407,0.9829629131458737,0.37059047745373863
5314,0.6350777934936356,0.4,0.028463792381749686,0.9330127018924885,0.2500000000004662
5315,0.6316203048876319,0.01,0.10101855727640575,0.8535533905955204,0.14644660940897286
5316,0.6272198648436276,0.75,0.39179573043114274,0.7500000000050369,0.066987298
5317,0.6248624862486252,0.9,0.8289381889214454,0.6294095225523993,0.017037086855771044
5318,0.6207763633506205,0.9,0.9624668620064183,0.5000000000038181,0
5319,0.6338205249096345,0.2,0.8434491419003767,0.3705904774549766,0.017037087
5320,0.6448216250196457,0.9,0.6933165899260499,0.25000000000157613,0.066987298
5321,0.663680654,0.4,0.6199246546672248,0.14644660940987914,0.1464466094035733
5322,0.6955838440986954,0.01,0.6393191014371424,0.066987298,0.2500000000001542
5323,0.7314159987427318,0.2,0.6739221431561322,0.017037087,0.37059047744636264
5324,0.7449316360207452,0.75,0.6694572345472304,0,0.49999999999490025
5325,0.7617476033317625,0.75,0.7156411329705595,0.017037086855346106,0.6294095225508134
5326,0.7763633506207772,0.4,0.7859634435607646,0.066987298,0.7499999999973139
5327,0.7966368065377964,0.01,0.8684247244314217,0.14644660940266702,0.8535533905892145
5328,0.7966368065377964,0.01,0.8258685642528254,0.24999999999904432,0.9330127018916676
5329,0.7933364765047934,0.75,0.6068089856285754,0.3705904774451247,0.9829629131435655
5330,0.7865786578657867,0.75,0.4672805916003907,0.4999999999936186,1
5331,0.7617476033317625,0.9,0.40588809822798944,0.6294095225495755,0.9829629131449856
5332,0.7347163287757348,0.9,0.3546811776196456,0.7499999999962039,0.933012702
5333,0.7257582901147264,0.01,0.2377563834240268,0.8535533905934531,0.8535533905930943
5334,0.7139713971397144,0.4,0.16743407283382167,0.9330127018910267,0.7500000000020657
5335,0.7057991513437059,0.01,0.073670992,0.9829629131432338,0.6294095225561134
5336,0.6753103881816762,0.01,0.039905121,1,0.5000000000003871
5337,0.6621090680496624,0.01,0.019813031952002232,0.9829629131453174,0.3705904774516625
5338,0.6462360521766466,0.01,0.032649644202595224,0.9330127018950518,0.25
5339,0.6228194247996233,0.01,0.11078554485837867,0.8535533905940007,0.14644660940745308
5340,0.6113468489706118,0.01,0.3916562020371146,0.7500000000031757,0.066987298
5341,0.6185761433286188,0.9,0.8197293149155853,0.6294095225573514,0.017037086857097927
5342,0.6325632563256325,0.75,0.924515139,0.5000000000016688,0
5343,0.6592802137356588,0.75,0.8000558113576113,0.3705904774529006,0.017037086854350958
5344,0.6960553198176966,0.75,0.6905260220454862,0.24999999999971478,0.066987298
5345,0.7337733773377342,0.9,0.6255057904283522,0.1464466094083594,0.14644660940509308
5346,0.7551469432657556,0.9,0.6795032789172596,0.066987298,0.24999999999571443
5347,0.7584472732987586,0.9,0.6732245011859913,0.017037087,0.3705904774484387
5348,0.7527895646707532,0.9,0.6855029998604716,0,0.4999999999970495
5349,0.756247053,0.9,0.688851681,0.017037086854019223,0.6294095225458615
5350,0.7443030017287442,0.9,0.7749407,0.066987298,0.7499999999991752
5351,0.7336162187647335,0.9,0.8698200083717036,0.1464466094041868,0.8535533905907343
5352,0.7447744774477445,0.4,0.8470768801451095,0.24999999999460448,0.9330127018891042
5353,0.7614332861857611,0.01,0.629970699,0.3705904774472007,0.9829629131441218
5354,0.7663052019487666,0.4,0.4911399469792103,0.4999999999957679,1
5355,0.7600188590287602,0.9,0.429747454,0.6294095225516515,0.9829629131444293
5356,0.7285871444287291,0.4,0.3703083577508023,0.7499999999980653,0.9330127018933363
5357,0.7012415527267017,0.4,0.2614762104088182,0.853553391,0.8535533905967194
5358,0.6823825239666825,0.01,0.1406446211804102,0.9330127018921013,0.7500000000002043
5359,0.686625805,0.4,0.068508441,0.982962913,0.6294095225540373
5360,0.666980984,0.4,0.044230501,1,0.5000000000055138
5361,0.6553512494106548,0.4,0.025673224501185993,0.982962913,0.3705904774495865
5362,0.6324060977526327,0.01,0.035161155,0.9330127018939771,0.2500000000030447
5363,0.6182618261826192,0.01,0.10129761406446212,0.8535533905976258,0.14644660941107823
5364,0.6025459688826031,0.01,0.39095856006697366,0.7500000000013143,0.066987298
5365,0.5935879302215938,0.01,0.8081484582112459,0.6294095225552753,0.017037087
5366,0.5868301115825871,0.01,0.8847495465327194,0.4999999999995195,0
5367,0.6115040075436116,0.01,0.7904283521696664,0.3705904774508245,0.017037087
5368,0.6383781235266386,0.05,0.7074089577228966,0.2500000000041546,0.066987298
5369,0.6614804337576623,0.05,0.6285754150969722,0.14644660940683962,0.14644660940661286
5370,0.678767877,0.05,0.6524347704757918,0.066987298,0.24999999999757572
5371,0.6944837340876941,0.01,0.6961071578066136,0.017037086856873385,0.3705904774434867
5372,0.7139713971397144,0.01,0.7018278219617692,0,0.4999999999991988
5373,0.730630206,0.01,0.7389423747732663,0.017037087,0.6294095225479375
5374,0.7432028917177438,0.05,0.82098507,0.066987298,0.7499999999947353
5375,0.7526324060977525,0.01,0.8978652155713688,0.14644660940570653,0.8535533905922541
5376,0.7564042118497567,0.05,0.8472164085391377,0.24999999999646577,0.9330127018901788
5377,0.7600188590287602,0.05,0.6843867727082461,0.37059047744927676,0.982962913
5378,0.7589187490177589,0.01,0.5194642109669317,0.4999999999979171,1
5379,0.7474461731887474,0.01,0.4618389842332915,0.6294095225466995,0.9829629131457562
5380,0.7171145685997176,0.01,0.4107715920189759,0.7499999999999265,0.9330127018922617
5381,0.6836397925506836,0.05,0.4134226315055114,0.8535533905913478,0.8535533905951997
5382,0.660380324,0.01,0.39374912794753736,0.933012702,0.7500000000046442
5383,0.6357064277856357,0.01,0.17245709501883633,0.9829629131443464,0.6294095225519613
5384,0.6162187647336173,0.01,0.10227431282265942,1,0.5000000000033645
5385,0.591544869,0.01,0.039905121,0.982962913,0.37059047745453855
5386,0.5827439886845833,0.01,0.046881540393470075,0.9330127018929025,0.2500000000011834
5387,0.5709570957095713,0.01,0.11385516952699874,0.8535533905961059,0.14644660940955845
5388,0.5630991670595642,0.01,0.3884470489744663,0.75,0.066987298
5389,0.5453402483105454,0.01,0.7868006139249337,0.6294095225531993,0.017037086855985373
5390,0.5531981769605534,0.2,0.9351192967768941,0.5000000000046462,0
5391,0.6130755932736132,0.2,0.7661504116087624,0.3705904774487485,0.017037086855463457
5392,0.6650950809366649,0.01,0.7062927305706711,0.2500000000022934,0.066987298
5393,0.7150715071507148,0.05,0.6697362913352867,0.14644660941046478,0.1464466094029877
5394,0.7494892346377493,0.2,0.7191293428212641,0.066987298,0.24999999999943706
5395,0.7642621404997647,0.2,0.7330821822240826,0.017037086856317107,0.3705904774455627
5396,0.7777777777777781,0.4,0.7413143574717455,0,0.49999999999407213
5397,0.7977369165487977,0.75,0.7618250313938886,0.017037086855131778,0.6294095225500136
5398,0.8065377966368064,0.75,0.8042416631784568,0.066987298,0.7499999999965967
5399,0.8143957252868144,0.01,0.8410771592018975,0.14644660940208148,0.853553391
5400,0.82382524,0.4,0.7178735872750104,0.24999999999832712,0.9330127018912535
5401,0.8301115825868304,0.4,0.6776894097948932,0.3705904774443247,0.9829629131433512
5402,0.8321546440358323,0.75,0.594390959,0.5000000000000664,1
5403,0.8154958352978157,0.4,0.49016324822101304,0.6294095225487755,0.982962913
5404,0.7859500235737857,0.75,0.4315613227291754,0.7499999999954867,0.9330127018948251
5405,0.7702341662737706,0.4,0.38384261197153624,0.8535533905928676,0.8535533905936799
5406,0.7622190790507619,0.4,0.3941677131296219,0.9330127018906127,0.7500000000027829
5407,0.7507465032217513,0.4,0.29970699037254084,0.9829629131430195,0.6294095225569133
5408,0.733930536,0.01,0.113297056,1,0.5000000000012153
5409,0.7174288857457181,0.01,0.081903167,0.9829629131455317,0.3705904774524625
5410,0.6966839541096976,0.01,0.038509837,0.9330127018954659,0.25000000000562317
5411,0.6858400125726853,0.4,0.03906795,0.8535533905945862,0.14644660940803872
5412,0.6809680968096816,0.01,0.075205804,0.7500000000038929,0.066987298
5413,0.6652522395096656,0.4,0.16841077159201898,0.6294095225511233,0.017037086855429096
5414,0.6553512494106548,0.2,0.2754290498116367,0.5000000000024969,0
5415,0.6742102781706749,0.05,0.43784010046044375,0.3705904774537005,0.017037086854136574
5416,0.7065849442087075,0.05,0.5537881958978652,0.25,0.066987298
5417,0.7348734873487346,0.01,0.5991349239570253,0.14644660940894494,0.1464466094045075
5418,0.7652050919377653,0.05,0.6531324124459327,0.066987298,0.24999999999499722
5419,0.7920792079207923,0.01,0.6779684665829496,0.017037087,0.37059047744763873
5420,0.8156529938708164,0.05,0.6704339333054277,0,0.4999999999962214
5421,0.8334119126198343,0.01,0.6482489186549463,0.017037086853804895,0.6294095225450616
5422,0.8491277699198494,0.05,0.639040045,0.066987298,0.75
5423,0.8637435172088641,0.05,0.6649923259383285,0.1464466094036012,0.8535533905901488
5424,0.8742731415998741,0.05,0.6144830473001256,0.2500000000001884,0.9330127018923281
5425,0.8805594845198814,0.05,0.5422073391935258,0.3705904774464008,0.9829629131439075
5426,0.876316203,0.01,0.4921166457374076,0.4999999999949397,1
5427,0.85132799,0.05,0.44732803125436027,0.6294095225508516,0.9829629131446437
5428,0.8136099324218145,0.05,0.44049113994697925,0.7499999999973481,0.9330127018937504
5429,0.7853213892817856,0.05,0.44844425840658575,0.8535533905892425,0.8535533905973051
5430,0.7590759075907596,0.01,0.3005441607367099,0.9330127018916873,0.7500000000009215
5431,0.7454031117397455,0.01,0.21040881819450258,0.9829629131435758,0.6294095225548373
5432,0.7348734873487346,0.01,0.11413422631505511,1,0.5000000000063419
5433,0.71035675,0.01,0.071857123,0.9829629131449754,0.3705904774503864
5434,0.6927549897846936,0.01,0.041439933,0.9330127018943912,0.2500000000037619
5435,0.6815967311016817,0.01,0.037533138,0.8535533905930665,0.14644660940651893
5436,0.6657237152286659,0.01,0.088321473,0.7500000000020315,0.066987298
5437,0.6531510293886531,0.01,0.1618529370726943,0.6294095225560752,0.017037087
5438,0.6562942008486563,0.01,0.18110785544858377,0.5000000000003477,0
5439,0.6820682068206829,0.01,0.30110227431282266,0.37059047745162443,0.017037087
5440,0.7180575200377182,0.05,0.4326775498814009,0.2500000000048719,0.066987298
5441,0.7606474933207612,0.01,0.5475094181665968,0.1464466094074252,0.14644660940602727
5442,0.7966368065377964,0.4,0.6169945583926328,0.066987298,0.2499999999968585
5443,0.8291686311488289,0.01,0.6245290916701548,0.017037086857087713,0.3705904774426868
5444,0.8543140028288545,0.4,0.5902051067392214,0,0.49999999999837064
5445,0.8752160930378756,0.01,0.6062508720524626,0.017037086854361172,0.6294095225471376
5446,0.89203206,0.01,0.6341565508580996,0.066987298,0.7500000000003193
5447,0.9014615747289016,0.4,0.661643644,0.146446609,0.8535533905916686
5448,0.9033474776049037,0.01,0.6104367238733082,0.24999999999574857,0.9330127018897647
5449,0.9036617947509034,0.4,0.5610436723873308,0.37059047744847684,0.9829629131444637
5450,0.8962753418198965,0.4,0.5064880703223106,0.5,1
5451,0.8827597045418831,0.4,0.5895074647690804,0.6294095225458995,0.9829629131459705
5452,0.8554141128398558,0.4,0.3777033626342961,0.7499999999992094,0.9330127018926757
5453,0.8282256797108283,0.05,0.2699874424445375,0.8535533905907622,0.8535533905957853
5454,0.8062234794908067,0.01,0.14566764336542484,0.9330127018891239,0.7500000000053614
5455,0.7884645607417888,0.01,0.072415237,0.982962913,0.6294095225527612
5456,0.7769919849127773,0.01,0.037812195,1,0.5000000000041926
5457,0.7664623605217673,0.01,0.021626901074368637,0.9829629131444191,0.3705904774483104
5458,0.7538896746817545,0.01,0.034323985,0.9330127018933166,0.2500000000019006
5459,0.7370737073707381,0.01,0.094879308,0.8535533905966917,0.14644660941014404
5460,0.7307873644507308,0.01,0.36082042695688576,0.7500000000001701,0.066987298
5461,0.7150715071507148,0.01,0.7827542904981163,0.6294095225539992,0.017037087
5462,0.7087851642307093,0.01,0.9038649365145807,0.5000000000054744,0
5463,0.7139713971397144,0.01,0.7985209990233012,0.3705904774495484,0.017037087
5464,0.7254439729687259,0.01,0.6520161852937072,0.2500000000030105,0.066987298
5465,0.7483891246267489,0.9,0.5998325659271662,0.1464466094110503,0.14644660940240212
5466,0.7589187490177589,0.4,0.6287149434910004,0.066987298,0.24999999999871986
5467,0.7652050919377653,0.9,0.649504674,0.017037086856531436,0.3705904774447628
5468,0.7757347163287762,0.9,0.6262034323984931,0,0.5000000000005199
5469,0.7318874744617321,0.9,0.6129482349658155,0.017037086854917394,0.6294095225492136
5470,0.7101995913877102,0.75,0.7360122784986745,0.066987298,0.7499999999958795
5471,0.730630206,0.75,0.8329845123482629,0.14644660940664073,0.8535533905931882
5472,0.7505893446487506,0.4,0.7814985349518627,0.2499999999976099,0.9330127018908394
5473,0.7663052019487666,0.4,0.5719268871215292,0.3705904774435248,0.9829629131431368
5474,0.7757347163287762,0.4,0.43114273754709087,0.4999999999992383,1
5475,0.7584472732987586,0.01,0.3657039207478722,0.6294095225479756,0.9829629131454143
5476,0.7465032217507468,0.01,0.34798381470629275,0.7499999999947695,0.9330127018952391
5477,0.7245010215307253,0.01,0.24612808706571784,0.853553391,0.8535533905942656
5478,0.7130284457017129,0.01,0.12487791265522534,0.9330127018901986,0.7500000000035001
5479,0.7035989313217041,0.01,0.071299009,0.9829629131446882,0.6294095225506852
5480,0.6951123683796951,0.01,0.035300684,1,0.5000000000020434
5481,0.69715543,0.4,0.020650202316171342,0.982962913,0.37059047745326246
5482,0.7065849442087075,0.4,0.032649644202595224,0.9330127018922421,0.25000000000003925
5483,0.7108282256797112,0.9,0.10297195479280034,0.8535533905951718,0.1464466094086243
5484,0.7202577400597208,0.4,0.3475652295242082,0.7500000000046101,0.066987298
5485,0.7296872544397295,0.4,0.8000558113576113,0.6294095225519232,0.017037086855643424
5486,0.7307873644507308,0.4,0.8668899120971117,0.5000000000033251,0
5487,0.7318874744617321,0.9,0.7502441746895493,0.3705904774545004,0.017037086853922245
5488,0.7443030017287442,0.9,0.7050369750244174,0.2500000000011492,0.066987298
5489,0.7443030017287442,0.9,0.5978791684107716,0.14644660940953058,0.1464466094039219
5490,0.7557755775577566,0.4,0.6475512766848053,0.066987298,0.2500000000005812
5491,0.7799779977997798,0.9,0.6302497558253104,0.017037087,0.3705904774468388
5492,0.8217821782178221,0.75,0.6474117482907772,0,0.49999999999539324
5493,0.850699356,0.75,0.6726663876098786,0.017037087,0.6294095225512897
5494,0.8793022159358794,0.75,0.7844286312264546,0.066987298,0.7499999999977408
5495,0.8857457174288856,0.75,0.8712152923119855,0.14644660940301563,0.8535533905895631
5496,0.868458274,0.4,0.8350774382586856,0.2499999999994712,0.9330127018919141
5497,0.8678296401068679,0.4,0.6305288126133668,0.3705904774456008,0.9829629131436931
5498,0.8664152129498661,0.4,0.4561183200781359,0.49999999999411154,1
5499,0.8628005657708635,0.4,0.3848193107297335,0.6294095225500516,0.9829629131448581
5500,0.8345120226308347,0.4,0.3637505232314776,0.7499999999966309,0.9330127018941645
5501,0.8093666509508091,0.01,0.2812892423608204,0.8535533905886569,0.8535533905978907
5502,0.7884645607417888,0.9,0.17873587275010464,0.9330127018912733,0.7500000000016387
5503,0.7716485934307724,0.4,0.084972792,0.9829629131433614,0.6294095225556371
5504,0.7515322960867512,0.9,0.045625785,1,0.49999999999989414
5505,0.7400597202577406,0.9,0.024277940560904144,0.9829629131451898,0.37059047745118634
5506,0.7337733773377342,0.9,0.031812473838426114,0.9330127018948053,0.2500000000044791
5507,0.7285871444287291,0.9,0.10032091530626483,0.8535533905936521,0.14644660940710452
5508,0.7274870344177278,0.75,0.373098926,0.7500000000027487,0.066987298
5509,0.7254439729687259,0.9,0.7890330682293847,0.6294095225568752,0.017037086856970307
5510,0.7281156687097288,0.9,0.94181666,0.5000000000011758,0
5511,0.7285871444287291,0.9,0.7965676015069066,0.37059047745242435,0.017037086854478523
5512,0.730630206,0.9,0.6995953676573182,0.2500000000055891,0.066987298
5513,0.7359735973597368,0.9,0.6144830473001256,0.1464466094080108,0.14644660940544169
5514,0.7485462831997487,0.9,0.6352727780103251,0.066987298,0.24999999999614136
5515,0.7600188590287602,0.9,0.680479978,0.017037087,0.3705904774489148
5516,0.7653622505107651,0.9,0.6524347704757918,0,0.4999999999975425
5517,0.7736916548797743,0.9,0.707688015,0.017037086854146788,0.6294095225463376
5518,0.7820210592487817,0.4,0.7641970140923677,0.066987298,0.7499999999996021
5519,0.7757347163287762,0.9,0.8808427514999302,0.14644660940453536,0.8535533905910828
5520,0.7653622505107651,0.9,0.7883354262592437,0.24999999999503136,0.9330127018893507
5521,0.7537325161087547,0.9,0.6628994000279056,0.37059047744767687,0.9829629131442494
5522,0.7413169888417417,0.9,0.4217943351472025,0.4999999999962608,1
5523,0.7150715071507148,0.9,0.365564392,0.6294095225450996,0.982962913
5524,0.6991984912776998,0.9,0.3118459606529929,0.7499999999984922,0.9330127018930898
5525,0.6845827439886851,0.9,0.29035858797265246,0.8535533905901767,0.8535533905963709
5526,0.6657237152286659,0.9,0.16952699874424446,0.9330127018923479,0.7499999999997774
5527,0.6562942008486563,0.9,0.074368634,0.9829629131439177,0.6294095225535612
5528,0.6506364922206509,0.9,0.033486814566764334,1,0.5000000000050209
5529,0.6427785635706438,0.9,0.023022185,0.9829629131446335,0.37059047744911033
5530,0.6305201948766306,0.9,0.031533417050369744,0.9330127018937306,0.25000000000261774
5531,0.6239195348106237,0.9,0.10087902888237757,0.8535533905972772,0.14644660941072962
5532,0.6154329718686156,0.9,0.3789591181805498,0.7500000000008874,0.066987298
5533,0.6069464089266075,0.9,0.773405888,0.6294095225547991,0.017037086856414085
5534,0.6031746031746033,0.9,0.8953537044788614,0.5000000000063025,0
5535,0.6041175546126039,0.9,0.8431700851123203,0.37059047745034834,0.017037087
5536,0.6110325318246113,0.9,0.7360122784986745,0.25000000000372774,0.066987298
5537,0.6140185447116138,0.9,0.6375052323147761,0.146446609,0.14644660940696147
5538,0.621719315,0.9,0.6700153481233431,0.066987298,0.2499999999980027
5539,0.6237623762376239,0.9,0.6626203432398493,0.017037086856745765,0.3705904774439629
5540,0.6320917806066322,0.75,0.668480536,0,0.4999999999996918
5541,0.6396353921106397,0.9,0.70545556,0.017037086854703065,0.6294095225484136
5542,0.647964796,0.9,0.779545137,0.066987298,0.7499999999951623
5543,0.6484362721986483,0.9,0.8586577368494488,0.14644660940605514,0.8535533905926027
5544,0.6520509193776527,0.9,0.8162411050648807,0.2499999999968927,0.9330127018904253
5545,0.6514222850856517,0.9,0.666945723,0.3705904774427249,0.9829629131429225
5546,0.6500078579286499,0.9,0.4974187247104786,0.4999999999984101,1
5547,0.6540939808266546,0.9,0.4363052881261337,0.6294095225471756,0.9829629131456287
5548,0.6366493792236363,0.01,0.4589088879586996,0.7500000000003535,0.9330127018920152
5549,0.6061606160616058,0.4,0.38384261197153624,0.8535533905916963,0.8535533905948511
5550,0.5924878202105925,0.01,0.17468954932328729,0.9330127018897845,0.7500000000042173
5551,0.5830583058305838,0.01,0.095437422,0.9829629131444739,0.6294095225514851
5552,0.5767719629105765,0.01,0.045765313241244596,1,0.5000000000028716
5553,0.5693855099795697,0.01,0.032231059,0.9829629131459603,0.3705904774540624
5554,0.5714285714285716,0.01,0.036556439,0.9330127018926561,0.2500000000007565
5555,0.5734716328775735,0.01,0.092646854,0.8535533905957574,0.1464466094092099
5556,0.5725286814395729,0.01,0.3570531603181248,0.7500000000053272,0.066987298
5557,0.5651422285085661,0.01,0.7494070043253802,0.6294095225527231,0.017037086855857808
5558,0.5599559955995601,0.01,0.889772569,0.5000000000041532,0
5559,0.56718529,0.9,0.6393191014371424,0.37059047744827234,0.017037086855591077
5560,0.577714914,0.9,0.6757360122784987,0.2500000000018664,0.066987298
5561,0.5902876001885908,0.9,0.6288544718850285,0.14644660941011617,0.14644660940333631
5562,0.5975168945465978,0.9,0.6591321333891447,0.066987298,0.25
5563,0.612446959,0.01,0.6927584763499371,0.017037086856189487,0.3705904774460389
5564,0.6239195348106237,0.01,0.690386494,0,0.49999999999456507
5565,0.6396353921106397,0.01,0.7055950886005302,0.017037086855259342,0.6294095225504897
5566,0.647964796,0.01,0.8046602483605414,0.066987298,0.7499999999970236
5567,0.6573943108596585,0.4,0.8705176503418446,0.14644660940243004,0.8535533905889776
5568,0.6619519094766617,0.01,0.817217804,0.24999999999875405,0.933012702
5569,0.663680654,0.75,0.6878749825589507,0.3705904774448009,0.9829629131434787
5570,0.6605374823196608,0.9,0.5363471466443421,0.5000000000005593,1
5571,0.6504793336476502,0.9,0.4255616017859635,0.6294095225492518,0.9829629131450723
5572,0.647964796,0.9,0.4308636807590345,0.7499999999959137,0.9330127018945786
5573,0.6451359421656453,0.9,0.43351472,0.8535533905932162,0.8535533905933314
5574,0.6342920006286348,0.9,0.25198827961490167,0.9330127018908592,0.7500000000023559
5575,0.6291057677196297,0.9,0.1626901074368634,0.982962913,0.6294095225564371
5576,0.6239195348106237,0.9,0.095158365,1,0.5000000000007223
5577,0.6176331918906182,0.9,0.061950607,0.9829629131454041,0.37059047745198637
5578,0.6133899104196137,0.9,0.037114553,0.9330127018952195,0.2500000000051963
5579,0.6091466289486092,0.75,0.041998047,0.8535533905942376,0.1464466094076901
5580,0.6042747131856046,0.9,0.080228827,0.7500000000034659,0.066987298
5581,0.5997171145686004,0.9,0.16157388028463793,0.6294095225506471,0.017037087
5582,0.5979883702655981,0.9,0.27905678805636946,0.5,0
5583,0.5871444287285876,0.9,0.40198130319520026,0.3705904774532243,0.017037086854264194
5584,0.5767719629105765,0.9,0.504534673,0.2500000000000051,0.066987298
5585,0.5736287914505733,0.9,0.5409515836472721,0.14644660940859644,0.1464466094048561
5586,0.5641992770705646,0.9,0.5420678107994976,0.066987298,0.24999999999542416
5587,0.561999057,0.9,0.5977396400167434,0.017037086855633266,0.3705904774481149
5588,0.5599559955995601,0.9,0.5729035858797265,0,0.49999999999671435
5589,0.5662423385195665,0.9,0.57862425,0.017037087,0.6294095225455376
5590,0.5734716328775735,0.9,0.5875540672526859,0.066987298,0.7499999999988849
5591,0.5788150243595793,0.9,0.5811357611273894,0.14644660940394982,0.8535533905904973
5592,0.5862014772905861,0.9,0.5403934700711595,0.24999999999431421,0.9330127018889367
5593,0.5913877101995912,0.9,0.5102553369610715,0.3705904774468769,0.982962913
5594,0.595473833,0.9,0.46504813729593975,0.4999999999954327,1
5595,0.6008172245796009,0.9,0.3982140365564393,0.6294095225513276,0.9829629131445161
5596,0.6008172245796009,0.9,0.40002790567880564,0.75,0.9330127018935039
5597,0.6017601760176023,0.9,0.41146923398911683,0.8535533905895911,0.8535533905969565
5598,0.606003457,0.9,0.27110366959676296,0.9330127018919337,0.7500000000004946
5599,0.6102467389596113,0.9,0.16548067531742708,0.9829629131437033,0.629409523
5600,0.6165330818796169,0.9,0.090135343,1,0.5
5601,0.6196762533396201,0.9,0.073950049,0.9829629131448478,0.37059047744991025
5602,0.6207763633506205,0.9,0.040463234,0.9330127018941448,0.25
5603,0.6239195348106237,0.9,0.030696246686200645,0.8535533905978627,0.1464466094113152
5604,0.6259625962596265,0.9,0.062229664,0.7500000000016046,0.066987298
5605,0.621719315,0.9,0.11748290777173155,0.6294095225555991,0.017037086856628414
5606,0.6165330818796169,0.9,0.15027208036835496,0.4999999999998547,0
5607,0.61449002,0.9,0.2591042277103391,0.37059047745114826,0.017037087
5608,0.6133899104196137,0.9,0.3871912934282127,0.25000000000444494,0.066987298
5609,0.6185761433286188,0.9,0.4905818334030975,0.1464466094070766,0.14644660940637583
5610,0.6226622662266226,0.9,0.575554625,0.066987298,0.24999999999728545
5611,0.6248624862486252,0.9,0.6384819310729734,0.017037087,0.370590477
5612,0.6248624862486252,0.9,0.6066694572345472,0,0.49999999999886363
5613,0.6185761433286188,0.9,0.5885307660108832,0.017037086854488737,0.6294095225476137
5614,0.6170045575986172,0.9,0.6652713827263848,0.066987298,0.7499999999944451
5615,0.6140185447116138,0.9,0.6425282544997907,0.14644660940546955,0.8535533905920171
5616,0.6058462989156062,0.9,0.6186688991209711,0.2499999999961755,0.9330127018900112
5617,0.6017601760176023,0.9,0.5353704478861449,0.370590477,0.9829629131445914
5618,0.5973597359735972,0.9,0.4252825449979071,0.49999999999758193,1
5619,0.5943737230865946,0.9,0.3641691084135622,0.6294095225463757,0.982962913
5620,0.591544869,0.9,0.2964978373098926,0.7499999999996363,0.9330127018924292
5621,0.5871444287285876,0.9,0.2256174131435747,0.8535533905911108,0.8535533905954367
5622,0.5866729530095873,0.9,0.12920329287009905,0.9330127018893704,0.7500000000049345
5623,0.588873173,0.9,0.065299288,0.9829629131442597,0.629409523
5624,0.5871444287285876,0.75,0.044370029300962746,1,0.5000000000036997
5625,0.5851013672795857,0.01,0.031812473838426114,0.9829629131461747,0.3705904774548623
5626,0.5829011472575831,0.9,0.035440212,0.9330127018930701,0.2500000000014736
5627,0.5767719629105765,0.9,0.098786103,0.853553391,0.14644660940979548
5628,0.5767719629105765,0.01,0.3736570392074787,0.7499999999997433,0.066987298
5629,0.5756718528995761,0.01,0.7911259941398074,0.629409523,0.017037086856072137
5630,0.5788150243595793,0.01,0.8702385935537882,0.5000000000049813,0
5631,0.60458903,0.4,0.825589507,0.37059047744907225,0.017037087
5632,0.6363350620776367,0.4,0.6422491977117343,0.2500000000025836,0.066987298
5633,0.6614804337576623,0.4,0.594390959,0.14644660941070176,0.14644660940275073
5634,0.6845827439886851,0.4,0.5970419980466024,0.066987298,0.2499999999991468
5635,0.7023416627377022,0.4,0.6278777731268312,0.017037087,0.370590477
5636,0.7150715071507148,0.4,0.6368075903446351,0,0.49999999999373695
5637,0.7276441929907276,0.75,0.6758755406725269,0.017037086855045014,0.6294095225496897
5638,0.7348734873487346,0.01,0.7463373796567602,0.066987298,0.7499999999963065
5639,0.746346063,0.4,0.8671689688851681,0.14644660940698934,0.8535533905935369
5640,0.7474461731887474,0.4,0.789312125,0.24999999999803685,0.9330127018910859
5641,0.7433600502907436,0.4,0.5667643365424864,0.370590477,0.9829629131432644
5642,0.7348734873487346,0.75,0.43909585600669737,0.4999999999997312,1
5643,0.718214679,0.4,0.37254081205525325,0.6294095225484517,0.9829629131452867
5644,0.6930693069306932,0.4,0.34351890609739083,0.7499999999951965,0.9330127018949926
5645,0.6753103881816762,0.75,0.23147760569275846,0.8535533905926306,0.853553391
5646,0.6606946408926615,0.75,0.14287707548486117,0.933012702,0.7500000000030731
5647,0.6501650165016506,0.4,0.091949212,0.9829629131429327,0.629409523
5648,0.6319346220336324,0.01,0.046462955,1,0.5000000000015504
5649,0.6250196448216259,0.4,0.02609181,0.9829629131456185,0.3705904774527863
5650,0.6190476190476191,0.4,0.034044928,0.9330127018919955,0.2499999999996123
5651,0.6210906804966219,0.75,0.09990233,0.8535533905948232,0.1464466094082757
5652,0.6185761433286188,0.01,0.39067950327891726,0.7500000000041831,0.066987298
5653,0.6176331918906182,0.4,0.8116366680619506,0.629409523,0.017037087
5654,0.6133899104196137,0.9,0.9432119436305287,0.5000000000028321,0
5655,0.6196762533396201,0.9,0.8169387470350216,0.3705904774540243,0.017037086854049865
5656,0.6269055476976271,0.9,0.6933165899260499,0.2500000000007223,0.066987298
5657,0.6463932107496464,0.9,0.5875540672526859,0.14644660940918197,0.14644660940427046
5658,0.6625805437686627,0.9,0.6144830473001256,0.066987298,0.2499999999947069
5659,0.6740531195976742,0.9,0.6393191014371424,0.017037086855847594,0.370590477
5660,0.6814395725286819,0.9,0.6499232593832844,0,0.4999999999958862
5661,0.6944837340876941,0.9,0.6814566764336543,0.017037087,0.6294095225517657
5662,0.6955838440986954,0.9,0.7881958978652155,0.066987298,0.7499999999981677
5663,0.7013987112997015,0.75,0.870099065,0.14644660940336418,0.8535533905899118
5664,0.6955838440986954,0.75,0.7986605274173294,0.24999999999989814,0.9330127018921606
5665,0.7013987112997015,0.75,0.5780661364587694,0.370590477,0.9829629131438207
5666,0.7024988213107028,0.75,0.44453746337379657,0.49999999999460454,1
5667,0.6897689768976893,0.4,0.39388865634156556,0.6294095225505278,0.9829629131447304
5668,0.6825396825396823,0.4,0.4314217943351472,0.7499999999970578,0.933012702
5669,0.6679239352506676,0.01,0.2533835635551835,0.8535533905890055,0.8535533905975421
5670,0.6573943108596585,0.4,0.13910980884610016,0.9330127018915197,0.7500000000012118
5671,0.6437215150086444,0.01,0.074787219,0.9829629131434889,0.629409523
5672,0.630205878,0.01,0.044788614,1,0.4999999999994012
5673,0.6151186547226151,0.01,0.026370866471326918,0.9829629131450621,0.3705904774507102
5674,0.6042747131856046,0.75,0.031254360262313374,0.9330127018945589,0.2500000000040522
5675,0.6012887002986012,0.4,0.10632063624947677,0.8535533905933035,0.1464466094067559
5676,0.5953166745245952,0.01,0.4036556439235385,0.7500000000023217,0.066987298
5677,0.5924878202105925,0.01,0.8188921445514162,0.6294095225563989,0.017037086856842742
5678,0.5983026874115986,0.75,0.9374912794753733,0.5000000000006829,0
5679,0.6080465189376079,0.9,0.8272638481931073,0.3705904774519482,0.017037086854606143
5680,0.6280056577086284,0.9,0.6970838565648109,0.2500000000051621,0.066987298
5681,0.6415212949866418,0.75,0.5978791684107716,0.14644660940766224,0.14644660940579024
5682,0.6624233851956629,0.9,0.617831729,0.066987298,0.24999999999656825
5683,0.6856828539996855,0.75,0.646574578,0.017037086855291317,0.37059047744939105
5684,0.6910262454816913,0.4,0.6439235384400726,0,0.49999999999803546
5685,0.69715543,0.9,0.6940142318961908,0.017037086854274408,0.6294095225468138
5686,0.7043847241867041,0.9,0.7661504116087624,0.066987298,0.7500000000000291
5687,0.7106710671067114,0.75,0.9060973908190316,0.14644660940488397,0.8535533905914314
5688,0.7191576300487195,0.75,0.8229384679782336,0.2499999999954583,0.9330127018895972
5689,0.7191576300487195,0.9,0.595228129,0.37059047744815304,0.9829629131443769
5690,0.7180575200377182,0.9,0.5087205246267615,0.4999999999967538,1
5691,0.714914349,0.9,0.4145388586577369,0.6294095225455758,0.9829629131460573
5692,0.6995128084236995,0.9,0.3683549602344077,0.7499999999989191,0.9330127018928434
5693,0.683325475,0.4,0.45304869540951587,0.8535533905905253,0.8535533905960223
5694,0.6743674367436747,0.9,0.24417468954932328,0.9330127018889564,0.7500000000056517
5695,0.6641521294986643,0.9,0.082740338,0.9829629131440453,0.6294095225530849
5696,0.656451359,0.4,0.043532858936793636,1,0.5000000000045278
5697,0.6380638063806381,0.4,0.024975583,0.9829629131445059,0.37059047744863416
5698,0.6111896903976111,0.01,0.035161155,0.9330127018934842,0.25000000000219086
5699,0.5998742731416002,0.01,0.10562299427933584,0.8535533905969286,0.14644660941038107
5700,0.5923306616375927,0.01,0.3923538440072555,0.7500000000004604,0.066987298
5701,0.5891874901775895,0.01,0.8071717594530486,0.6294095225543229,0.017037086856286465
5702,0.6069464089266075,0.01,0.8911678526580159,0.5000000000058096,0
5703,0.6426214049976422,0.01,0.7205246267615459,0.37059047744987217,0.017037086855162364
5704,0.6771962910576774,0.01,0.7168968885168131,0.2500000000033008,0.066987298
5705,0.7086280056577094,0.01,0.6355518347983814,0.14644660941128734,0.14644660940216514
5706,0.730630206,0.75,0.6573182642667783,0.066987298,0.2499999999984296
5707,0.7416313059877413,0.75,0.6649923259383285,0.017037087,0.37059047744443907
5708,0.7537325161087547,0.75,0.6701548765173713,0,0.5000000000001847
5709,0.7663052019487666,0.75,0.7002930096274591,0.017037086854830685,0.6294095225488898
5710,0.7788778877887794,0.4,0.7954513743546812,0.066987298,0.7499999999955892
5711,0.7903504636177909,0.75,0.8666108553090554,0.14644660940640375,0.8535533905929513
5712,0.7903504636177909,0.4,0.82098507,0.24999999999731964,0.9330127018906718
5713,0.7977369165487977,0.4,0.6342960792521278,0.37059047744320106,0.9829629131430501
5714,0.7956938550997958,0.4,0.4880703223105903,0.4999999999989031,1
5715,0.7771491434857771,0.4,0.44872331519464215,0.6294095225476518,0.9829629131455011
5716,0.756875688,0.75,0.38551695269987446,0.7499999999944793,0.9330127018954066
5717,0.745717429,0.75,0.2980326496442026,0.8535533905920449,0.8535533905945025
5718,0.733930536,0.4,0.16310869261894795,0.9330127018900309,0.7500000000037903
5719,0.723400912,0.4,0.096972234,0.9829629131446016,0.6294095225510089
5720,0.7212006914977214,0.4,0.047579182,1,0.5000000000023787
5721,0.7226151186547232,0.75,0.035440212,0.9829629131458328,0.3705904774535862
5722,0.7213578500707221,0.4,0.044509558,0.9330127018924096,0.2500000000003295
5723,0.7191576300487195,0.4,0.10046044370029301,0.8535533905954089,0.14644660940886134
5724,0.7213578500707221,0.01,0.3486814566764337,0.7500000000049003,0.066987298
5725,0.7138142385667146,0.01,0.7068508441467839,0.6294095225522469,0.017037086855730188
5726,0.714914349,0.4,0.8193107297335007,0.5000000000036603,0
5727,0.7263869244067265,0.9,0.6983396121110645,0.3705904774548242,0.017037087
5728,0.7422599402797423,0.01,0.6725268592158504,0.2500000000014395,0.066987298
5729,0.756875688,0.9,0.6086228547509418,0.14644660940976761,0.14644660940368487
5730,0.7711771177117712,0.9,0.6401562718013115,0.066987298,0.2500000000002909
5731,0.7857928650007859,0.4,0.6944328170782754,0.017037086856061923,0.3705904774465151
5732,0.8132956152758131,0.4,0.6697362913352867,0,0.49999999999505806
5733,0.831054534,0.4,0.7254081205525325,0.017037086855386963,0.6294095225509658
5734,0.8459845984598471,0.4,0.7735454164922562,0.066987298,0.7499999999974506
5735,0.85462832,0.01,0.773405888,0.1464466094027786,0.8535533905893262
5736,0.8606003457488609,0.4,0.6716896888516813,0.24999999999918093,0.9330127018917465
5737,0.8595002357378596,0.4,0.5773684944886284,0.37059047744527707,0.9829629131436064
5738,0.8538425271098542,0.01,0.45235105343937493,0.49999999999377637,1
5739,0.8400125726858403,0.01,0.4011441328310311,0.6294095225497278,0.9829629131449448
5740,0.8125098224108123,0.01,0.40839960932049674,0.7499999999963406,0.9330127018943322
5741,0.7732201791607731,0.01,0.42207339193525883,0.8535533905935647,0.8535533905929829
5742,0.7380166588087387,0.01,0.26552253383563557,0.9330127018911056,0.75
5743,0.7241867043847248,0.01,0.17580577647551276,0.9829629131432747,0.6294095225559609
5744,0.6985698569856988,0.01,0.090693456,1,0.5000000000002294
5745,0.6652522395096656,0.01,0.081763639,0.9829629131452765,0.37059047745151014
5746,0.6562942008486563,0.01,0.040463234,0.933012702,0.25000000000476935
5747,0.6427785635706438,0.01,0.038928422,0.853553391,0.14644660940734155
5748,0.6357064277856357,0.01,0.050648807,0.7500000000030389,0.066987298
5749,0.6259625962596265,0.01,0.11413422631505511,0.629409523,0.017037087
5750,0.6426214049976422,0.05,0.15738802846379238,0.5,0
5751,0.69055477,0.4,0.2588251709222827,0.37059047745274815,0.017037087
5752,0.7410026716957412,0.4,0.40728338216827126,0.24999999999957817,0.066987298
5753,0.7663052019487666,0.01,0.5161155295102553,0.14644660940824777,0.14644660940520465
5754,0.7903504636177909,0.4,0.5666248081484582,0.066987298,0.2499999999958511
5755,0.7967939651107971,0.01,0.5971815264406306,0.017037086855505645,0.3705904774485911
5756,0.7925506836397926,0.9,0.5814148179154458,0,0.49999999999720735
5757,0.7914505736287913,0.9,0.5462536626203432,0.017037086854060024,0.6294095225460139
5758,0.7986798679867984,0.75,0.5304869540951583,0.066987298,0.7499999999993119
5759,0.7977369165487977,0.01,0.5000697641970141,0.14644660940429838,0.8535533905908459
5760,0.8008800880088018,0.01,0.5092786382028742,0.2499999999947411,0.9330127018891832
5761,0.8040232594688042,0.4,0.4798381470629273,0.3705904774473531,0.9829629131441626
5762,0.8029231494578037,0.4,0.4011441328310311,0.49999999999592565,1
5763,0.7908219393367912,0.4,0.3850983675177899,0.6294095225518039,0.9829629131443884
5764,0.7672481533867672,0.75,0.3913771452490582,0.7499999999982019,0.9330127018932575
5765,0.7406883545497407,0.01,0.4097948932607786,0.8535533905899396,0.853553391
5766,0.7348734873487346,0.01,0.28324263987721504,0.9330127018921803,0.7500000000000677
5767,0.7337733773377342,0.01,0.18501465048137294,0.9829629131438309,0.6294095225538849
5768,0.7202577400597208,0.01,0.11636668061950607,1,0.5
5769,0.7171145685997176,0.01,0.095158365,0.9829629131447202,0.3705904774494341
5770,0.7108282256797112,0.01,0.050648807,0.9330127018938983,0.25
5771,0.69715543,0.01,0.038928422,0.8535533905975141,0.14644660941096665
5772,0.676096181,0.01,0.054137017,0.7500000000011777,0.066987298
5773,0.6720100581486723,0.4,0.11315752755685783,0.6294095225551228,0.017037086856500794
5774,0.678767877,0.01,0.15334170503697503,0.49999999999936173,0
5775,0.7002986012887003,0.01,0.24766289940002792,0.3705904774506721,0.017037086854948036
5776,0.7213578500707221,0.01,0.38565648109390266,0.25,0.066987298
5777,0.7328304258997327,0.4,0.47523371005999726,0.14644660940672805,0.14644660940672438
5778,0.7422599402797423,0.75,0.5436026231338077,0.066987298,0.24999999999771239
5779,0.7579757975797583,0.75,0.5876935956467141,0.017037087,0.37059047744363915
5780,0.7757347163287762,0.75,0.5547648946560625,0,0.49999999999935657
5781,0.7850070721357851,0.9,0.5433235663457513,0.017037087,0.6294095225480899
5782,0.788307402,0.9,0.49448862843588676,0.066987298,0.75
5783,0.7967939651107971,0.75,0.49546532719408404,0.14644660940581816,0.8535533905923657
5784,0.7906647807637905,0.9,0.47607088042416634,0.24999999999660244,0.9330127018902578
5785,0.7609618104667617,0.01,0.4290498116366681,0.37059047744240114,0.9829629131428357
5786,0.7779349363507779,0.4,0.4014231896190875,0.49999999999807493,1
5787,0.7579757975797583,0.4,0.4929538161015767,0.6294095225468519,0.9829629131457154
5788,0.7122426528367121,0.4,0.36598297753592857,0.7500000000000633,0.9330127018921828
5789,0.6751532296086755,0.75,0.3291474815124878,0.8535533905914594,0.8535533905950882
5790,0.6661951909476662,0.01,0.21431561322729176,0.9330127018896168,0.7500000000045075
5791,0.667609618,0.4,0.19882796149016324,0.9829629131443871,0.6294095225518088
5792,0.6762533396196768,0.9,0.1106460164643505,1,0.5000000000032068
5793,0.6699669966996704,0.4,0.045904842,0.9829629131460471,0.3705904774543861
5794,0.6668238252396672,0.9,0.027068508441467836,0.9330127018928236,0.2500000000010467
5795,0.663680654,0.9,0.02692898,0.8535533905959944,0.14644660940944693
5796,0.6573943108596585,0.01,0.059718153,0.7500000000056175,0.066987298
5797,0.6562942008486563,0.9,0.11399469792102694,0.6294095225530468,0.017037086855944517
5798,0.6573943108596585,0.75,0.15473698897725685,0.5000000000044884,0
5799,0.6646236052176646,0.9,0.22631505511371564,0.3705904774485961,0.017037086855504313
5800,0.6720100581486723,0.9,0.31505511371564116,0.25000000000215666,0.066987298
5801,0.6762533396196768,0.9,0.34826287149434915,0.14644660941035315,0.14644660940309928
5802,0.6808109382366809,0.9,0.4517929398632622,0.066987298,0.24999999999957373
5803,0.6908690869086915,0.9,0.47314078414957444,0.017037087,0.37059047744571516
5804,0.7119283356907125,0.9,0.48430305567182924,0,0.4999999999942299
5805,0.71035675,0.9,0.5221152504534673,0.017037087,0.6294095225501659
5806,0.7328304258997327,0.9,0.529510255,0.066987298,0.7499999999967333
5807,0.733930536,0.75,0.5207199665131854,0.146446609,0.8535533905887405
5808,0.7328304258997327,0.75,0.47509418166596906,0.24999999999846378,0.9330127018913323
5809,0.7212006914977214,0.75,0.4492814287707549,0.37059047744447715,0.982962913
5810,0.7212006914977214,0.75,0.3857960094879308,0.5000000000002242,1
5811,0.7160144585887163,0.75,0.34421654806753177,0.6294095225489279,0.9829629131451592
5812,0.6936979412226933,0.9,0.3031952002232455,0.7499999999956234,0.9330127018947462
5813,0.6836397925506836,0.75,0.24417468954932328,0.8535533905929791,0.8535533905935684
5814,0.6731101681596736,0.01,0.13366820147900096,0.9330127018906915,0.7500000000026462
5815,0.6699669966996704,0.4,0.07297335,0.9829629131430603,0.6294095225567609
5816,0.6583372622976582,0.4,0.030138133110087905,1,0.5000000000010575
5817,0.6584944208706589,0.01,0.023301242,0.9829629131454909,0.3705904774523101
5818,0.6493792236366498,0.75,0.027905678805636946,0.933012702,0.2500000000054866
5819,0.6445073078736443,0.4,0.093902609,0.8535533905944747,0.1464466094079271
5820,0.647964796,0.4,0.38119157248500074,0.7500000000037561,0.066987298
5821,0.6468646864686476,0.9,0.7809404213757499,0.6294095225509708,0.017037086855388295
5822,0.6459217350306461,0.9,0.9240965536486675,0.5000000000023391,0
5823,0.6500078579286499,0.9,0.8015906236919212,0.3705904774535481,0.017037087
5824,0.6522080779506525,0.9,0.669178178,0.2500000000002953,0.066987298
5825,0.6573943108596585,0.9,0.6054137016882936,0.14644660940883342,0.14644660940461907
5826,0.6594373723086604,0.9,0.6428073112878471,0.066987298,0.2499999999951339
5827,0.6646236052176646,0.9,0.6486675038370308,0.017037086855719974,0.37059047744779117
5828,0.6720100581486723,0.9,0.663178457,0,0.4999999999963792
5829,0.6804966210906804,0.9,0.6894097948932607,0.017037086853845695,0.6294095225452139
5830,0.679396511,0.9,0.7763359843728198,0.066987298,0.7499999999985947
5831,0.6899261354706909,0.9,0.8921445514162132,0.1464466094037128,0.8535533905902604
5832,0.69715543,0.9,0.8195897865215571,0.2500000000003251,0.933012702
5833,0.6921263554926926,0.9,0.6114134226315054,0.37059047744655316,0.9829629131439483
5834,0.686625805,0.9,0.44704897446630393,0.4999999999950975,1
5835,0.6825396825396823,0.9,0.36988977256871775,0.6294095225510039,0.9829629131446029
5836,0.6773534496306781,0.75,0.320217664,0.7499999999974847,0.9330127018936716
5837,0.6720100581486723,0.75,0.23245430445095577,0.853553391,0.8535533905971935
5838,0.6544082979726542,0.01,0.1406446211804102,0.9330127018917662,0.7500000000007849
5839,0.6416784535596425,0.01,0.079112599,0.9829629131436166,0.6294095225546849
5840,0.6366493792236363,0.75,0.037812195,1,0.5000000000061842
5841,0.6415212949866418,0.4,0.022464071,0.9829629131449346,0.37059047745023405
5842,0.6396353921106397,0.01,0.034323985,0.9330127018943124,0.2500000000036252
5843,0.6311488291686316,0.01,0.10366959676294127,0.8535533905929549,0.14644660940640736
5844,0.6270627062706278,0.01,0.4051904562578485,0.7500000000018949,0.066987298
5845,0.6122898004086132,0.01,0.8204269568857262,0.6294095225559229,0.017037086856715178
5846,0.6174760333176175,0.01,0.8858657736849449,0.5000000000001898,0
5847,0.6489077479176495,0.4,0.8067531742709642,0.370590477,0.017037086854733707
5848,0.6949552098066953,0.01,0.7329426538300544,0.2500000000047352,0.066987298
5849,0.7285871444287291,0.01,0.6287149434910004,0.14644660940731363,0.14644660940613885
5850,0.7595473833097599,0.01,0.6878749825589507,0.066987298,0.24999999999699518
5851,0.7780920949237777,0.2,0.6786661085530905,0.017037086857046857,0.3705904774428392
5852,0.7977369165487977,0.05,0.661643644,0,0.49999999999852845
5853,0.8092094923778093,0.05,0.6856425282544998,0.017037086854401973,0.629409523
5854,0.8176960553198183,0.01,0.7767545695549044,0.066987298,0.7500000000004561
5855,0.8249253496778253,0.05,0.8871215292311985,0.14644660940523252,0.853553391
5856,0.8269684111268272,0.05,0.8363331938049393,0.24999999999588524,0.9330127018898436
5857,0.8280685211378285,0.01,0.6098786102971955,0.3705904774486292,0.9829629131445046
5858,0.8208392267798215,0.01,0.45765313241244593,0.49999999999724676,1
5859,0.8114097123998119,0.01,0.42472443142179434,0.629409523,0.9829629131459297
5860,0.7727487034417728,0.05,0.37574996511790154,0.7499999999993461,0.9330127018925969
5861,0.7183718371837187,0.01,0.2772429189340031,0.8535533905908738,0.8535533905956738
5862,0.6691812038346696,0.01,0.1534812334310032,0.9330127018892028,0.7500000000052247
5863,0.6324060977526327,0.01,0.086926189,0.9829629131441728,0.6294095225526088
5864,0.6151186547226151,0.01,0.04869541,1,0.5000000000040349
5865,0.6044318717586052,0.01,0.025394167713129624,0.9829629131443782,0.370590477
5866,0.5851013672795857,0.01,0.036277382,0.9330127018932377,0.2500000000017639
5867,0.5725286814395729,0.01,0.10255336961071579,0.853553391,0.14644660941003246
5868,0.5739431085965747,0.01,0.40281847355936934,0.7500000000000335,0.066987298
5869,0.561999057,0.01,0.8148458211245988,0.6294095225538467,0.017037087
5870,0.5871444287285876,0.01,0.89577229,0.5000000000053165,0
5871,0.6443501493006445,0.05,0.8142877075484861,0.370590477,0.017037086855289985
5872,0.7141285557127142,0.05,0.6990372540812055,0.2500000000028739,0.066987298
5873,0.7661480433757659,0.05,0.6423887261057625,0.1464466094109388,0.1464466094025137
5874,0.7947509036617944,0.05,0.669178178,0.066987298,0.24999999999885653
5875,0.8154958352978157,0.05,0.6788056369471187,0.017037087,0.37059047744491525
5876,0.8291686311488289,0.4,0.691084136,0,0.5000000000006777
5877,0.8403268898318408,0.4,0.7136877354541649,0.017037087,0.629409523
5878,0.8511708313688513,0.4,0.7554067252685921,0.066987298,0.7499999999960162
5879,0.8639006757818648,0.4,0.7921026928980047,0.1464466094067523,0.8535533905932998
5880,0.8662580543768663,0.01,0.8495883912376169,0.24999999999774658,0.9330127018909182
5881,0.8673581643878676,0.05,0.6376447607088042,0.37059047744367724,0.9829629131431776
5882,0.865157944,0.01,0.5095576949909306,0.49999999999939604,1
5883,0.8550997956938553,0.05,0.4399330263708665,0.629409523,0.9829629131453734
5884,0.8093666509508091,0.01,0.4340728338216827,0.7499999999949062,0.9330127018951602
5885,0.7507465032217513,0.01,0.3037533137993582,0.8535533905923935,0.8535533905941539
5886,0.7256011315417257,0.01,0.18054974187247105,0.9330127018902774,0.7500000000033633
5887,0.7098852742417106,0.01,0.093344496,0.9829629131428459,0.6294095225575608
5888,0.6910262454816913,0.01,0.048555881121808295,1,0.5000000000018856
5889,0.6658808738016657,0.01,0.032091530626482484,0.9829629131457052,0.370590477
5890,0.6496935407826503,0.01,0.036556439,0.933012702,0.24999999999990258
5891,0.640735502,0.01,0.1024138412166876,0.8535533905950603,0.14644660940851273
5892,0.6396353921106397,0.01,0.37533137993581694,0.7500000000044733,0.066987298
5893,0.6416784535596425,0.01,0.7555462536626203,0.6294095225517707,0.017037086855602623
5894,0.6775106082036779,0.2,0.8751220873447746,0.5000000000031674,0
5895,0.7290586201477294,0.2,0.7614064462118041,0.37059047745434803,0.017037087
5896,0.7683482633977685,0.01,0.6764336542486395,0.2500000000010125,0.066987298
5897,0.8110953952538114,0.01,0.6391795730431142,0.146446609,0.14644660940403348
5898,0.8469275498978468,0.2,0.6916422491977117,0.066987298,0.24999999999441663
5899,0.8794593745088801,0.2,0.6917817775917399,0.017037086855934302,0.37059047744699125
5900,0.911048248,0.2,0.6889912097111762,0,0.5
5901,0.9267641049819271,0.4,0.7280591600390679,0.017037086855514527,0.629409523
5902,0.9339933993399341,0.01,0.7746616436444816,0.066987298,0.7499999999978775
5903,0.9497092566399501,0.01,0.8287986605274174,0.1464466094031272,0.8535533905896747
5904,0.9548954895489552,0.4,0.7710339053997488,0.24999999999960787,0.9330127018919929
5905,0.9605531981769606,0.01,0.6010883214734198,0.37059047744575324,0.982962913
5906,0.9509665252239512,0.4,0.5578345193246825,0.49999999999426936,1
5907,0.9319503378909322,0.01,0.48067531742709646,0.629409523,0.9829629131448172
5908,0.900518623,0.01,0.4544439793497977,0.7499999999967675,0.9330127018940856
5909,0.8774163130598782,0.01,0.3869122366401563,0.8535533905887684,0.853553391
5910,0.8637435172088641,0.01,0.29831170643225896,0.9330127018913521,0.7500000000015021
5911,0.8554141128398558,0.01,0.19882796149016324,0.9829629131434022,0.6294095225554848
5912,0.8450416470218456,0.9,0.1106460164643505,1,0.4999999999997364
5913,0.8406412069778413,0.01,0.10980884610018139,0.9829629131451489,0.37059047745103396
5914,0.8385981455288385,0.01,0.052323147760569275,0.9330127018947265,0.25000000000434247
5915,0.8343548640578349,0.01,0.076042975,0.8535533905935404,0.14644660940699294
5916,0.8260254596888266,0.01,0.077996372,0.75,0.066987298
5917,0.8125098224108123,0.01,0.16617831728756802,0.6294095225567227,0.017037086856929506
5918,0.8114097123998119,0.01,0.21905957862425002,0.5000000000010181,0
5919,0.8374980355178381,0.01,0.3337519185154179,0.37059047745227197,0.017037087
5920,0.8511708313688513,0.75,0.46755964838844705,0.2500000000054524,0.066987298
5921,0.8667295300958675,0.75,0.5769499093065439,0.14644660940789928,0.1464466094055532
5922,0.8866886688668871,0.75,0.6139249337240128,0.066987298,0.24999999999627798
5923,0.909790979,0.01,0.6655504395144412,0.017037087,0.37059047744906726
5924,0.9308502278799309,0.75,0.6577368494488628,0,0.4999999999977003
5925,0.9402797422599414,0.4,0.6218780521836194,0.017037086854187644,0.629409523
5926,0.9361936193619358,0.4,0.6189479559090274,0.066987298,0.7499999999997388
5927,0.9277070564199286,0.01,0.6093204967210827,0.146446609,0.8535533905911945
5928,0.936036461,0.01,0.6179712571508301,0.24999999999516803,0.9330127018894296
5929,0.9371365707999373,0.01,0.5811357611273894,0.37059047744782925,0.9829629131442903
5930,0.9297501178689305,0.01,0.46393191014371427,0.49999999999641864,1
5931,0.9203206034889209,0.01,0.4174689549323288,0.6294095225452521,0.9829629131461441
5932,0.8873173031588881,0.01,0.43658434491419007,0.7499999999986289,0.933012702
5933,0.8282256797108283,0.01,0.38914469094460724,0.8535533905902882,0.8535533905962593
5934,0.7958510136727956,0.01,0.3913771452490582,0.9330127018924268,0.7499999999996407
5935,0.7859500235737857,0.01,0.3691921305985768,0.9829629131439586,0.6294095225534087
5936,0.7766776677667768,0.01,0.15669038649365144,1,0.5
5937,0.7524752475247527,0.01,0.10980884610018139,0.9829629131445927,0.37059047744895796
5938,0.7378595,0.01,0.052323147760569275,0.9330127018936518,0.2500000000024811
5939,0.7133427628477134,0.01,0.076042975,0.8535533905971656,0.1464466094106181
5940,0.6955838440986954,0.01,0.076740617,0.7500000000007507,0.066987298
5941,0.6819110482476813,0.01,0.1597600111622715,0.6294095225546468,0.017037087
5942,0.7065849442087075,0.05,0.20943211943630527,0.5000000000061448,0
5943,0.7534181989627533,0.05,0.3172875680200921,0.3705904774501959,0.017037086855075656
5944,0.8123526638378125,0.01,0.44314217943351475,0.25000000000359107,0.066987298
5945,0.8573000157158579,0.05,0.5381610157667085,0.1464466094063795,0.146446609
5946,0.894075122,0.05,0.5879726524347705,0.066987298,0.24999999999813932
5947,0.9123055162659122,0.01,0.606529929,0.017037086856704964,0.3705904774441153
5948,0.9269212635549269,0.01,0.6158783312404074,0,0.49999999999984956
5949,0.9391796322489392,0.01,0.641272499,0.017037087,0.6294095225485661
5950,0.9413798522709418,0.01,0.6179712571508301,0.066987298,0.75
5951,0.9537953795379539,0.01,0.6104367238733082,0.14644660940616672,0.8535533905927142
5952,0.9548954895489552,0.01,0.617134087,0.24999999999702932,0.9330127018905042
5953,0.9497092566399501,0.01,0.5885307660108832,0.3705904774428773,0.9829629131429634
5954,0.9361936193619358,0.01,0.4975582531045068,0.49999999999856787,1
5955,0.9151343705799158,0.01,0.46142039905120696,0.6294095225473281,0.9829629131455878
5956,0.8859028760018863,0.01,0.4763499372122227,0.7500000000004902,0.9330127018919363
5957,0.8439415370108443,0.01,0.43951444118878197,0.853553391,0.8535533905947396
5958,0.8176960553198183,0.01,0.44118878191712013,0.9330127018898634,0.7500000000040806
5959,0.7879930850227876,0.01,0.095716478,0.9829629131445148,0.6294095225513326
5960,0.7634763476347639,0.01,0.05734617,1,0.5000000000027138
5961,0.7348734873487346,0.01,0.068927027,0.9829629131459195,0.37059047745390994
5962,0.7212006914977214,0.01,0.051206920608343795,0.9330127018925771,0.2500000000006198
5963,0.7139713971397144,0.01,0.13366820147900096,0.8535533905956458,0.14644660940909832
5964,0.705641993,0.01,0.40588809822798944,0.7500000000051905,0.066987298
5965,0.6940122583686947,0.01,0.8138691223664015,0.6294095225525707,0.017037086855816952
5966,0.6991984912776998,0.05,0.8474954653271941,0.5000000000039955,0
5967,0.714914349,0.01,0.828519604,0.3705904774481199,0.017037086855631933
5968,0.7369165487977365,0.01,0.6451792939863262,0.2500000000017298,0.066987298
5969,0.7556184189847568,0.4,0.5789033068229384,0.1464466094100046,0.1464466094034479
5970,0.7780920949237777,0.05,0.6022045486256453,0.066987298,0.25000000000000067
5971,0.805437687,0.01,0.6090414399330264,0.017037086856148687,0.37059047744619134
5972,0.8363979255068368,0.01,0.6499232593832844,0,0.4999999999947229
5973,0.8606003457488609,0.01,0.6845263011022743,0.017037087,0.6294095225506421
5974,0.8783592644978779,0.01,0.7505232314776057,0.066987298,0.7499999999971603
5975,0.8899889988998901,0.01,0.8666108553090554,0.14644660940254162,0.8535533905890891
5976,0.8929750117868926,0.05,0.8041021347844286,0.24999999999889067,0.9330127018915788
5977,0.894075122,0.05,0.5928561462257569,0.3705904774449533,0.9829629131435196
5978,0.8888888888888888,0.05,0.4464908608901912,0.4999999999934412,1
5979,0.8794593745088801,0.01,0.3818892144551416,0.6294095225494041,0.9829629131450315
5980,0.8470847084708475,0.01,0.3814706292730571,0.7499999999960503,0.9330127018944997
5981,0.8073235895018072,0.05,0.2589646993163109,0.8535533905933277,0.8535533905932198
5982,0.7820210592487817,0.01,0.14483047300125576,0.933012702,0.7500000000022193
5983,0.7653622505107651,0.01,0.07994977,0.9829629131431878,0.6294095225562847
5984,0.7340876944837347,0.01,0.046742012,1,0.5000000000005645
5985,0.7160144585887163,0.01,0.025254639,0.9829629131453632,0.37059047745183393
5986,0.6993556498506996,0.01,0.029998605,0.9330127018951405,0.2500000000050596
5987,0.6804966210906804,0.01,0.10283242639877216,0.8535533905941262,0.14644660940757853
5988,0.648593431,0.01,0.39751639458629834,0.7500000000033292,0.066987298
5989,0.6347634763476342,0.01,0.823217525,0.6294095225575227,0.017037086857143835
5990,0.655194091,0.01,0.8455420678107994,0.5000000000018462,0
5991,0.7054848341977054,0.05,0.7894516534114692,0.37059047745307194,0.017037086854304995
5992,0.7483891246267489,0.05,0.6686200641830612,0.24999999999986844,0.066987298
5993,0.7850070721357851,0.05,0.6153202176642947,0.1464466094084848,0.14644660940496768
5994,0.8114097123998119,0.01,0.6264824891865495,0.066987298,0.24999999999556083
5995,0.8334119126198343,0.01,0.6549462815682991,0.017037087,0.37059047744826734
5996,0.8500707213578509,0.01,0.6686200641830612,0,0.49999999999687217
5997,0.865786579,0.01,0.6863401702246407,0.017037086853973316,0.629409523
5998,0.876316203,0.01,0.7482907771731547,0.066987298,0.7499999999990217
5999,0.8837026559798837,0.01,0.8546114134226315,0.1464466094040614,0.853553391
6000,0.8909319503378907,0.01,0.7693595646714106,0.24999999999445083,0.9330127018890155
6001,0.8899889988998901,0.01,0.5925770894377005,0.37059047744702933,0.9829629131440758
6002,0.8846456074178852,0.2,0.47048974466303894,0.49999999999559047,1
6003,0.8731730315888737,0.01,0.39919073531463656,0.6294095225514802,0.9829629131444753
6004,0.8376551940908379,0.4,0.37463373796567606,0.7499999999979117,0.9330127018934251
6005,0.7927078422127924,0.4,0.29398632621738524,0.8535533905897026,0.8535533905968449
6006,0.7663052019487666,0.01,0.15920189758615877,0.9330127018920127,0.7500000000003579
6007,0.7444601603017449,0.01,0.081624111,0.9829629131437442,0.6294095225542087
6008,0.7114568599717122,0.01,0.045625785,1,0.5000000000056912
6009,0.6976269055476974,0.01,0.028184735593693316,0.982962913,0.37059047744975787
6010,0.6819110482476813,0.01,0.034044928,0.9330127018940659,0.25000000000319833
6011,0.6635234952066642,0.01,0.10562299427933584,0.8535533905977513,0.1464466094112037
6012,0.6520509193776527,0.01,0.4039347007115948,0.7500000000014679,0.066987298
6013,0.6553512494106548,0.01,0.7369889772568717,0.6294095225554466,0.017037086856587558
6014,0.6797108282256796,0.01,0.8098227989395842,0.4999999999996969,0
6015,0.7461889046047463,0.75,0.8226594111901772,0.3705904774509959,0.017037086854861272
6016,0.8007229294358003,0.75,0.6908050788335426,0.2500000000043083,0.066987298
6017,0.8301115825868304,0.75,0.622436166,0.14644660940696508,0.1464466094064874
6018,0.8543140028288545,0.01,0.6377842891028324,0.066987298,0.24999999999742212
6019,0.8837026559798837,0.01,0.6411329705595088,0.017037086856919292,0.37059047744331536
6020,0.8992613547068999,0.01,0.6529928840519046,0,0.4999999999990214
6021,0.9096338205249093,0.01,0.6916422491977117,0.017037086854529593,0.6294095225477662
6022,0.9253496778249253,0.01,0.7714524905818334,0.066987298,0.7499999999945818
6023,0.9361936193619358,0.75,0.8862843588670294,0.14644660940558113,0.8535533905921286
6024,0.9372937293729371,0.75,0.8165201618529371,0.24999999999631217,0.9330127018900902
6025,0.9328932893289328,0.75,0.6327612669178178,0.3705904774491054,0.9829629131446321
6026,0.9255068363979251,0.75,0.49951165062090136,0.49999999999773975,1
6027,0.900518623,0.9,0.4134226315055114,0.6294095225465282,0.9829629131458022
6028,0.8722300801508722,0.9,0.37826147621040884,0.75,0.9330127018923504
6029,0.8470847084708475,0.9,0.3119854890470211,0.8535533905912224,0.8535533905953252
6030,0.8128241395568137,0.9,0.1826426677828938,0.9330127018894493,0.7500000000047978
6031,0.7969511236837978,0.9,0.11259941398074509,0.9829629131443005,0.6294095225521326
6032,0.7898789878987897,0.01,0.062787777,1,0.5
6033,0.7787207292157787,0.01,0.071299009,0.9829629131461339,0.37059047745470985
6034,0.775891875,0.01,0.096135063,0.9330127018929912,0.25000000000133704
6035,0.7685054219707692,0.01,0.1554346309473978,0.8535533905962314,0.1464466094096839
6036,0.7565613704227565,0.4,0.429747454,0.7499999999996065,0.066987298
6037,0.7600188590287602,0.4,0.8329845123482629,0.6294095225533707,0.017037087
6038,0.760804652,0.75,0.8874005860192549,0.5000000000048236,0
6039,0.7831211692597839,0.4,0.8437281986884331,0.3705904774489198,0.017037087
6040,0.7997799779977997,0.2,0.6862006418306125,0.25000000000244693,0.066987298
6041,0.8203677510608203,0.2,0.6132272917538719,0.14644660941059018,0.1464466094028623
6042,0.8406412069778413,0.2,0.6531324124459327,0.066987298,0.2499999999992834
6043,0.8615432971868615,0.4,0.690386494,0.017037086856363015,0.3705904774453914
6044,0.8752160930378756,0.75,0.6568996790846937,0,0.4999999999938947
6045,0.8868458274398869,0.75,0.6842472443142179,0.017037087,0.6294095225498422
6046,0.8899889988998901,0.75,0.7858239151667364,0.066987298,0.7499999999964431
6047,0.8983184032688984,0.01,0.8911678526580159,0.14644660940710091,0.8535533905936484
6048,0.9014615747289016,0.4,0.8126133668201478,0.24999999999817352,0.9330127018911648
6049,0.8962753418198965,0.4,0.6302497558253104,0.3705904774441534,0.9829629131433053
6050,0.8983184032688984,0.4,0.5066275987163388,0.49999999999988903,1
6051,0.8879459374508882,0.01,0.4254220733919353,0.6294095225486042,0.9829629131452459
6052,0.8617004557598622,0.05,0.4572345472303614,0.7499999999953332,0.9330127018949137
6053,0.8233537639478237,0.01,0.33821682712431983,0.8535533905927422,0.8535533905938054
6054,0.8018230394468024,0.01,0.19422352448723315,0.9330127018905239,0.7500000000029365
6055,0.7801351563727796,0.01,0.10129761406446212,0.9829629131429736,0.6294095225570846
6056,0.7663052019487666,0.01,0.049672108274033774,1,0.5000000000013927
6057,0.7579757975797583,0.01,0.035998326,0.9829629131455776,0.37059047745263385
6058,0.7461889046047463,0.01,0.038370308,0.9330127018919165,0.2499999999994757
6059,0.7337733773377342,0.01,0.1015766708525185,0.8535533905947117,0.14644660940816412
6060,0.7223008015087227,0.01,0.37463373796567606,0.7500000000040464,0.066987298
6061,0.7128712871287131,0.01,0.7343379377703363,0.6294095225512946,0.017037086855475003
6062,0.7212006914977214,0.01,0.8702385935537882,0.5000000000026743,0
6063,0.7535753575357531,0.05,0.7456397376866192,0.37059047745387186,0.017037086854090666
6064,0.7853213892817856,0.05,0.6645737407562439,0.25000000000058564,0.066987298
6065,0.8154958352978157,0.05,0.6489465606250872,0.1464466094090704,0.14644660940438203
6066,0.8381266698098391,0.05,0.663178457,0.066987298,0.24999999999484362
6067,0.8639006757818648,0.05,0.6592716617831729,0.017037086855806738,0.3705904774474674
6068,0.8796165330818799,0.01,0.6712711036695967,0,0.5
6069,0.8942322803708946,0.4,0.7143853774243059,0.017037086855642092,0.6294095225519182
6070,0.904447588,0.4,0.7664294683968187,0.066987298,0.7499999999983045
6071,0.9134056262769135,0.2,0.7996372261755267,0.14644660940347576,0.8535533905900233
6072,0.9156058462989152,0.01,0.7427096414120273,0.25000000000003475,0.9330127018922394
6073,0.9234637749489232,0.01,0.5742988698200083,0.3705904774462294,0.9829629131438615
6074,0.9167059563099174,0.01,0.5455560206502023,0.4999999999947623,1
6075,0.9066478076379068,0.01,0.47774522115250456,0.6294095225506802,0.9829629131446895
6076,0.8865315102938873,0.01,0.407841496,0.7499999999971945,0.9330127018938391
6077,0.8640578343548646,0.4,0.3959815822519883,0.8535533905891171,0.8535533905974305
6078,0.8527424170988529,0.01,0.46797823357053164,0.9330127018915986,0.7500000000010751
6079,0.8448844884488449,0.01,0.22436165759732105,0.9829629131435298,0.6294095225550086
6080,0.8352978154958364,0.01,0.12292451513883075,1,0.5000000000065193
6081,0.8385981455288385,0.01,0.073670992,0.9829629131450213,0.3705904774505578
6082,0.8417413169888417,0.01,0.041998047,0.9330127018944799,0.25000000000391553
6083,0.8469275498978468,0.01,0.048276824333751925,0.8535533905931919,0.1464466094066444
6084,0.8492849284928501,0.01,0.087484303,0.7500000000021851,0.066987298
6085,0.8426842684268432,0.01,0.17720106041579461,0.6294095225562466,0.017037086856801886
6086,0.842841427,0.01,0.2757081065996931,0.5,0
6087,0.8505421970768503,0.01,0.3929119575833682,0.3705904774517958,0.017037086854646943
6088,0.876316203,0.4,0.4932328728896331,0.2500000000050255,0.066987298
6089,0.8992613547068999,0.01,0.5417887540114413,0.1464466094075506,0.14644660940590182
6090,0.9278642149929284,0.05,0.5851820845542067,0.066987298,0.2499999999967049
6091,0.9548954895489552,0.01,0.6619227012697083,0.017037087,0.37059047744251544
6092,0.9789407512179795,0.4,0.6128087065717873,0,0.4999999999981933
6093,0.9863272041489863,0.4,0.6260639040044649,0.017037086854315264,0.6294095225469662
6094,0.9957567185289959,0.9,0.6190874843030556,0.066987298,0.7500000000001658
6095,1.0000000000000004,0.75,0.5745779266080647,0.14644660940499554,0.8535533905915431
6096,0.9946566085179946,0.75,0.5631365982977535,0.24999999999559497,0.9330127018896761
6097,0.9885274241709889,0.01,0.5359285614622575,0.3705904774483054,0.9829629131444177
6098,0.9759547383309761,0.75,0.47774522115250456,0.4999999999969116,1
6099,0.9622819424799629,0.01,0.4356076461559928,0.6294095225457281,0.9829629131460165
6100,0.9393367908219399,0.01,0.4544439793497977,0.7499999999990558,0.9330127018927645
6101,0.8995756718528995,0.4,0.4870936235523929,0.8535533905906367,0.8535533905959107
6102,0.8598145528838601,0.01,0.34993721222268737,0.9330127018890353,0.7500000000055149
6103,0.8418984755618415,0.01,0.22743128226594111,0.982962913,0.6294095225529326
6104,0.8208392267798215,0.4,0.14092367796846658,1,0.5000000000043701
6105,0.8167531038818177,0.01,0.084414678,0.982962913,0.3705904774484818
6106,0.8051233694798055,0.01,0.049253523,0.9330127018934053,0.2500000000020542
6107,0.7936507936507939,0.01,0.031393889,0.853553391,0.1464466094102695
6108,0.8049662109068056,0.01,0.059160039,0.7500000000003237,0.066987298
6109,0.8103096023888106,0.4,0.10659969303753314,0.6294095225541705,0.017037087
6110,0.8187961653308196,0.75,0.14203990512069206,0.5000000000056517,0
6111,0.8219393367908219,0.2,0.2030138133110088,0.37059047744971974,0.017037087
6112,0.8093666509508091,0.9,0.22198967489884192,0.25000000000316414,0.066987298
6113,0.7254439729687259,0.9,0.3622157108971676,0.14644660941117577,0.14644660940227672
6114,0.7202577400597208,0.9,0.4587693595646714,0.066987298,0.24999999999856626
6115,0.7254439729687259,0.9,0.5477884749546532,0.017037086856577344,0.37059047744459145
6116,0.7537325161087547,0.9,0.5876935956467141,0,0.5000000000003425
6117,0.7872072921577877,0.9,0.5906236919213059,0.017037086854871486,0.6294095225490423
6118,0.7988370265597999,0.9,0.6135063485419282,0.066987298,0.7499999999957259
6119,0.8101524438158108,0.9,0.6052741732942654,0.14644660940651533,0.8535533905930628
6120,0.8068521137828077,0.9,0.5614622575694154,0.24999999999745626,0.9330127018907507
6121,0.8103096023888106,0.75,0.4915585321612948,0.3705904774433535,0.9829629131430909
6122,0.8103096023888106,0.4,0.4326775498814009,0.49999999999906086,1
6123,0.8090523338048095,0.75,0.39723733779824194,0.6294095225478042,0.9829629131454602
6124,0.8082665409398087,0.01,0.35621598995395565,0.7499999999946159,0.9330127018953278
6125,0.7914505736287913,0.9,0.2733361239012139,0.8535533905921566,0.8535533905943911
6126,0.7820210592487817,0.01,0.14929538161015765,0.9330127018901099,0.7500000000036537
6127,0.7777777777777781,0.01,0.076042975,0.9829629131446423,0.6294095225508565
6128,0.7685054219707692,0.9,0.04171899,1,0.5000000000022208
6129,0.7633191890617632,0.9,0.027208037,0.982962913,0.37059047745343376
6130,0.7546754675467553,0.9,0.028882378,0.9330127018923307,0.2500000000001929
6131,0.749646393,0.9,0.1070182782196177,0.8535533905952972,0.1464466094087497
6132,0.7485462831997487,0.01,0.3790986465745779,0.7500000000047636,0.066987298
6133,0.7421027817067425,0.9,0.7685223943072415,0.6294095225520945,0.017037086855689332
6134,0.7421027817067425,0.9,0.8308915864378401,0.5000000000035025,0
6135,0.7515322960867512,0.2,0.781777592,0.3705904774546718,0.017037086853876338
6136,0.7820210592487817,0.4,0.6492256174131436,0.25000000000130285,0.066987298
6137,0.816595945,0.75,0.5742988698200083,0.14644660940965598,0.14644660940379645
6138,0.838912463,0.4,0.6142039905120692,0.066987298,0.25000000000042755
6139,0.8717586044318719,0.4,0.6651318543323566,0.017037086856021066,0.3705904774466675
6140,0.8899889988998901,0.75,0.6599693037533138,0,0.4999999999952158
6141,0.8804023259468807,0.01,0.6821543184037951,0.017037086855427763,0.6294095225511183
6142,0.8528995756718536,0.9,0.7219199107018278,0.066987298,0.7499999999975872
6143,0.8060663209178061,0.75,0.8112180828798661,0.14644660940289017,0.8535533905894377
6144,0.8074807480748079,0.75,0.7748011720385098,0.2499999999993176,0.9330127018918253
6145,0.8046518937608043,0.75,0.5900655783451932,0.3705904774454295,0.9829629131436473
6146,0.8154958352978157,0.9,0.4106320636249477,0.4999999999939342,1
6147,0.8261826182618264,0.75,0.34812334310032095,0.6294095225498803,0.9829629131449039
6148,0.8173817381738178,0.75,0.3220315334170504,0.7499999999964773,0.9330127018942531
6149,0.7956938550997958,0.4,0.2589646993163109,0.8535533905936763,0.8535533905928712
6150,0.7850070721357851,0.75,0.15864378401004603,0.9330127018911845,0.7500000000017923
6151,0.7780920949237777,0.01,0.088879587,0.9829629131433155,0.6294095225558085
6152,0.772591545,0.01,0.043253802148737266,1,0.5000000000000715
6153,0.764104982,0.01,0.025115110925073254,0.9829629131452357,0.37059047745135776
6154,0.7674053119597679,0.01,0.027487094,0.933012702,0.25000000000463274
6155,0.7652050919377653,0.01,0.10743686340170225,0.8535533905937776,0.14644660940722992
6156,0.7674053119597679,0.01,0.4042137574996512,0.7500000000029023,0.066987298
6157,0.7674053119597679,0.01,0.7934979768382866,0.6294095225570465,0.017037087
6158,0.7705484834197711,0.75,0.8551695269987443,0.5000000000013533,0
6159,0.7861071821467864,0.4,0.8011720385098368,0.37059047745259577,0.017037086854432615
6160,0.8060663209178061,0.01,0.6818752616157387,0.2499999999994415,0.066987298
6161,0.8269684111268272,0.01,0.592158504,0.14644660940813625,0.14644660940531623
6162,0.8448844884488449,0.75,0.6426677828938189,0.066987298,0.2499999999959877
6163,0.8574571742888577,0.4,0.6726663876098786,0.017037087,0.3705904774487435
6164,0.865786579,0.75,0.6806195060694851,0,0.4999999999973651
6165,0.8857457174288856,0.9,0.6796428073112878,0.017037087,0.6294095225461662
6166,0.9014615747289016,0.75,0.759871634,0.066987298,0.7499999999994486
6167,0.9140342605689145,0.9,0.8579600948793079,0.14644660940440996,0.8535533905909575
6168,0.9338362407669343,0.75,0.8222408260080927,0.24999999999487776,0.933012702
6169,0.9402797422599414,0.75,0.6262034323984931,0.3705904774475055,0.9829629131442035
6170,0.9434229137199437,0.75,0.44760708804241667,0.49999999999608347,1
6171,0.9391796322489392,0.75,0.4187247104785824,0.6294095225449283,0.9829629131462309
6172,0.9214207134999213,0.4,0.3977954513743547,0.7499999999983386,0.9330127018931785
6173,0.9066478076379068,0.01,0.37561043672387334,0.8535533905900512,0.8535533905964963
6174,0.8931321703598942,0.01,0.16952699874424446,0.9330127018922592,0.75
6175,0.8846456074178852,0.9,0.082461281,0.9829629131438717,0.6294095225537325
6176,0.82052491,0.75,0.041160876,1,0.5000000000051982
6177,0.7600188590287602,0.9,0.027487094,0.9829629131446793,0.3705904774492817
6178,0.7600188590287602,0.4,0.035719269,0.9330127018938195,0.2500000000027714
6179,0.7537325161087547,0.2,0.1033905399748849,0.8535533905974027,0.14644660941085508
6180,0.7527895646707532,0.01,0.38747035,0.75,0.066987298
6181,0.7600188590287602,0.9,0.8046602483605414,0.6294095225549705,0.017037086856459993
6182,0.7631620304887634,0.75,0.7569415376029022,0.5000000000064799,0
6183,0.7757347163287762,0.75,0.7696386214594669,0.3705904774505197,0.017037086854988892
6184,0.7944365865157947,0.4,0.6846658294963025,0.25000000000388134,0.066987298
6185,0.8224108125098231,0.01,0.6197851262731966,0.14644660940661647,0.14644660940683601
6186,0.8417413169888417,0.75,0.663178457,0.066987298,0.24999999999784905
6187,0.8555712714128556,0.75,0.6813171480396261,0.017037086856791672,0.37059047744379153
6188,0.8626434071978628,0.01,0.6633179852099902,0,0.4999999999995144
6189,0.868458274,0.4,0.7037812194781637,0.017037086854657157,0.6294095225482423
6190,0.8837026559798837,0.01,0.7768940979489326,0.066987298,0.7499999999950087
6191,0.8969039761118967,0.4,0.9041439933026371,0.14644660940592968,0.8535533905924773
6192,0.899889989,0.4,0.8290777173154736,0.24999999999673905,0.9330127018903367
6193,0.902561685,0.4,0.6532719408399609,0.3705904774425535,0.9829629131428765
6194,0.8994185132798997,0.4,0.47746616436444816,0.4999999999982327,1
6195,0.8899889988998901,0.4,0.4152365006278778,0.6294095225470043,0.9829629131456745
6196,0.8711299701398709,0.4,0.365564392,0.7500000000001998,0.933012702
6197,0.8332547540468336,0.4,0.3418445653690526,0.853553391,0.8535533905949766
6198,0.7997799779977997,0.01,0.3117064322589647,0.9330127018896959,0.75
6199,0.7785635706427789,0.01,0.11511092507325242,0.982962913,0.6294095225516565
6200,0.779820839,0.01,0.062787777,1,0.5
6201,0.7600188590287602,0.01,0.031114832,0.9829629131460063,0.3705904774542337
6202,0.7505893446487506,0.01,0.03739361,0.9330127018927448,0.25000000000091005
6203,0.7449316360207452,0.01,0.10590205106739221,0.8535533905958828,0.1464466094093353
6204,0.7474461731887474,0.01,0.3968187526161574,0.7500000000054808,0.066987298
6205,0.7378595,0.01,0.8068927026649922,0.6294095225528944,0.017037086855903716
6206,0.7620619204777621,0.01,0.8420538579600948,0.5000000000043306,0
6207,0.7892503536067896,0.05,0.8137295939723733,0.37059047744844364,0.017037087
6208,0.8092094923778093,0.01,0.6920608343797963,0.25000000000202005,0.066987298
6209,0.8312116925978308,0.05,0.6562020371145528,0.14644660941024162,0.14644660940321086
6210,0.8532138928178532,0.05,0.7082461280870657,0.066987298,0.2499999999997104
6211,0.8648436272198654,0.4,0.6740616715501604,0.017037087,0.37059047744586754
6212,0.881502436,0.4,0.6725268592158504,0,0.4999999999943877
6213,0.89203206,0.01,0.6987581972931491,0.017037086855213435,0.6294095225503183
6214,0.9035046361779036,0.75,0.7937770336263429,0.066987298,0.7499999999968701
6215,0.9119911991199126,0.75,0.8547509418166597,0.14644660940230458,0.8535533905888522
6216,0.9182775420399181,0.01,0.7996372261755267,0.2499999999986004,0.9330127018914113
6217,0.9193776520509194,0.4,0.6179712571508301,0.3705904774446296,0.9829629131434329
6218,0.9182775420399181,0.01,0.4783033347286173,0.5,1
6219,0.9057048561999061,0.2,0.46407143853774246,0.6294095225490803,0.9829629131451183
6220,0.8837026559798837,0.01,0.446351332,0.7499999999957601,0.9330127018946672
6221,0.832311803,0.01,0.3609599553509139,0.8535533905930908,0.8535533905934568
6222,0.7890931950337898,0.01,0.19799079112599413,0.9330127018907705,0.7500000000025095
6223,0.7538896746817545,0.01,0.10841356215989954,0.9829629131431011,0.6294095225566084
6224,0.7516894546597528,0.01,0.059578624,1,0.5000000000008997
6225,0.7505893446487506,0.01,0.041579461,0.982962913,0.3705904774521577
6226,0.7432028917177438,0.01,0.040602763,0.933012702,0.2500000000053499
6227,0.7295300958667297,0.01,0.10827403376587136,0.8535533905943631,0.14644660940781556
6228,0.7347163287757348,0.01,0.36737826147621044,0.7500000000036195,0.066987298
6229,0.7505893446487506,0.4,0.6695967629412585,0.6294095225508184,0.017037087
6230,0.7694483734087698,0.4,0.8486116924794196,0.5000000000021814,0
6231,0.7799779977997798,0.75,0.7308497279196317,0.3705904774533957,0.017037086854218286
6232,0.7997799779977997,0.75,0.6606669457234547,0.2500000000001587,0.066987298
6233,0.8154958352978157,0.75,0.6209013534254221,0.14644660940872178,0.14644660940473064
6234,0.8280685211378285,0.75,0.6640156271801311,0.066987298,0.24999999999527056
6235,0.8492849284928501,0.01,0.7007115948095437,0.017037086855679173,0.3705904774479436
6236,0.8813452773848822,0.75,0.6959676294125854,0,0.5
6237,0.907747918,0.75,0.7177340588809823,0.017037087,0.6294095225453663
6238,0.9171774320289177,0.4,0.6486675038370308,0.066987298,0.7499999999987313
6239,0.8992613547068999,0.9,0.7884749546532719,0.14644660940382437,0.8535533905903718
6240,0.895961025,0.75,0.7189898144272359,0.25000000000046174,0.9330127018924859
6241,0.8772591544868775,0.9,0.6287149434910004,0.3705904774467056,0.9829629131439892
6242,0.8635863586358634,0.9,0.49490721361797124,0.4999999999952553,1
6243,0.8437843784378436,0.9,0.46769917678247525,0.6294095225511563,0.9829629131445621
6244,0.8312116925978308,0.75,0.43937491279475377,0.7499999999976213,0.9330127018935926
6245,0.81062392,0.01,0.21975722059439096,0.8535533905894657,0.8535533905970819
6246,0.7938079522237937,0.01,0.037812195,0.933012702,0.7500000000006483
6247,0.7839069621247838,0.01,0.028603321,0.9829629131436575,0.6294095225545324
6248,0.7653622505107651,0.01,0.038370308,1,0.5000000000060264
6249,0.7505893446487506,0.01,0.07729873,0.9829629131448938,0.3705904774500816
6250,0.7309445230237306,0.01,0.05302079,0.9330127018942335,0.25000000000348865
6251,0.7087851642307093,0.01,0.058322869,0.8535533905928433,0.14644660940629578
6252,0.6993556498506996,0.01,0.12278498674480258,0.7500000000017581,0.066987298
6253,0.6976269055476974,0.01,0.20859494907213616,0.6294095225557704,0.017037087
6254,0.7285871444287291,0.05,0.26552253383563557,0.5000000000000321,0
6255,0.7696055319817705,0.01,0.3724012836612251,0.3705904774513196,0.017037086854774564
6256,0.8027659908848039,0.75,0.4681177619645598,0.25000000000459854,0.066987298
6257,0.8374980355178381,0.75,0.5656481093902609,0.14644660940720206,0.14644660940625037
6258,0.8491277699198494,0.01,0.603460304,0.066987298,0.24999999999713185
6259,0.868458274,0.75,0.6294125854611413,0.017037086857006056,0.3705904774429916
6260,0.884174132,0.75,0.5992744523510534,0,0.4999999999986862
6261,0.8888888888888888,0.4,0.6061113436584344,0.017037087,0.6294095225474423
6262,0.8950180732358946,0.75,0.6143435189060974,0.066987298,0.7500000000005926
6263,0.9046047461889049,0.75,0.6155992744523511,0.14644660940534415,0.8535533905918917
6264,0.8846456074178852,0.9,0.6010883214734198,0.2499999999960219,0.9330127018899226
6265,0.8617004557598622,0.9,0.5716478303334729,0.37059047744878165,0.9829629131445454
6266,0.8206820682068208,0.9,0.48848890749267476,0.4999999999974046,1
6267,0.7705484834197711,0.9,0.4107715920189759,0.6294095225462044,0.9829629131458889
6268,0.7575043218607571,0.75,0.49365145807171756,0.7499999999994826,0.9330127018925181
6269,0.7367593902247367,0.9,0.4132831031114832,0.8535533905909853,0.8535533905955621
6270,0.7348734873487346,0.9,0.27668480535789036,0.9330127018892818,0.7500000000050882
6271,0.7358164387867361,0.75,0.17775917399190735,0.9829629131442137,0.6294095225524564
6272,0.7303158887317305,0.4,0.16464350495325797,1,0.5000000000038771
6273,0.7230865943737235,0.9,0.089437701,0.9829629131462206,0.37059047745503365
6274,0.7223008015087227,0.9,0.038649365,0.9330127018931589,0.25000000000162725
6275,0.7169574100267169,0.4,0.059857681,0.8535533905964685,0.14644660940992094
6276,0.7128712871287131,0.4,0.074508162,0.7499999999998969,0.066987298
6277,0.7139713971397144,0.75,0.1445514162131994,0.6294095225536944,0.017037086856118044
6278,0.7108282256797112,0.01,0.1681317148039626,0.5000000000051588,0
6279,0.7232437529467242,0.75,0.24487233151946422,0.3705904774492436,0.017037087
6280,0.7378595,0.75,0.36598297753592857,0.25000000000273725,0.066987298
6281,0.7546754675467553,0.75,0.5020231617134087,0.14644660941082716,0.14644660940262527
6282,0.7600188590287602,0.75,0.6045765313241245,0.066987298,0.24999999999899314
6283,0.7741631305987737,0.75,0.6687595925770894,0.017037087,0.3705904774450676
6284,0.7894075121797894,0.75,0.6319240965536487,0,0.49999999999355954
6285,0.7966368065377964,0.75,0.6095995535091391,0.017037086854999106,0.6294095225495184
6286,0.8029231494578037,0.75,0.5945304869540952,0.066987298,0.7499999999961529
6287,0.7986798679867984,0.75,0.6077856843867727,0.14644660940686388,0.8535533905934114
6288,0.8030803080308035,0.4,0.5667643365424864,0.24999999999788325,0.9330127018909973
6289,0.8077950652208084,0.4,0.5263011022743128,0.37059047744382967,0.9829629131432185
6290,0.8051233694798055,0.01,0.506069485,0.49999999999955386,1
6291,0.7956938550997958,0.4,0.4630947397795452,0.6294095225482804,0.9829629131453326
6292,0.7799779977997798,0.4,0.36863401702246407,0.7499999999950429,0.9330127018950813
6293,0.756875688,0.01,0.3154736988977257,0.8535533905925051,0.8535533905940424
6294,0.7432028917177438,0.01,0.24738384261197152,0.9330127018903563,0.7500000000032268
6295,0.7433286185761436,0.68,0.09557695,0.9829629131428868,0.6294095225574083
6296,0.7133427628477134,0.75,0.049253523,1,0.5000000000017278
6297,0.7254439729687259,0.9,0.034184457,0.9829629131456643,0.3705904774529576
6298,0.7243438629577246,0.4,0.032091530626482484,0.9330127018920842,0.24999999999976596
6299,0.7212006914977214,0.01,0.10673922143156132,0.8535533905949487,0.14644660940840115
6300,0.7128712871287131,0.01,0.3915166736430864,0.7500000000043368,0.066987298
6301,0.7034417727487035,0.4,0.7821961769220036,0.6294095225516183,0.017037086855561767
6302,0.7086280056577094,0.01,0.7643365424863959,0.5000000000030095,0
6303,0.7265440829797272,0.4,0.7276405748569834,0.3705904774541956,0.017037086854003958
6304,0.7422599402797423,0.4,0.6352727780103251,0.25000000000087597,0.066987298
6305,0.7538896746817545,0.75,0.5655085809962327,0.14644660940930743,0.14644660940414506
6306,0.7663052019487666,0.75,0.6189479559090274,0.066987298,0.2499999999945533
6307,0.7776206192047783,0.75,0.6588530766010883,0.017037086855893502,0.3705904774471437
6308,0.7865786578657867,0.75,0.6627598716338775,0,0.4999999999957088
6309,0.7966368065377964,0.75,0.6718292172457094,0.017037086855555383,0.6294095225515944
6310,0.7977369165487977,0.75,0.7466164364448165,0.066987298,0.7499999999980141
6311,0.8055948451988058,0.4,0.8632621738523789,0.14644660940323878,0.8535533905897863
6312,0.8110953952538114,0.75,0.7738244732803126,0.24999999999974454,0.9330127018920717
6313,0.8112525538268112,0.4,0.5805776475512766,0.3705904774459057,0.9829629131437747
6314,0.8079522237938082,0.4,0.44690944607227573,0.4999999999944271,1
6315,0.8055948451988058,0.01,0.3778428910283243,0.6294095225503564,0.9829629131447764
6316,0.7831211692597839,0.2,0.35635551834798385,0.7499999999969041,0.9330127018940066
6317,0.7505893446487506,0.05,0.3031952002232455,0.853553391,0.8535533905976675
6318,0.723400912,0.01,0.14859773964001674,0.9330127018914309,0.7500000000013654
6319,0.7012415527267017,0.01,0.084414678,0.9829629131434431,0.6294095225553323
6320,0.6933836240766937,0.4,0.045207199665131856,1,0.49999999999957856
6321,0.697784064,0.01,0.028603321,0.9829629131451081,0.3705904774508816
6322,0.7090994813767089,0.4,0.032510116,0.9330127018946475,0.25000000000420575
6323,0.7146000314317154,0.4,0.099483745,0.8535533905934289,0.14644660940688137
6324,0.7123998114097128,0.9,0.3876098786102972,0.7500000000024754,0.066987298
6325,0.7123998114097128,0.9,0.7456397376866192,0.6294095225565703,0.017037087
6326,0.7024988213107028,0.9,0.7746616436444816,0.5000000000008602,0
6327,0.7012415527267017,0.75,0.824054695,0.37059047745211954,0.017037086854560235
6328,0.7212006914977214,0.4,0.6864796986186689,0.25000000000531575,0.066987298
6329,0.746346063,0.4,0.6015069066555043,0.14644660940778764,0.14644660940566484
6330,0.7674053119597679,0.01,0.6398772150132551,0.066987298,0.24999999999641465
6331,0.7920792079207923,0.01,0.6596902469652574,0.017037086855337225,0.3705904774492197
6332,0.8044947351878045,0.4,0.6608064741174828,0,0.4999999999978581
6333,0.8156529938708164,0.4,0.6887121529231198,0.017037087,0.6294095225466424
6334,0.8291686311488289,0.4,0.7601506906655504,0.066987298,0.7499999999998754
6335,0.8335690711928341,0.4,0.8765173712850565,0.1464466094047585,0.853553391
6336,0.8324689611818328,0.4,0.8522394307241523,0.2499999999953047,0.9330127018895085
6337,0.8326261197548326,0.4,0.6414120273475652,0.3705904774479817,0.982962913
6338,0.8291686311488289,0.75,0.4534672805916004,0.4999999999965764,1
6339,0.8213107024988209,0.9,0.3849588391237617,0.6294095225454044,0.9829629131461033
6340,0.8057520037718064,0.01,0.36640156271801316,0.7499999999987654,0.9330127018929321
6341,0.7619047619047623,0.05,0.2744523510534394,0.8535533905903998,0.8535533905961478
6342,0.7158573000157165,0.01,0.1636668061950607,0.9330127018925056,0.7499999999995041
6343,0.6957410026716961,0.01,0.086228548,0.9829629131439994,0.6294095225532563
6344,0.683325475,0.01,0.047021069,1,0.5000000000047052
6345,0.6773534496306781,0.01,0.033765871,0.9829629131445519,0.3705904774488055
6346,0.663052019,0.01,0.03739361,0.9330127018935729,0.25000000000234446
6347,0.655194091,0.01,0.11190177201060415,0.853553391,0.14644660941050647
6348,0.6647807637906653,0.01,0.40435328589367936,0.7500000000006141,0.066987298
6349,0.6698098381266697,0.01,0.8060555323008232,0.6294095225544943,0.017037086856332373
6350,0.6877259154486874,0.01,0.9021905957862425,0.5000000000059869,0
6351,0.7303158887317305,0.4,0.8279614901632482,0.37059047745004353,0.017037086855116457
6352,0.7595473833097599,0.01,0.6800613924933724,0.25000000000345446,0.066987298
6353,0.7917648907747918,0.75,0.6051346449002372,0.14644660940626786,0.14644660940718462
6354,0.8112525538268112,0.4,0.6550858099623273,0.066987298,0.25
6355,0.832311803,0.01,0.6718292172457094,0.017037086856664108,0.3705904774442677
6356,0.8385038503850395,0.8,0.6764336542486395,0,0.5000000000000073
6357,0.8385038503850395,0.8,0.6818752616157387,0.017037086854784778,0.6294095225487185
6358,0.8774163130598782,0.2,0.7821961769220036,0.066987298,0.7499999999954357
6359,0.8846456074178852,0.05,0.9017720106041579,0.1464466094062783,0.8535533905928259
6360,0.8871601445858874,0.05,0.9153062648248919,0.25,0.9330127018905832
6361,0.8862171931478859,0.01,0.7170364169108413,0.3705904774430297,0.9829629131430042
6362,0.8816595945308818,0.01,0.4672805916003907,0.4999999999987257,1
6363,0.8675153229608674,0.4,0.42402678945165345,0.6294095225474805,0.982962913
6364,0.8448844884488449,0.75,0.3737965676015069,0.7499999999943257,0.9330127018954955
6365,0.8302687411598311,0.01,0.2851960373936096,0.8535533905919195,0.853553391
6366,0.8197391167688202,0.01,0.17985209990233011,0.9330127018899423,0.75
6367,0.8103096023888106,0.01,0.10199525603460305,0.9829629131445556,0.6294095225511802
6368,0.8040232594688042,0.75,0.055950886,1,0.5
6369,0.7997799779977997,0.01,0.031114832,0.9829629131458787,0.3705904774537575
6370,0.7945937450887945,0.01,0.042416632,0.9330127018924983,0.25000000000048317
6371,0.7779349363507779,0.01,0.10939026091809682,0.8535533905955343,0.14644660940898674
6372,0.7692912148357691,0.01,0.3860750662759872,0.75,0.066987298
6373,0.7683482633977685,0.4,0.7634993721222268,0.6294095225524182,0.017037086855776096
6374,0.7741631305987737,0.9,0.8239151667364308,0.5000000000038377,0
6375,0.7790350463617792,0.9,0.8275429049811637,0.3705904774549955,0.017037086853789574
6376,0.788307402,0.75,0.6659690246965257,0.2500000000015931,0.066987298
6377,0.791607732,0.75,0.6044370029300963,0.146446609,0.14644660940355947
6378,0.7752632406097759,0.9,0.6342960792521278,0.066987298,0.2500000000001373
6379,0.7653622505107651,0.9,0.6651318543323566,0.017037087,0.37059047744634377
6380,0.7702341662737706,0.9,0.6585740198130319,0,0.49999999999488065
6381,0.7762061920477765,0.9,0.6990372540812055,0.017037086855341055,0.6294095225507945
6382,0.7732201791607731,0.9,0.7728477745221152,0.066987298,0.7499999999972969
6383,0.7790350463617792,0.9,0.8487512208734477,0.1464466094026532,0.8535533905892008
6384,0.7809209492377813,0.75,0.8265662062229664,0.24999999999902733,0.9330127018916577
6385,0.7901933050447911,0.75,0.6210408818194503,0.37059047744510576,0.9829629131435604
6386,0.7988370265597999,0.75,0.4868145667643366,0.5,1
6387,0.8019801980198022,0.01,0.4370029300962746,0.6294095225495565,0.9829629131449906
6388,0.787678768,0.01,0.4262592437561044,0.75,0.9330127018944208
6389,0.7694483734087698,0.01,0.38105204409097254,0.8535533905934394,0.8535533905931083
6390,0.7485462831997487,0.01,0.1936654109111204,0.9330127018910169,0.7500000000020827
6391,0.733930536,0.01,0.1287847076880145,0.9829629131432287,0.6294095225561323
6392,0.7249724972497247,0.01,0.075763918,1,0.5000000000004067
6393,0.714285714,0.01,0.062508721,0.9829629131453224,0.3705904774516815
6394,0.7015558698727014,0.01,0.07297335,0.9330127018950616,0.25
6395,0.6951123683796951,0.01,0.12697083856564811,0.8535533905940145,0.14644660940746695
6396,0.6867829640106868,0.01,0.3997488488907493,0.7500000000031926,0.066987298
6397,0.6817538896746815,0.01,0.7494070043253802,0.6294095225573703,0.017037087
6398,0.6974697469746975,0.01,0.9027487093623552,0.5000000000016884,0
6399,0.7265440829797272,0.05,0.7752197572205943,0.3705904774529195,0.017037087
6400,0.739116769,0.01,0.6868982838007535,0.24999999999973177,0.066987298
6401,0.7537325161087547,0.4,0.666248081,0.14644660940837328,0.1464466094050792
6402,0.7663052019487666,0.75,0.7330821822240826,0.066987298,0.24999999999569744
6403,0.7652050919377653,0.75,0.747035022,0.017037086855551553,0.3705904774484198
6404,0.7898789878987897,0.75,0.7139667922422213,0,0.49999999999702993
6405,0.7953795379537953,0.9,0.7230361378540533,0.017037086854014116,0.6294095225458425
6406,0.8040232594688042,0.75,0.7664294683968187,0.066987298,0.7499999999991582
6407,0.8073235895018072,0.9,0.8029859076322031,0.14644660940417298,0.8535533905907204
6408,0.7905076221907907,0.75,0.7191293428212641,0.2499999999945875,0.9330127018890944
6409,0.7865786578657867,0.75,0.6181107855448583,0.37059047744718177,0.9829629131441167
6410,0.7820210592487817,0.9,0.5223943072415236,0.4999999999957483,1
6411,0.7747917648907747,0.75,0.4643504953257988,0.6294095225516325,0.9829629131444344
6412,0.7527895646707532,0.9,0.5653690526022045,0.7499999999980483,0.9330127018933461
6413,0.7388024516737386,0.01,0.47355936933165904,0.8535533905898143,0.8535533905967333
6414,0.7370737073707381,0.4,0.3322171061811079,0.9330127018920915,0.7500000000002214
6415,0.7202577400597208,0.75,0.19296776894097947,0.9829629131437849,0.6294095225540562
6416,0.7045418827597056,0.01,0.10576252267336403,1,0.5000000000055335
6417,0.6897689768976893,0.01,0.073112878,0.9829629131447661,0.3705904774496055
6418,0.6804966210906804,0.4,0.048555881121808295,0.933012702,0.25000000000306166
6419,0.6691812038346696,0.4,0.060136738,0.8535533905976396,0.1464466094110921
6420,0.6544082979726542,0.01,0.12962187805218361,0.7500000000013313,0.066987298
6421,0.6520509193776527,0.4,0.20761825031393888,0.6294095225552943,0.017037087
6422,0.6605374823196608,0.75,0.3057067113157528,0.49999999999953915,0
6423,0.6688668866886691,0.01,0.4224919771173434,0.37059047745084345,0.017037086854902128
6424,0.6960553198176966,0.2,0.49476768522394304,0.25000000000417166,0.066987298
6425,0.7139713971397144,0.01,0.5389981861308776,0.14644660940685345,0.14644660940659898
6426,0.7328304258997327,0.75,0.5699734896051346,0.066987298,0.24999999999755879
6427,0.741788465,0.75,0.6331798520999024,0.017037086856878436,0.37059047744346774
6428,0.7450887945937459,0.4,0.6210408818194503,0,0.4999999999991792
6429,0.7265440829797272,0.75,0.6204827682433375,0.017037086854570394,0.6294095225479186
6430,0.7224579600817234,0.9,0.6222966373657038,0.066987298,0.7499999999947184
6431,0.6984126984126982,0.4,0.5922980326496442,0.1464466094056927,0.8535533905922402
6432,0.7326732673267329,0.75,0.5851820845542067,0.24999999999644879,0.933012702
6433,0.741788465,0.9,0.5473698897725687,0.3705904774492578,0.982962913
6434,0.7380166588087387,0.75,0.4670015348123343,0.4999999999978975,1
6435,0.7317303158887323,0.75,0.42932886842472445,0.6294095225466806,0.9829629131457613
6436,0.7119283356907125,0.4,0.44774661643644487,0.7499999999999096,0.9330127018922716
6437,0.6982555398396983,0.4,0.462955211,0.853553391,0.8535533905952135
6438,0.6837969511236834,0.01,0.31603181247383844,0.9330127018895282,0.7500000000046612
6439,0.6731101681596736,0.01,0.2285475094181666,0.9829629131443413,0.6294095225519802
6440,0.6740531195976742,0.4,0.12585461141342263,1,0.5000000000033842
6441,0.6753103881816762,0.75,0.084554207,0.9829629131460931,0.3705904774545574
6442,0.670909948,0.01,0.048137296,0.9330127018929124,0.2500000000012004
6443,0.6646236052176646,0.9,0.046323426817357335,0.8535533905961199,0.14644660940957233
6444,0.6657237152286659,0.9,0.080089298,0.75,0.066987298
6445,0.663680654,0.9,0.14762104088181943,0.6294095225532182,0.017037087
6446,0.663680654,0.9,0.21138551695269986,0.5000000000046658,0
6447,0.6663523495206669,0.9,0.3029161434351891,0.37059047744876744,0.017037086855458405
6448,0.6690240452616689,0.9,0.4572345472303614,0.2500000000023103,0.066987298
6449,0.6751532296086755,0.9,0.567182922,0.1464466094104786,0.14644660940297388
6450,0.6836397925506836,0.9,0.5306264824891865,0.066987298,0.24999999999942013
6451,0.7032846141757036,0.9,0.5978791684107716,0.017037087,0.3705904774455438
6452,0.7243438629577246,0.75,0.595228129,0,0.49999999999405254
6453,0.7443030017287442,0.75,0.6001116227152226,0.017037087,0.6294095225499946
6454,0.7663052019487666,0.4,0.6075066275987163,0.066987298,0.7499999999965797
6455,0.7714914348577717,0.4,0.5572764057485698,0.1464466094020676,0.8535533905886151
6456,0.7711771177117712,0.75,0.5296497837309893,0.24999999999831013,0.9330127018912437
6457,0.7746346063177749,0.4,0.4967210827403377,0.3705904774443058,0.9829629131433462
6458,0.7644192990727645,0.4,0.44188642388726107,0.5000000000000469,1
6459,0.7600188590287602,0.4,0.5184875122087345,0.6294095225487566,0.9829629131452051
6460,0.7433600502907436,0.9,0.3724012836612251,0.7499999999954697,0.9330127018948349
6461,0.7150715071507148,0.4,0.2691502720803684,0.8535533905928537,0.8535533905936938
6462,0.6867829640106868,0.4,0.15934142598018697,0.9330127018906029,0.7500000000027998
6463,0.6661951909476662,0.01,0.089158644,0.9829629131430144,0.6294095225569322
6464,0.6456074178846465,0.75,0.046323426817357335,1,0.5000000000012349
6465,0.6368065377966379,0.01,0.030277662,0.9829629131455367,0.3705904774524814
6466,0.6250196448216259,0.01,0.032789173,0.9330127018954757,0.25000000000564016
6467,0.6196762533396201,0.01,0.10185572764057486,0.8535533905946001,0.14644660940805254
6468,0.6072607260726071,0.01,0.3763080786940143,0.7500000000039098,0.066987298
6469,0.6061606160616058,0.01,0.7420119994418864,0.6294095225511421,0.017037086855434203
6470,0.6165330818796169,0.01,0.8530766010883214,0.5000000000025165,0
6471,0.6514222850856517,0.05,0.7672666387609879,0.3705904774537194,0.017037086854131522
6472,0.6877259154486874,0.05,0.6062508720524626,0.25,0.066987298
6473,0.7112997013987115,0.01,0.5546253662620343,0.14644660940895887,0.1464466094044936
6474,0.7348734873487346,0.4,0.6114134226315054,0.066987298,0.24999999999498024
6475,0.7526324060977525,0.75,0.641970141,0.017037087,0.37059047744761986
6476,0.7606474933207612,0.4,0.6451792939863262,0,0.49999999999620176
6477,0.7751060820367752,0.75,0.6486675038370308,0.017037086853799788,0.6294095225450426
6478,0.7862643407197871,0.4,0.7435468117761964,0.066987298,0.75
6479,0.7925506836397926,0.4,0.8569833961211106,0.14644660940358734,0.8535533905901349
6480,0.7945937450887945,0.4,0.8027068508441467,0.2500000000001714,0.9330127018923183
6481,0.7878359264497878,0.75,0.5681596204827682,0.37059047744638185,0.9829629131439024
6482,0.7887788778877884,0.4,0.43100320915306267,0.4999999999949201,1
6483,0.7872072921577877,0.2,0.37993581693874706,0.6294095225508326,0.9829629131446488
6484,0.7644192990727645,0.2,0.3357053160318125,0.7499999999973311,0.9330127018937602
6485,0.7153858242967162,0.01,0.23789591181805494,0.8535533905892286,0.8535533905973189
6486,0.6732673267326734,0.01,0.1479000976698758,0.9330127018916774,0.7500000000009386
6487,0.6584944208706589,0.01,0.078554486,0.9829629131435706,0.6294095225548562
6488,0.6470218450416474,0.01,0.044090972512906376,1,0.5000000000063616
6489,0.6435643564356437,0.01,0.031672945,0.9829629131449804,0.3705904774504054
6490,0.6377494892346385,0.01,0.030835775,0.933012702,0.25000000000377887
6491,0.6269055476976271,0.01,0.10283242639877216,0.8535533905930803,0.1464466094065328
6492,0.6190476190476191,0.01,0.3901213897028045,0.7500000000020485,0.066987298
6493,0.603960396,0.01,0.7803823077996372,0.6294095225560942,0.017037086856761086
6494,0.6342920006286348,0.05,0.8802846379238175,0.5000000000003673,0
6495,0.6781392424956789,0.01,0.801451095,0.3705904774516434,0.017037087
6496,0.7369165487977365,0.05,0.6571787358727501,0.2500000000048888,0.066987298
6497,0.7755775577557764,0.05,0.5860192549183758,0.1464466094074391,0.1464466094060134
6498,0.7966368065377964,0.4,0.6161573880284638,0.066987298,0.24999999999684158
6499,0.8114097123998119,0.4,0.64727222,0.017037086857092765,0.3705904774426678
6500,0.8202105924878205,0.01,0.6387609878610296,0,0.49999999999835104
6501,0.8312116925978308,0.01,0.6862006418306125,0.017037086854356065,0.6294095225471186
6502,0.8335690711928341,0.75,0.7512208734477466,0.066987298,0.7500000000003024
6503,0.8409555241238409,0.01,0.875401144,0.14644660940510712,0.8535533905916546
6504,0.8392267798208395,0.01,0.8239151667364308,0.24999999999573164,0.9330127018897549
6505,0.846770391,0.4,0.6052741732942654,0.37059047744845786,0.9829629131444586
6506,0.8390696212478388,0.4,0.44774661643644487,0.4999999999970694,1
6507,0.8313688511708324,0.01,0.3979349797683829,0.6294095225458806,0.9829629131459756
6508,0.8055948451988058,0.01,0.4107715920189759,0.7499999999991924,0.9330127018926856
6509,0.7820210592487817,0.75,0.2663597041998047,0.8535533905907484,0.8535533905957992
6510,0.7851642307087858,0.01,0.13952839402818473,0.9330127018891141,0.7500000000053784
6511,0.7820210592487817,0.01,0.070043254,0.9829629131441269,0.6294095225527802
6512,0.7714914348577717,0.01,0.038509837,1,0.5000000000042123
6513,0.7578186390067585,0.01,0.024556997348960514,0.9829629131444242,0.3705904774483294
6514,0.756875688,0.01,0.026789451653411466,0.9330127018933264,0.2500000000019176
6515,0.7537325161087547,0.9,0.10590205106739221,0.8535533905967054,0.1464466094101579
6516,0.7369165487977365,0.9,0.36751778987023864,0.7500000000001872,0.066987298
6517,0.7380166588087387,0.9,0.7192688712152923,0.6294095225540182,0.017037087
6518,0.7359735973597368,0.9,0.7265243477047579,0.5000000000054939,0
6519,0.7411598302687419,0.9,0.7101995256034602,0.37059047744956736,0.017037086855244077
6520,0.7494892346377493,0.9,0.6721082740337658,0.25000000000302747,0.066987298
6521,0.7600188590287602,0.9,0.57862425,0.1464466094110642,0.1464466094023883
6522,0.7663052019487666,0.9,0.6289940002790567,0.066987298,0.24999999999870287
6523,0.7757347163287762,0.9,0.6666666666666666,0.017037086856536487,0.3705904774447439
6524,0.787678768,0.75,0.6524347704757918,0,0.5000000000005004
6525,0.8302687411598311,0.75,0.6928980047439653,0.017037086854912342,0.6294095225491947
6526,0.858557284,0.9,0.7718710757639179,0.066987298,0.7499999999958625
6527,0.8639006757818648,0.75,0.8735872750104646,0.1464466094066269,0.8535533905931745
6528,0.8363979255068368,0.9,0.8268452630110227,0.24999999999759298,0.9330127018908296
6529,0.8478705013358474,0.75,0.5881121808287987,0.3705904774435059,0.9829629131431318
6530,0.8648436272198654,0.75,0.47244314217943356,0.4999999999992187,1
6531,0.8554141128398558,0.75,0.3954234686758756,0.6294095225479567,0.9829629131454194
6532,0.835612133,0.75,0.4023998883772848,0.7499999999947526,0.933012702
6533,0.8104667609618104,0.4,0.29677689409794894,0.8535533905922681,0.8535533905942794
6534,0.8030803080308035,0.75,0.16938747035021626,0.9330127018901888,0.75
6535,0.7872072921577877,0.01,0.1024138412166876,0.9829629131446832,0.6294095225507041
6536,0.7820210592487817,0.9,0.067810799,1,0.5
6537,0.7735344963067736,0.9,0.048974466,0.9829629131457511,0.37059047745328133
6538,0.7653622505107651,0.9,0.052881261336682014,0.9330127018922518,0.25000000000005623
6539,0.7548326261197551,0.75,0.12404074229105623,0.8535533905951858,0.14644660940863818
6540,0.7516894546597528,0.75,0.3941677131296219,0.75,0.066987298
6541,0.7485462831997487,0.4,0.8080089298172177,0.629409523,0.017037087
6542,0.7527895646707532,0.9,0.9256313659829775,0.5000000000033447,0
6543,0.7537325161087547,0.9,0.7766150411608762,0.37059047745451934,0.017037086853917194
6544,0.756875688,0.9,0.6517371285056509,0.2500000000011662,0.066987298
6545,0.7614332861857611,0.9,0.5955071857122924,0.14644660940954446,0.14644660940390802
6546,0.7652050919377653,0.9,0.626901074,0.066987298,0.2500000000005642
6547,0.7820210592487817,0.9,0.6909446072275708,0.017037086855980266,0.37059047744681994
6548,0.7914505736287913,0.9,0.6913631924096554,0,0.49999999999537365
6549,0.7999371365708003,0.9,0.6931770615320217,0.017037087,0.6294095225512707
6550,0.8134527738488138,0.9,0.7964280731128784,0.066987298,0.7499999999977238
6551,0.823196605,0.9,0.889772569,0.14644660940300175,0.8535533905895494
6552,0.8301115825868304,0.9,0.7940560904143993,0.24999999999945421,0.9330127018919042
6553,0.8330975954738329,0.01,0.6366680619506069,0.37059047744558193,0.9829629131436881
6554,0.8312116925978308,0.75,0.49002371982698484,0.49999999999409195,1
6555,0.8291686311488289,0.75,0.44872331519464215,0.6294095225500327,0.9829629131448632
6556,0.8082665409398087,0.9,0.45109529789312125,0.7499999999966138,0.9330127018941743
6557,0.7977369165487977,0.75,0.347425701,0.853553391,0.8535533905979045
6558,0.7879930850227876,0.01,0.19813031952002233,0.9330127018912634,0.7500000000016557
6559,0.7780920949237777,0.01,0.10004185851820846,0.9829629131433564,0.6294095225556561
6560,0.7747917648907747,0.01,0.058322869,1,0.49999999999991374
6561,0.756875688,0.01,0.037672666,0.9829629131451948,0.3705904774512053
6562,0.7494892346377493,0.01,0.038928422,0.9330127018948151,0.25000000000449607
6563,0.7411598302687419,0.4,0.10576252267336403,0.8535533905936659,0.1464466094071184
6564,0.7348734873487346,0.9,0.3559369331658993,0.7500000000027657,0.066987298
6565,0.7237152286657236,0.01,0.7124319799079112,0.6294095225568941,0.017037086856975414
6566,0.7223008015087227,0.01,0.8121947816380634,0.5000000000011954,0
6567,0.7348734873487346,0.01,0.6735035579740477,0.37059047745244333,0.017037087
6568,0.7652050919377653,0.01,0.6285754150969722,0.25000000000560607,0.066987298
6569,0.7771491434857771,0.01,0.6313659829775359,0.14644660940802462,0.1464466094054278
6570,0.8035517837498038,0.01,0.643504953,0.066987298,0.24999999999612438
6571,0.823196605,0.75,0.7138272638481931,0.017037087,0.37059047744889595
6572,0.8417413169888417,0.01,0.7185712292451514,0,0.4999999999975229
6573,0.8511708313688513,0.75,0.7365703920747871,0.017037086854141736,0.6294095225463187
6574,0.8502278799308507,0.75,0.765871355,0.066987298,0.7499999999995852
6575,0.8352978154958364,0.75,0.7820566485279754,0.14644660940452153,0.853553391
6576,0.8087380166588098,0.9,0.6478303334728617,0.24999999999501443,0.9330127018893408
6577,0.8081093823668088,0.01,0.5406725268592159,0.37059047744765794,0.9829629131442443
6578,0.8206820682068208,0.75,0.4796986186688991,0.49999999999624123,1
6579,0.816595945,0.75,0.42207339193525883,0.6294095225450806,0.982962913
6580,0.7977369165487977,0.75,0.4208176363890052,0.7499999999984752,0.9330127018930996
6581,0.7702341662737706,0.01,0.4471885028603321,0.8535533905901628,0.8535533905963848
6582,0.7603331761747607,0.2,0.27682433375191856,0.933012702,0.7499999999997944
6583,0.7537325161087547,0.4,0.16841077159201898,0.9829629131439126,0.6294095225535801
6584,0.7527895646707532,0.01,0.11790149295381612,1,0.5000000000050404
6585,0.7443030017287442,0.01,0.091670155,0.9829629131446386,0.3705904774491293
6586,0.739116769,0.01,0.049113994697921035,0.9330127018937404,0.2500000000026347
6587,0.7370737073707381,0.01,0.05385796,0.853553391,0.1464466094107435
6588,0.7317303158887323,0.01,0.12738942374773266,0.7500000000009044,0.066987298
6589,0.7171145685997176,0.01,0.23105902051067392,0.6294095225548181,0.017037086856419137
6590,0.7223008015087227,0.75,0.2808706571787359,0.5000000000063222,0
6591,0.7359735973597368,0.4,0.3538440072554765,0.3705904774503673,0.017037087
6592,0.7505893446487506,0.01,0.43867727082461283,0.25000000000374467,0.066987298
6593,0.7691340562627693,0.4,0.5099762801730152,0.14644660940650495,0.14644660940694754
6594,0.7889360364607891,0.75,0.5475094181665968,0.066987298,0.24999999999798567
6595,0.8008800880088018,0.75,0.5550439514441189,0.017037087,0.3705904774439439
6596,0.8044947351878045,0.4,0.5726245290916702,0,0.49999999999967215
6597,0.8055948451988058,0.4,0.5482070601367378,0.017037086854698014,0.6294095225483947
6598,0.8134527738488138,0.01,0.5595088600530208,0.066987298,0.7499999999951453
6599,0.8280685211378285,0.4,0.512069206,0.14644660940604132,0.8535533905925888
6600,0.8334119126198343,0.4,0.5130459048416353,0.24999999999687572,0.9330127018904155
6601,0.8312116925978308,0.4,0.5089995814148179,0.37059047744270596,0.9829629131429174
6602,0.8260254596888266,0.01,0.4231896190874843,0.4999999999983905,1
6603,0.8233537639478237,0.75,0.3958420538579601,0.6294095225471568,0.9829629131456337
6604,0.8093666509508091,0.4,0.38551695269987446,0.7500000000003366,0.933012702
6605,0.7947509036617944,0.4,0.4972791963164504,0.8535533905916826,0.853553391
6606,0.7934936350777941,0.01,0.38119157248500074,0.9330127018897747,0.7500000000042342
6607,0.7861071821467864,0.4,0.19854890470210687,0.9829629131444688,0.629409523
6608,0.7788778877887794,0.01,0.13366820147900096,1,0.5000000000028911
6609,0.7714914348577717,0.4,0.091670155,0.9829629131459654,0.37059047745408125
6610,0.7642621404997647,0.01,0.049113994697921035,0.9330127018926659,0.25000000000077344
6611,0.756875688,0.01,0.05385796,0.8535533905957713,0.14644660940922377
6612,0.5631934622033632,0.01,0.3652853355657877,0.7500000000053442,0.066987298
6613,0.561999057,0.01,0.74019813,0.6294095225527421,0.017037087
6614,0.558698727,0.4,0.8304730012557555,0.5000000000041729,0
6615,0.5680025145371679,0.4,0.7459187944746756,0.3705904774482912,0.017037086855586026
6616,0.7705484834197711,0.01,0.35230919492116647,0.2500000000018834,0.066987298
6617,0.7934936350777941,0.2,0.4399330263708665,0.146446609,0.14644660940332244
6618,0.8092094923778093,0.4,0.48179154457932194,0.066987298,0.25
6619,0.8213107024988209,0.4,0.5166736430863681,0.017037086856194594,0.370590477
6620,0.8334119126198343,0.4,0.529510255,0,0.4999999999945455
6621,0.8439415370108443,0.01,0.5203013813311008,0.017037087,0.6294095225504708
6622,0.8527424170988529,0.01,0.5095576949909306,0.066987298,0.7499999999970066
6623,0.8639006757818648,0.01,0.49407004325380216,0.14644660940241616,0.8535533905889636
6624,0.869086909,0.01,0.47886144830473004,0.24999999999873707,0.9330127018914902
6625,0.8753732516108754,0.01,0.45123482628714945,0.37059047744478196,0.9829629131434736
6626,0.8689297501178692,0.01,0.419143296,0.5000000000005398,1
6627,0.8576143328618575,0.01,0.3969582810101856,0.6294095225492328,0.9829629131450774
6628,0.8239823982398238,0.05,0.38244732803125436,0.7499999999958967,0.9330127018945884
6629,0.7870501335847879,0.01,0.3362634296079252,0.8535533905932022,0.8535533905933452
6630,0.7546754675467553,0.01,0.20692060834379797,0.9330127018908494,0.75
6631,0.7265440829797272,0.01,0.11762243616575975,0.982962913,0.629409523
6632,0.7108282256797112,0.01,0.070601367,1,0.5000000000007419
6633,0.6982555398396983,0.01,0.052323147760569275,0.9829629131454092,0.37059047745200524
6634,0.6930693069306932,0.01,0.043951444,0.9330127018952292,0.2500000000052133
6635,0.6845827439886851,0.01,0.11469233989116785,0.8535533905942515,0.146446609
6636,0.6836397925506836,0.01,0.23371005999720942,0.7500000000034828,0.066987298
6637,0.6773534496306781,0.01,0.4520719966513186,0.629409523,0.017037086855306582
6638,0.6897689768976893,0.01,0.5438816799218641,0.5000000000020236,0
6639,0.7389596102467393,0.01,0.4524905818334031,0.37059047745324325,0.017037086854259087
6640,0.7840641206977836,0.4,0.4618389842332915,0.25000000000002204,0.066987298
6641,0.8175388967468185,0.4,0.46797823357053164,0.14644660940861026,0.14644660940484222
6642,0.8396982555398398,0.01,0.527975443,0.066987298,0.24999999999540717
6643,0.8557284299858554,0.01,0.573322171,0.017037086855638317,0.37059047744809603
6644,0.8628005657708635,0.01,0.5931352030138133,0,0.49999999999669476
6645,0.8752160930378756,0.05,0.6217385237895912,0.017037086853927408,0.6294095225455187
6646,0.8868458274398869,0.01,0.6737826147621041,0.066987298,0.75
6647,0.89203206,0.01,0.6527138272638482,0.14644660940393595,0.8535533905904835
6648,0.8951752318088961,0.01,0.5828101018557276,0.24999999999429717,0.9330127018889268
6649,0.894075122,0.01,0.4819310729733501,0.370590477,0.982962913
6650,0.88873173,0.4,0.4231896190874843,0.49999999999541306,1
6651,0.8722300801508722,0.4,0.3595646714106321,0.6294095225513088,0.9829629131445212
6652,0.84802766,0.4,0.32426398772150133,0.75,0.9330127018935137
6653,0.8136099324218145,0.4,0.2780800892981722,0.8535533905895771,0.8535533905969703
6654,0.8041804180418048,0.01,0.2083158922840798,0.933012702,0.7500000000005116
6655,0.7861071821467864,0.01,0.15515557415934142,0.9829629131436983,0.629409523
6656,0.7779349363507779,0.01,0.088321473,1,0.5000000000058686
6657,0.7705484834197711,0.01,0.066834101,0.982962913,0.37059047744992923
6658,0.7614332861857611,0.01,0.045625785,0.9330127018941545,0.25000000000335193
6659,0.7526324060977525,0.01,0.046044370029300966,0.8535533905978766,0.1464466094113291
6660,0.7537325161087547,0.01,0.092367797,0.7500000000016216,0.066987298
6661,0.756875688,0.01,0.14120273475652295,0.629409523,0.017037086856633465
6662,0.7674053119597679,0.01,0.13645876935956466,0.4999999999998743,0
6663,0.7862643407197871,0.01,0.17022464071438537,0.37059047745116724,0.017037086854815364
6664,0.8112525538268112,0.4,0.25477884749546537,0.25000000000446193,0.066987298
6665,0.8312116925978308,0.4,0.3170085112320357,0.14644660940709048,0.146446609
6666,0.8584001257268583,0.2,0.39179573043114274,0.066987298,0.24999999999726852
6667,0.8846456074178852,0.4,0.41691084135621603,0.017037087,0.370590477
6668,0.897218293,0.01,0.4178875401144133,0,0.49999999999884404
6669,0.9047619047619047,0.4,0.45974605832286874,0.017037086854483685,0.6294095225475949
6670,0.9181203834669183,0.4,0.45569973489605137,0.066987298,0.7499999999944281
6671,0.9225208235109226,0.01,0.451653411,0.14644660940545567,0.8535533905920032
6672,0.9292786421499293,0.4,0.45835077438258687,0.24999999999615852,0.9330127018900014
6673,0.9328932893289328,0.4,0.39486535509976284,0.37059047744893403,0.9829629131445863
6674,0.9234637749489232,0.4,0.3788195897865216,0.49999999999756234,1
6675,0.9057048561999061,0.75,0.389702805,0.6294095225463567,0.982962913
6676,0.8888888888888888,0.75,0.36040184177480117,0.7499999999996193,0.9330127018924391
6677,0.8742731415998741,0.01,0.38007534533277526,0.8535533905910969,0.8535533905954505
6678,0.8596573943108594,0.01,0.2962187805218362,0.9330127018893606,0.7500000000049514
6679,0.8448844884488449,0.4,0.15682991488767964,0.9829629131442545,0.629409523
6680,0.8291686311488289,0.9,0.081624111,1,0.5000000000037194
6681,0.8263397768348271,0.75,0.043951444,0.9829629131461798,0.3705904774548812
6682,0.8145528838598151,0.01,0.044370029300962746,0.9330127018930799,0.2500000000014906
6683,0.8103096023888106,0.01,0.098367518,0.8535533905963568,0.1464466094098093
6684,0.8082665409398087,0.01,0.3599832565927166,0.7499999999997602,0.066987298
6685,0.8046518937608043,0.01,0.6875959257708943,0.629409523,0.017037086856077188
6686,0.8125098224108123,0.75,0.7979628854471885,0.5,0
6687,0.8213107024988209,0.01,0.6871773405888097,0.3705904774490912,0.017037087
6688,0.8343548640578349,0.75,0.6016464350495325,0.2500000000026006,0.066987298
6689,0.8400125726858403,0.4,0.5472303613785405,0.14644660941071563,0.14644660940273685
6690,0.8459845984598471,0.01,0.5765313241244593,0.066987298,0.24999999999912986
6691,0.8741159830268743,0.01,0.6234128645179293,0.017037086856408923,0.370590477
6692,0.895961025,0.01,0.6432258964699316,0,0.49999999999371736
6693,0.9140342605689145,0.01,0.6647132691502721,0.017037086855039907,0.6294095225496708
6694,0.9372937293729371,0.01,0.7125715083019394,0.066987298,0.7499999999962894
6695,0.9578815024359577,0.4,0.8286591321333892,0.14644660940697546,0.853553391
6696,0.9622819424799629,0.4,0.7803823077996372,0.24999999999801986,0.9330127018910761
6697,0.9685682853999684,0.2,0.5705316031812474,0.37059047744398205,0.9829629131432593
6698,0.9608675153229611,0.2,0.4315613227291754,0.4999999999997116,1
6699,0.9500235737859497,0.05,0.3627738244732803,0.6294095225484329,0.9829629131452917
6700,0.9206349206349214,0.05,0.3337519185154179,0.7499999999951795,0.9330127018950025
6701,0.8837026559798837,0.05,0.2535230919492117,0.8535533905926167,0.8535533905939308
6702,0.8720729215778724,0.01,0.17050369750244174,0.9330127018904353,0.7500000000030901
6703,0.8648436272198654,0.01,0.081065997,0.9829629131429276,0.629409523
6704,0.8500707213578509,0.01,0.042416632,1,0.5000000000015701
6705,0.8469275498978468,0.01,0.028184735593693316,0.9829629131456235,0.37059047745280516
6706,0.8437843784378436,0.01,0.026789451653411466,0.9330127018920054,0.2499999999996293
6707,0.8291686311488289,0.01,0.095297893,0.8535533905948371,0.14644660940828957
6708,0.8332547540468336,0.01,0.3666806195060695,0.7500000000042001,0.066987298
6709,0.8312116925978308,0.4,0.7389423747732663,0.629409523,0.017037087
6710,0.8291686311488289,0.9,0.8467978233570531,0.5000000000028517,0
6711,0.8197391167688202,0.4,0.7315473698897725,0.37059047745404317,0.017037087
6712,0.8217821782178221,0.75,0.6409934421654806,0.25000000000073924,0.066987298
6713,0.8321546440358323,0.4,0.5636947118738663,0.14644660940919585,0.14644660940425663
6714,0.8634292000628636,0.4,0.610994837,0.066987298,0.24999999999468997
6715,0.8918749017758922,0.01,0.6373657039207479,0.017037086855852646,0.3705904774472961
6716,0.9212635549269215,0.01,0.6407143853774243,0,0.4999999999958666
6717,0.9497092566399501,0.01,0.6813171480396261,0.017037086855596184,0.6294095225517469
6718,0.9657394310859657,0,0.732663597,0.066987298,0.7499999999981508
6719,0.9779978,0,0.8407981024138412,0.14644660940335036,0.8535533905898979
6720,0.9831840326889831,0.4,0.7981024138412166,0.2499999999998812,0.9330127018921508
6721,0.9715542982869718,0.01,0.5978791684107716,0.3705904774460581,0.9829629131438156
6722,0.960238881,0.4,0.4633737965676015,0.49999999999458494,1
6723,0.9508093666509505,0.2,0.4022603599832566,0.6294095225505089,0.9829629131447355
6724,0.917648908,0.4,0.5198827961490163,0.7499999999970408,0.9330127018939278
6725,0.8994185132798997,0.4,0.3090553927724292,0.8535533905889916,0.8535533905975559
6726,0.8816595945308818,0.01,0.19101437142458488,0.9330127018915099,0.7500000000012288
6727,0.8566713814238569,0.4,0.099483745,0.9829629131434838,0.6294095225551799
6728,0.8293257897218305,0.01,0.047300126,1,0.4999999999994208
6729,0.8052805280528053,0.01,0.035021627,0.9829629131450672,0.37059047745072915
6730,0.7884645607417888,0.01,0.032928700990651594,0.9330127018945686,0.2500000000040692
6731,0.7722772277227725,0.01,0.10618110785544858,0.8535533905933173,0.1464466094067698
6732,0.7623762376237626,0.01,0.36472722198967494,0.7500000000023388,0.066987298
6733,0.7516894546597528,0.01,0.6954095158364727,0.6294095225564179,0.017037086856847794
6734,0.7575043218607571,0.01,0.782475234,0.5000000000007024,0
6735,0.7809209492377813,0.01,0.7168968885168131,0.37059047745196716,0.017037086854601036
6736,0.8085808580858083,0.01,0.6190874843030556,0.2500000000051791,0.066987298
6737,0.8302687411598311,0.01,0.57778708,0.14644660940767612,0.14644660940577636
6738,0.84802766,0.01,0.6517371285056509,0.066987298,0.24999999999655126
6739,0.8700298601288705,0.01,0.683549602,0.017037087,0.3705904774493721
6740,0.8846456074178852,0.4,0.6863401702246407,0,0.49999999999801586
6741,0.8863743517208866,0.75,0.7237337798241942,0.017037087,0.6294095225467948
6742,0.8921892189218927,0.4,0.7688014510952978,0.066987298,0.7500000000000121
6743,0.8752160930378756,0.75,0.7690805078833542,0.14644660940487014,0.8535533905914177
6744,0.8675153229608674,0.4,0.7865215571368773,0.24999999999544137,0.9330127018895874
6745,0.8679867986798686,0.4,0.6373657039207479,0.3705904774481341,0.9829629131443719
6746,0.8544711614018543,0.4,0.4930933444956049,0.4999999999967342,1
6747,0.8370265597988369,0.4,0.4217943351472025,0.6294095225455568,0.9829629131460624
6748,0.81062392,0.2,0.4109111204130041,0.7499999999989022,0.9330127018928531
6749,0.7812352663837818,0.01,0.37268034044928144,0.8535533905905114,0.8535533905960362
6750,0.7537325161087547,0.01,0.3276126691781778,0.9330127018889465,0.7500000000056686
6751,0.7408455131227405,0.01,0.1799916282963583,0.9829629131440402,0.6294095225531039
6752,0.7193147886217202,0.01,0.09990233,1,0.5000000000045475
6753,0.6982555398396983,0.01,0.071578066,0.982962913,0.37059047744865314
6754,0.6888260254596896,0.01,0.038509837,0.933012702,0.2500000000022078
6755,0.679396511,0.01,0.044649086089019116,0.8535533905969425,0.14644660941039495
6756,0.6762533396196768,0.4,0.1015766708525185,0.7500000000004774,0.066987298
6757,0.6809680968096816,0.01,0.17594530486954094,0.6294095225543419,0.017037086856291572
6758,0.6916548797736914,0.01,0.2404074229105623,0.5000000000058291,0
6759,0.733930536,0.01,0.33961211106460165,0.37059047744989115,0.017037086855157313
6760,0.7735344963067736,0.01,0.442584066,0.2500000000033178,0.066987298
6761,0.8172245796008171,0.2,0.5003488209850704,0.14644660941130117,0.14644660940215126
6762,0.8332547540468336,0.01,0.5720664155155574,0.066987298,0.2499999999984126
6763,0.850699356,0.75,0.6040184177480117,0.017037087,0.3705904774444201
6764,0.865786579,0.75,0.5599274452351053,0,0.5000000000001652
6765,0.876316203,0.4,0.608762383,0.017037087,0.629409523
6766,0.8851170831368855,0.4,0.575554625,0.066987298,0.7499999999955722
6767,0.8885745717428892,0.4,0.5747174550020929,0.14644660940638987,0.8535533905929373
6768,0.900518623,0.4,0.5546253662620343,0.24999999999730266,0.933012702
6769,0.902561685,0.4,0.5244872331519463,0.3705904774431821,0.9829629131430451
6770,0.8962753418198965,0.4,0.4520719966513186,0.49999999999888345,1
6771,0.8783592644978779,0.2,0.42570113017999167,0.6294095225476328,0.9829629131455061
6772,0.8565142228508562,0.05,0.4163527277801033,0.7499999999944622,0.9330127018954165
6773,0.812666981,0.01,0.38370308357750804,0.8535533905920312,0.8535533905945164
6774,0.7810781078107811,0.01,0.28882377563834244,0.9330127018900212,0.7500000000038073
6775,0.7714914348577717,0.01,0.19799079112599413,0.9829629131445965,0.6294095225510279
6776,0.7537325161087547,0.01,0.1078554485837868,1,0.5000000000023982
6777,0.7443030017287442,0.01,0.084972792,0.9829629131458378,0.37059047745360507
6778,0.7388024516737386,0.01,0.035858797,0.9330127018924194,0.2500000000003465
6779,0.730001572,0.01,0.034882099,0.8535533905954227,0.14644660940887516
6780,0.7309445230237306,0.01,0.073531464,0.7500000000049173,0.066987298
6781,0.7348734873487346,0.4,0.11162271522254778,0.6294095225522658,0.017037086855735295
6782,0.7447744774477445,0.9,0.14762104088181943,0.5000000000036798,0
6783,0.7674053119597679,0.4,0.26928980047439655,0.3705904774548431,0.017037087
6784,0.7810781078107811,0.75,0.3834240267894517,0.2500000000014565,0.066987298
6785,0.7864214992927869,0.75,0.4481652016185294,0.14644660940978144,0.14644660940367105
6786,0.7936507936507939,0.75,0.5314636528533556,0.066987298,0.25000000000027395
6787,0.8197391167688202,0.01,0.5677410353006836,0.017037086856066974,0.37059047744649615
6788,0.8360836083608363,0.75,0.5854611413422631,0,0.49999999999503847
6789,0.8628005657708635,0.75,0.588391238,0.017037086855381856,0.629409523
6790,0.876316203,0.01,0.614064462,0.066987298,0.7499999999974336
6791,0.8909319503378907,0.75,0.5909027487093623,0.14644660940276477,0.8535533905893122
6792,0.8983184032688984,0.01,0.5572764057485698,0.24999999999916395,0.9330127018917367
6793,0.8931321703598942,0.01,0.524208176,0.37059047744525814,0.9829629131436013
6794,0.8890460474618886,0.75,0.43867727082461283,0.49999999999375677,1
6795,0.884802766,0.75,0.40728338216827126,0.6294095225497089,0.9829629131449499
6796,0.8596573943108594,0.75,0.3502162690107437,0.7499999999963236,0.9330127018943419
6797,0.8282256797108283,0.75,0.22450118599134924,0.8535533905935508,0.8535533905929966
6798,0.8060663209178061,0.4,0.14776056927584763,0.9330127018910959,0.75
6799,0.8019801980198022,0.75,0.074787219,0.9829629131432696,0.6294095225559799
6800,0.7925506836397926,0.9,0.039626064,1,0.5000000000002489
6801,0.7872072921577877,0.01,0.020092088740058602,0.9829629131452815,0.37059047745152907
6802,0.7788778877887794,0.75,0.031952002,0.9330127018949828,0.25000000000478634
6803,0.7746346063177749,0.9,0.1060415794614204,0.853553391,0.14644660940735538
6804,0.7694483734087698,0.75,0.38356355518347984,0.75,0.066987298
6805,0.7683482633977685,0.9,0.7763359843728198,0.6294095225572178,0.017037086857062178
6806,0.7683482633977685,0.9,0.9047021068787497,0.5000000000015306,0
6807,0.7752632406097759,0.9,0.7972652434770475,0.3705904774527671,0.017037086854386707
6808,0.7977369165487977,0.75,0.6308078694014232,0.24999999999959516,0.066987298
6809,0.609932422,0.4,0.594390959,0.14644660940826165,0.14644660940519083
6810,0.831054534,0.4,0.5875540672526859,0.066987298,0.2499999999958341
6811,0.8555712714128556,0.4,0.6471326915027208,0.017037086855510697,0.3705904774485722
6812,0.8785164230708795,0.75,0.64727222,0,0.49999999999718775
6813,0.888103096,0.75,0.7074089577228966,0.017037086854054972,0.6294095225459949
6814,0.6871758604431872,0.4,0.7595228128924236,0.066987298,0.7499999999992949
6815,0.9108910891089113,0.4,0.8363331938049393,0.14644660940428456,0.8535533905908321
6816,0.9171774320289177,0.4,0.8201479000976698,0.2499999999947241,0.9330127018891733
6817,0.9171774320289177,0.01,0.5656481093902609,0.3705904774473342,0.9829629131441575
6818,0.9130913091309139,0.01,0.43351472,0.49999999999590605,1
6819,0.8892032060348902,0.01,0.3823077996372262,0.629409523,0.9829629131443935
6820,0.8607575043218616,0.4,0.37547090832984514,0.75,0.9330127018932672
6821,0.835612133,0.4,0.26859215850425566,0.8535533905899257,0.8535533905966217
6822,0.7988370265597999,0.01,0.14929538161015765,0.9330127018921704,0.7500000000000847
6823,0.7864214992927869,0.01,0.078275429,0.9829629131438258,0.6294095225539038
6824,0.7655194090837658,0.01,0.038928422,1,0.5000000000053756
6825,0.749646393,0.01,0.025952281289242363,0.9829629131447253,0.37059047744945306
6826,0.7350306459217362,0.01,0.029998605,0.9330127018939081,0.25000000000292505
6827,0.7235580700927238,0.01,0.10659969303753314,0.8535533905975281,0.14644660941098053
6828,0.7193147886217202,0.01,0.40574856983396124,0.7500000000011946,0.066987298
6829,0.7108282256797112,0.01,0.7954513743546812,0.6294095225551418,0.017037087
6830,0.7139713971397144,0.01,0.878470769,0.49999999999938133,0
6831,0.7663052019487666,0.05,0.7918236361099483,0.37059047745069107,0.017037086854942984
6832,0.8197391167688202,0.05,0.6546672247802428,0.25,0.066987298
6833,0.8543140028288545,0.01,0.6066694572345472,0.14644660940674192,0.14644660940671056
6834,0.8819739116768823,0.01,0.619366541,0.066987298,0.2499999999976954
6835,0.8964325003928972,0.75,0.6952699874424445,0.017037087,0.37059047744362017
6836,0.894075122,0.75,0.685084415,0,0.5
6837,0.9035046361779036,0.75,0.6887121529231198,0.017037087,0.6294095225480709
6838,0.9066478076379068,0.01,0.7438258685642528,0.066987298,0.75
6839,0.9123055162659122,0.01,0.8659132133389145,0.14644660940580428,0.8535533905923518
6840,0.9107339305359106,0.01,0.8243337519185154,0.24999999999658545,0.9330127018902479
6841,0.9266069464089273,0.01,0.5932747314078415,0.37059047744238216,0.9829629131428307
6842,0.9223636649379228,0.2,0.45402539416771315,0.49999999999805533,1
6843,0.9099481376709107,0.05,0.42221292032928703,0.629409523,0.9829629131457205
6844,0.8859028760018863,0.01,0.4188642388726106,0.7500000000000463,0.9330127018921925
6845,0.8648436272198654,0.75,0.312683131,0.8535533905914455,0.853553391
6846,0.84802766,0.01,0.1580856704339333,0.933012702,0.7500000000045245
6847,0.8470847084708475,0.01,0.082461281,0.9829629131443821,0.6294095225518278
6848,0.8448844884488449,0.01,0.047439653969582815,1,0.5000000000032263
6849,0.8458274398868455,0.9,0.023440770196735034,0.9829629131460522,0.37059047745440504
6850,0.8250825082508251,0.75,0.034184457,0.9330127018928335,0.2500000000010637
6851,0.7936507936507939,0.75,0.10255336961071579,0.8535533905960082,0.14644660940946075
6852,0.7898789878987897,0.01,0.39723733779824194,0.7500000000056344,0.066987298
6853,0.7736916548797743,0.01,0.7699176782475233,0.6294095225530658,0.017037086855949624
6854,0.7768348263397766,0.01,0.8684247244314217,0.5000000000045081,0
6855,0.8082665409398087,0.4,0.8350774382586856,0.370590477,0.017037087
6856,0.8365550840798366,0.01,0.7136877354541649,0.25000000000217365,0.066987298
6857,0.8706584944208715,0.4,0.6052741732942654,0.14644660941036702,0.14644660940308546
6858,0.896589659,0.4,0.6356913631924096,0.066987298,0.24999999999955674
6859,0.907747918,0.4,0.6795032789172596,0.017037086856281358,0.3705904774456962
6860,0.9222065063649221,0.4,0.680479978,0,0.4999999999942103
6861,0.9258211535439265,0.4,0.7315473698897725,0.017037086855167527,0.629409523
6862,0.9269212635549269,0.01,0.7856843867727082,0.066987298,0.7499999999967164
6863,0.9258211535439265,0.75,0.9153062648248919,0.14644660940217918,0.8535533905887267
6864,0.9119911991199126,0.75,0.8227989395842054,0.2499999999984468,0.9330127018913226
6865,0.8912462674838921,0.75,0.6083437979628854,0.3705904774444582,0.982962913
6866,0.8744303001728739,0.75,0.4600251151109251,0.5000000000002046,1
6867,0.832311803,0.75,0.44732803125436027,0.6294095225489089,0.9829629131451643
6868,0.8258683011158259,0.75,0.3820287428491698,0.7499999999956064,0.9330127018947559
6869,0.8101524438158108,0.75,0.2935677410353007,0.8535533905929653,0.8535533905935823
6870,0.8010372465818016,0.9,0.1645039765592298,0.9330127018906818,0.7500000000026632
6871,0.7865786578657867,0.01,0.077577787,0.9829629131430553,0.6294095225567797
6872,0.7762061920477765,0.9,0.044788614,1,0.5
6873,0.7573471632877573,0.9,0.030277662,0.982962913,0.370590477
6874,0.7450887945937459,0.01,0.032789173,0.9330127018953969,0.25000000000550354
6875,0.7326732673267329,0.9,0.10548346588530766,0.8535533905944885,0.14644660940794096
6876,0.7125569699827135,0.9,0.37993581693874706,0.7500000000037731,0.066987298
6877,0.6966839541096976,0.9,0.7933584484442584,0.6294095225509897,0.017037086855393346
6878,0.6877259154486874,0.9,0.9017720106041579,0.5000000000023588,0
6879,0.6841112682696848,0.9,0.8250313938886563,0.370590477,0.017037087
6880,0.6889831840326894,0.9,0.6761545974605832,0.2500000000003123,0.066987298
6881,0.7021845041647023,0.9,0.611832008,0.14644660940884724,0.1464466094046052
6882,0.7292157787207301,0.9,0.6567601506906655,0.066987298,0.2499999999951169
6883,0.7438315260097448,0.9,0.6795032789172596,0.017037087,0.3705904774477723
6884,0.7551469432657556,0.9,0.6796428073112878,0,0.4999999999963596
6885,0.7642621404997647,0.9,0.7227570810659969,0.017037086853840644,0.629409523
6886,0.7633191890617632,0.9,0.7933584484442584,0.066987298,0.7499999999985777
6887,0.7652050919377653,0.9,0.8853076601088321,0.1464466094036989,0.8535533905902464
6888,0.7589187490177589,0.9,0.8208455420678108,0.2500000000003081,0.9330127018923973
6889,0.7545183089737546,0.9,0.6232733361239012,0.3705904774465343,0.9829629131439432
6890,0.7537325161087547,0.9,0.503837031,0.4999999999950779,1
6891,0.7485462831997487,0.9,0.4205385796009488,0.629409523,0.9829629131446079
6892,0.739116769,0.9,0.4199804660248361,0.7499999999974677,0.9330127018936814
6893,0.7295300958667297,0.9,0.38802846379238176,0.8535533905893402,0.8535533905972074
6894,0.723400912,0.4,0.19687456397376865,0.9330127018917564,0.7500000000008018
6895,0.7223008015087227,0.9,0.11929677689409794,0.9829629131436115,0.6294095225547037
6896,0.7202577400597208,0.4,0.071857123,1,0.5000000000062038
6897,0.7171145685997176,0.75,0.049951165062090144,0.9829629131449397,0.370590477
6898,0.7180575200377182,0.75,0.054555602065020234,0.9330127018943222,0.2500000000036422
6899,0.7112997013987115,0.75,0.11511092507325242,0.8535533905929688,0.14644660940642124
6900,0.7013987112997015,0.75,0.4089577228966095,0.7500000000019118,0.066987298
6901,0.6960553198176966,0.9,0.7665689967908469,0.6294095225559417,0.017037087
6902,0.6949552098066953,0.9,0.8522394307241523,0.5000000000002095,0
6903,0.7180575200377182,0.9,0.7895911818054974,0.370590477,0.017037086854728656
6904,0.7325161087537331,0.4,0.663178457,0.2500000000047522,0.066987298
6905,0.7505893446487506,0.75,0.6157388028463792,0.14644660940732745,0.14644660940612497
6906,0.7584472732987586,0.9,0.6790846937351751,0.066987298,0.24999999999697825
6907,0.7741631305987737,0.9,0.7188502860332078,0.017037086857051964,0.37059047744282025
6908,0.7831211692597839,0.9,0.6922003627738245,0,0.49999999999850886
6909,0.8035517837498038,0.75,0.7212222687316868,0.017037087,0.629409523
6910,0.8123526638378125,0.9,0.7700572066415515,0.066987298,0.75
6911,0.823196605,0.4,0.8003348681456676,0.1464466094052187,0.8535533905917663
6912,0.8374980355178381,0.2,0.6984791405050927,0.24999999999586825,0.9330127018898339
6913,0.8340405469118344,0.2,0.586158783,0.3705904774486103,0.9829629131444995
6914,0.8340405469118344,0.05,0.5244872331519463,0.49999999999722716,1
6915,0.8261826182618264,0.05,0.4544439793497977,0.629409523,0.9829629131459348
6916,0.8008800880088018,0.01,0.4524905818334031,0.7499999999993291,0.9330127018926067
6917,0.7683482633977685,0.05,0.5191851541788753,0.8535533905908599,0.8535533905956876
6918,0.7411598302687419,0.01,0.4587693595646714,0.933012702,0.7500000000052417
6919,0.7254439729687259,0.01,0.21347844286312265,0.9829629131441677,0.6294095225526277
6920,0.7139713971397144,0.01,0.10994837449420956,1,0.5000000000040545
6921,0.7106710671067114,0.01,0.078135901,0.9829629131443833,0.37059047744817697
6922,0.7213578500707221,0.01,0.04869541,0.9330127018932475,0.2500000000017809
6923,0.7249724972497247,0.01,0.043811915724850006,0.8535533905965939,0.14644660941004634
6924,0.7249724972497247,0.01,0.095297893,0.7500000000000505,0.066987298
6925,0.7317303158887323,0.01,0.18389842332914746,0.6294095225538657,0.017037086856163952
6926,0.7400597202577406,0.01,0.26203432398493093,0.5000000000053362,0
6927,0.7685054219707692,0.01,0.40002790567880564,0.370590477,0.017037086855284878
6928,0.8040232594688042,0.01,0.4905818334030975,0.25000000000289085,0.066987298
6929,0.8458274398868455,0.4,0.5240686479698619,0.1464466094109526,0.14644660940249982
6930,0.8855885588558858,0.2,0.5856006697362913,0.066987298,0.24999999999883954
6931,0.9118340405469127,0.05,0.6098786102971955,0.017037086856495687,0.37059047744489626
6932,0.9349363507779356,0.05,0.5701130179991628,0,0.5000000000006581
6933,0.9569385509979571,0.2,0.572485001,0.017037087,0.629409523
6934,0.9695112368379699,0.01,0.5609041439933026,0.066987298,0.7499999999959992
6935,0.9768976897689776,0.4,0.5684386772708245,0.14644660940673843,0.8535533905932859
6936,0.9759547383309761,0.4,0.5491837588949351,0.2499999999977296,0.9330127018909085
6937,0.9644821625019646,0.01,0.551416213,0.37059047744365825,0.9829629131431725
6938,0.9508093666509505,0.01,0.4633737965676015,0.49999999999937644,1
6939,0.9277070564199286,0.05,0.4107715920189759,0.6294095225481091,0.9829629131453785
6940,0.8863743517208866,0.05,0.4340728338216827,0.7499999999948892,0.933012702
6941,0.8577714914348582,0.01,0.42835216966652717,0.8535533905923797,0.8535533905941679
6942,0.8398554141128396,0.01,0.2966373657039208,0.9330127018902676,0.7500000000033804
6943,0.8145528838598151,0.01,0.21780382307799637,0.9829629131428409,0.6294095225575798
6944,0.8030803080308035,0.01,0.1396679224222129,1,0.5000000000019053
6945,0.7889360364607891,0.01,0.09473978,0.9829629131457103,0.3705904774531289
6946,0.7831211692597839,0.01,0.052044090972512905,0.9330127018921729,0.24999999999991962
6947,0.7674053119597679,0.01,0.053578903,0.8535533905950741,0.14644660940852655
6948,0.7611189690397615,0.01,0.06599693,0.7500000000044904,0.066987298
6949,0.7527895646707532,0.01,0.1216687595925771,0.6294095225517897,0.017037086855607675
6950,0.7548326261197551,0.01,0.17580577647551276,0.5000000000031869,0
6951,0.7747917648907747,0.01,0.2662201758057765,0.3705904774543669,0.017037086853957994
6952,0.7967939651107971,0.01,0.3761685502999861,0.2500000000010295,0.066987298
6953,0.8208392267798215,0.4,0.4683968187526162,0.14644660940943283,0.1464466094040196
6954,0.8390696212478388,0.75,0.5606250872052463,0.066987298,0.2499999999943997
6955,0.8554141128398558,0.4,0.5871354820706013,0.017037087,0.3705904774469723
6956,0.8742731415998741,0.75,0.6016464350495325,0,0.4999999999955314
6957,0.8857457174288856,0.4,0.5938328449839542,0.017037086855509476,0.6294095225514231
6958,0.894075122,0.75,0.5897865215571368,0.066987298,0.7499999999978605
6959,0.9036617947509034,0.4,0.5780661364587694,0.14644660940311333,0.8535533905896608
6960,0.9046047461889049,0.4,0.5519743267754987,0.24999999999959094,0.9330127018919832
6961,0.907747918,0.4,0.5143016603878889,0.37059047744573437,0.9829629131437289
6962,0.8994185132798997,0.01,0.49462815682991496,0.49999999999424977,1
6963,0.8816595945308818,0.05,0.5783451932468257,0.6294095225501851,0.9829629131448223
6964,0.85132799,0.05,0.4007255476489466,0.7499999999967506,0.9330127018940955
6965,0.8224108125098231,0.01,0.3098925631365983,0.8535533905887547,0.853553391
6966,0.8103096023888106,0.01,0.17761964559787916,0.9330127018913423,0.75
6967,0.7956938550997958,0.01,0.098088461,0.9829629131433972,0.6294095225555036
6968,0.7820210592487817,0.01,0.051346449,1,0.5
6969,0.7747917648907747,0.01,0.031672945,0.982962913,0.3705904774510529
6970,0.7653622505107651,0.01,0.031254360262313374,0.9330127018947363,0.2500000000043594
6971,0.7622190790507619,0.01,0.10171619924654668,0.8535533905935544,0.14644660940700682
6972,0.756875688,0.01,0.3765871354820706,0.75,0.066987298
6973,0.7557755775577566,0.01,0.7616855029998605,0.6294095225567417,0.017037086856934558
6974,0.7653622505107651,0.01,0.8759592577089438,0.5000000000010376,0
6975,0.7977369165487977,0.75,0.7894516534114692,0.3705904774522909,0.017037086854514272
6976,0.82712557,0.4,0.6281568299148876,0.2500000000054694,0.066987298
6977,0.8538425271098542,0.75,0.5638342402678945,0.1464466094079131,0.14644660940553939
6978,0.881502436,0.01,0.6100181386912237,0.066987298,0.25
6979,0.9086908690869087,0.05,0.6262034323984931,0.017037086855383132,0.3705904774490484
6980,0.9291214835769295,0.05,0.6698758197293149,0,0.4999999999976807
6981,0.9500235737859497,0.2,0.6831310171619924,0.017037086854182593,0.6294095225464711
6982,0.9658965896589664,0.2,0.7435468117761964,0.066987298,0.7499999999997218
6983,0.9718686154329723,0.4,0.861727362,0.1464466094046331,0.8535533905911806
6984,0.9696683954109697,0.4,0.8216827124319799,0.2499999999951511,0.9330127018894199
6985,0.9684111268269686,0.4,0.5982977535928561,0.3705904774478104,0.9829629131442852
6986,0.9537953795379539,0.2,0.44216548067531747,0.49999999999639905,1
6987,0.9335219236209338,0.4,0.3758894935119297,0.6294095225452331,0.9829629131461491
6988,0.8931321703598942,0.75,0.34393749127947537,0.7499999999986119,0.9330127018930208
6989,0.8403268898318408,0.9,0.22268731686898283,0.8535533905902744,0.8535533905962731
6990,0.7989941851327997,0.9,0.1259941398074508,0.9330127018924169,0.7499999999996577
6991,0.7928650007857931,0.9,0.071019953,0.9829629131439535,0.6294095225534276
6992,0.7905076221907907,0.01,0.034044928,1,0.5000000000048826
6993,0.7928650007857931,0.01,0.021766429,0.9829629131445977,0.3705904774489769
6994,0.7999371365708003,0.01,0.032231059,0.9330127018936616,0.2500000000024981
6995,0.8051233694798055,0.01,0.10213478442863123,0.8535533905971795,0.14644660941063192
6996,0.8044947351878045,0.01,0.38928421933863544,0.7500000000007677,0.066987298
6997,0.8077950652208084,0.01,0.7897307101995256,0.6294095225546656,0.017037087
6998,0.8145528838598151,0.75,0.9193525882517092,0.5000000000061643,0
6999,0.8365550840798366,0.75,0.8392632900795312,0.3705904774502149,0.017037087
7000,0.8403268898318408,0.75,0.6451792939863262,0.2500000000036081,0.066987298
7001,0.8426842684268432,0.75,0.5836472722198968,0.1464466094063933,0.14644660940705917
7002,0.8543140028288545,0.9,0.6095995535091391,0.066987298,0.24999999999812234
7003,0.8626434071978628,0.01,0.6598297753592856,0.017037086856710015,0.37059047744409634
7004,0.8689297501178692,0.9,0.6641551555741593,0,0.49999999999982997
7005,0.8637435172088641,0.01,0.7009906515976001,0.017037087,0.6294095225485471
7006,0.8492849284928501,0.75,0.7692200362773824,0.066987298,0.75
7007,0.8662580543768663,0.4,0.9037254081205525,0.14644660940615284,0.8535533905927004
7008,0.8700298601288705,0.9,0.8653550997628017,0.2499999999970124,0.9330127018904943
7009,0.8720729215778724,0.4,0.6188084275149993,0.37059047744285833,0.9829629131429583
7010,0.8700298601288705,0.75,0.45304869540951587,0.4999999999985483,1
7011,0.8560427471318568,0.2,0.40477187107576396,0.6294095225473091,0.9829629131455928
7012,0.8260254596888266,0.2,0.3696107157806614,0.7500000000004732,0.9330127018919461
7013,0.7997799779977997,0.01,0.26259243756104367,0.8535533905917941,0.8535533905947534
7014,0.7672481533867672,0.01,0.15320217664294683,0.9330127018898535,0.7500000000040976
7015,0.7494892346377493,0.01,0.093763081,0.9829629131445097,0.6294095225513516
7016,0.7413169888417417,0.01,0.050927864,1,0.5000000000027334
7017,0.7307873644507308,0.01,0.029998605,0.9829629131459245,0.37059047745392887
7018,0.7213578500707221,0.01,0.043393331,0.9330127018925869,0.25000000000063677
7019,0.7112997013987115,0.01,0.1286451792939863,0.8535533905956596,0.14644660940911214
7020,0.7012415527267017,0.01,0.4173294265383006,0.7500000000052076,0.066987298
7021,0.7013987112997015,0.01,0.8135900655783451,0.6294095225525896,0.017037086855822003
7022,0.706427786,0.01,0.8837728477745221,0.5,0
7023,0.7722772277227725,0.2,0.8073112878470768,0.37059047744813883,0.017037086855626826
7024,0.7851642307087858,0.01,0.6958281010185573,0.2500000000017467,0.066987298
7025,0.8312116925978308,0.01,0.6373657039207479,0.14644660941001847,0.146446609
7026,0.8709728115668711,0.4,0.6836891307381052,0.066987298,0.24999999999998368
7027,0.8785164230708795,0.4,0.6694572345472304,0.017037086856153738,0.37059047744617235
7028,0.8931321703598942,0.75,0.6993163108692618,0,0.4999999999947033
7029,0.8942322803708946,0.01,0.8077298730291614,0.017037087,0.6294095225506231
7030,0.8830740216878827,0.75,0.8250313938886563,0.066987298,0.7499999999971433
7031,0.8415841584158419,0.75,0.8773545416492255,0.14644660940252774,0.8535533905890753
7032,0.7887788778877884,0.9,0.8360541370168829,0.24999999999887368,0.933012702
7033,0.7864214992927869,0.75,0.628435887,0.37059047744493434,0.9829629131435145
7034,0.7933364765047934,0.01,0.44132831031114833,0.4999999999934216,1
7035,0.806694955,0.75,0.37547090832984514,0.6294095225493852,0.9829629131450366
7036,0.8112525538268112,0.75,0.37700572066415516,0.7499999999960334,0.9330127018945095
7037,0.7956938550997958,0.9,0.267336403,0.8535533905933139,0.8535533905932337
7038,0.7944365865157947,0.9,0.15557415934142596,0.9330127018909282,0.7500000000022362
7039,0.7966368065377964,0.75,0.10032091530626483,0.9829629131431827,0.6294095225563037
7040,0.7964796479647966,0.75,0.053299847,1,0.5000000000005841
7041,0.7905076221907907,0.4,0.034603042,0.9829629131453683,0.3705904774518528
7042,0.7831211692597839,0.01,0.037951723,0.9330127018951503,0.2500000000050766
7043,0.7705484834197711,0.9,0.11399469792102694,0.8535533905941399,0.1464466094075924
7044,0.7642621404997647,0.9,0.4039347007115948,0.7500000000033462,0.066987298
7045,0.7675624705327677,0.01,0.802148737,0.6294095225575416,0.017037086857148886
7046,0.7683482633977685,0.2,0.8836333193804939,0.5000000000018657,0
7047,0.7820210592487817,0.75,0.8656341565508581,0.3705904774530908,0.017037086854299943
7048,0.8011944051548014,0.75,0.6889912097111762,0.24999999999988542,0.066987298
7049,0.8145528838598151,0.75,0.5941119017720106,0.14644660940849868,0.1464466094049538
7050,0.8494420870658499,0.08,0.6377842891028324,0.066987298,0.24999999999554384
7051,0.8719157630048726,0.01,0.6702944049113995,0.017037087,0.3705904774482484
7052,0.89203206,0.75,0.6965257429886982,0,0.4999999999968526
7053,0.8987898789878987,0.01,0.7062927305706711,0.017037087,0.6294095225456712
7054,0.9171774320289177,0.75,0.7704757918236361,0.066987298,0.7499999999990047
7055,0.9234637749489232,0.01,0.8801451095297893,0.14644660940404752,0.853553391
7056,0.9358793022159362,0.01,0.8247523371005999,0.24999999999443384,0.9330127018890058
7057,0.9423228037089433,0.05,0.64727222,0.37059047744701046,0.9829629131440708
7058,0.9415370108439416,0.05,0.4880703223105903,0.4999999999955709,1
7059,0.9214207134999213,0.2,0.45109529789312125,0.6294095225514612,0.9829629131444804
7060,0.8796165330818799,0.01,0.43044509557694993,0.7499999999978947,0.9330127018934349
7061,0.82712557,0.4,0.31059020510673924,0.8535533905896888,0.8535533905968588
7062,0.8068521137828077,0.01,0.19701409236779685,0.9330127018920029,0.75
7063,0.792236366,0.01,0.10813450537184317,0.9829629131437391,0.6294095225542276
7064,0.779820839,0.01,0.063066834,1,0.5000000000057108
7065,0.771962911,0.01,0.030696246686200645,0.9829629131448121,0.3705904774497768
7066,0.7730630205877733,0.01,0.035998326,0.9330127018940757,0.2500000000032153
7067,0.7642621404997647,0.01,0.097669876,0.853553391,0.1464466094112175
7068,0.7642621404997647,0.01,0.3648667503837031,0.7500000000014848,0.066987298
7069,0.760176018,0.9,0.7079670712990093,0.6294095225554656,0.017037087
7070,0.7741631305987737,0.4,0.8257290358587972,0.4999999999997165,0
7071,0.8033946251768032,0.75,0.7347565229524208,0.3705904774510148,0.017037087
7072,0.8191104824768192,0.9,0.617831729,0.2500000000043252,0.066987298
7073,0.8224108125098231,0.75,0.5874145388586577,0.14644660940697896,0.14644660940647353
7074,0.8291686311488289,0.75,0.6344356076461559,0.066987298,0.24999999999740513
7075,0.8426842684268432,0.9,0.6922003627738245,0.017037086856924344,0.37059047744329643
7076,0.8381266698098391,0.9,0.6952699874424445,0,0.4999999999990018
7077,0.8437843784378436,0.4,0.7294544439793498,0.017037086854524486,0.6294095225477472
7078,0.8689297501178692,0.2,0.771173434,0.066987298,0.7499999999945648
7079,0.88873173,0.75,0.8126133668201478,0.14644660940556725,0.8535533905921149
7080,0.8973754518308978,0.75,0.7323845402539416,0.24999999999629519,0.9330127018900803
7081,0.8954895489548957,0.9,0.6447607088042416,0.37059047744908646,0.9829629131446271
7082,0.8962753418198965,0.75,0.4964420259522813,0.49999999999772016,1
7083,0.8865315102938873,0.75,0.44760708804241667,0.6294095225465092,0.9829629131458072
7084,0.8639006757818648,0.75,0.44607227570810665,0.75,0.9330127018923602
7085,0.8491277699198494,0.75,0.4301660387888936,0.8535533905912085,0.853553391
7086,0.8345120226308347,0.4,0.27640574856983396,0.9330127018894395,0.7500000000048148
7087,0.8145528838598151,0.9,0.18710757639179573,0.9829629131442954,0.6294095225521515
7088,0.8040232594688042,0.4,0.1060415794614204,1,0.5000000000035615
7089,0.8019801980198022,0.01,0.088042417,0.9829629131461389,0.37059047745472884
7090,0.7956938550997958,0.01,0.065857402,0.933012702,0.25
7091,0.8000942951438001,0.01,0.065578345,0.8535533905962454,0.14644660940969778
7092,0.7884645607417888,0.01,0.10115808567043394,0.7499999999996235,0.066987298
7093,0.7898789878987897,0.75,0.18027068508441468,0.6294095225533896,0.017037086856036388
7094,0.788307402,0.01,0.26273196595507187,0.5000000000048432,0
7095,0.7914505736287913,0.01,0.3428212641272499,0.3705904774489388,0.017037086855412498
7096,0.8123526638378125,0.4,0.46114134226315057,0.2500000000024639,0.066987298
7097,0.8437843784378436,0.01,0.5057904283521696,0.146446609,0.14644660940284843
7098,0.8785164230708795,0.01,0.5667643365424864,0.066987298,0.24999999999926648
7099,0.8987898789878987,0.01,0.5814148179154458,0.017037086856368067,0.37059047744537243
7100,0.9201634449159202,0.01,0.6061113436584344,0,0.4999999999938751
7101,0.9335219236209338,0.01,0.6575973210548346,0.017037086855080763,0.6294095225498232
7102,0.9454659751689456,0.75,0.5886702944049114,0.066987298,0.7499999999964261
7103,0.9514380009429515,0.4,0.6217385237895912,0.14644660940708704,0.8535533905936346
7104,0.9528524280999533,0.4,0.5691363192409655,0.24999999999815653,0.9330127018911549
7105,0.9519094766619518,0.4,0.5285335565787638,0.3705904774441344,0.9829629131433002
7106,0.9424799622819431,0.4,0.4876517371285057,0.49999999999986944,1
7107,0.9247210435329252,0.01,0.47900097669875824,0.6294095225485852,0.982962913
7108,0.893289329,0.4,0.4743965396958281,0.7499999999953162,0.9330127018949235
7109,0.8596573943108594,0.05,0.4245849030277662,0.8535533905927283,0.8535533905938193
7110,0.8250825082508251,0.01,0.3514720245569974,0.9330127018905141,0.7500000000029534
7111,0.792236366,0.01,0.33849588391237617,0.9829629131429685,0.6294095225571035
7112,0.7821782178217833,0.01,0.1417608483326357,1,0.5000000000014122
7113,0.7842212792707852,0.01,0.091809683,0.9829629131455826,0.3705904774526528
7114,0.7842212792707852,0.01,0.041858518,0.9330127018919264,0.24999999999949263
7115,0.7842212792707852,0.4,0.033765871,0.8535533905947256,0.146446609
7116,0.7776206192047783,0.4,0.053997488488907494,0.7500000000040634,0.066987298
7117,0.7716485934307724,0.4,0.10213478442863123,0.6294095225513134,0.017037087
7118,0.7642621404997647,0.75,0.14469094460722756,0.5,0
7119,0.7757347163287762,0.2,0.23845402539416768,0.37059047745389073,0.017037086854085615
7120,0.7905076221907907,0.4,0.3594251430166039,0.25000000000060263,0.066987298
7121,0.8040232594688042,0.75,0.4674201199944189,0.14644660940908427,0.1464466094043682
7122,0.8123526638378125,0.75,0.5367657318264266,0.066987298,0.24999999999482664
7123,0.8134527738488138,0.75,0.5782056648527976,0.017037087,0.3705904774474485
7124,0.8217821782178221,0.75,0.5677410353006836,0,0.4999999999960244
7125,0.82712557,0.75,0.5765313241244593,0.017037087,0.6294095225518993
7126,0.8312116925978308,0.4,0.5660666945723455,0.066987298,0.7499999999982874
7127,0.8393839383938402,0.75,0.6428073112878471,0.14644660940346194,0.8535533905900095
7128,0.8516423070878516,0.4,0.525742989,0.2500000000000178,0.9330127018922296
7129,0.8461417570328469,0.4,0.567182922,0.37059047744621054,0.9829629131438564
7130,0.8345120226308347,0.2,0.5048137295939723,0.4999999999947427,1
7131,0.8202105924878205,0.2,0.46658294963024977,0.6294095225506613,0.9829629131446946
7132,0.7989941851327997,0.2,0.3905399748848891,0.7499999999971775,0.933012702
7133,0.768662581,0.05,0.2727780103251012,0.8535533905891032,0.8535533905974444
7134,0.749646393,0.01,0.16045765313241245,0.9330127018915888,0.7500000000010921
7135,0.7304730473047312,0.01,0.07646156,0.9829629131435247,0.6294095225550275
7136,0.7256011315417257,0.75,0.040463234,1,0.5
7137,0.7119283356907125,0.01,0.02609181,0.9829629131450264,0.3705904774505767
7138,0.6962124783906964,0.01,0.034603042,0.9330127018944898,0.2500000000039325
7139,0.6888260254596896,0.01,0.10087902888237757,0.8535533905932058,0.1464466094066582
7140,0.6858400125726853,0.01,0.3802148737268034,0.7500000000022021,0.066987298
7141,0.6771962910576774,0.01,0.7662899400027905,0.6294095225562655,0.017037086856806993
7142,0.6823825239666825,0.05,0.8548904702106879,0.5000000000005447,0
7143,0.7169574100267169,0.05,0.8112180828798661,0.3705904774518147,0.017037086854641892
7144,0.7460317460317465,0.4,0.6464350495325798,0.25000000000504247,0.066987298
7145,0.7707056419927709,0.01,0.5465327194083995,0.1464466094075645,0.146446609
7146,0.795536697,0.2,0.5989953955629971,0.066987298,0.24999999999668798
7147,0.8103096023888106,0.75,0.6234128645179293,0.017037086857138728,0.3705904774424965
7148,0.8224108125098231,0.9,0.6271801311566904,0,0.4999999999981737
7149,0.8348263397768352,0.75,0.666945723,0.017037086854310157,0.6294095225469473
7150,0.8448844884488449,0.75,0.7427096414120273,0.066987298,0.7500000000001488
7151,0.8543140028288545,0.75,0.8714943491000419,0.14644660940498166,0.8535533905915291
7152,0.8595002357378596,0.4,0.8300544160736709,0.24999999999557798,0.9330127018896663
7153,0.8574571742888577,0.75,0.570252546,0.37059047744828655,0.9829629131444128
7154,0.8481848184818488,0.4,0.43491000418585185,0.5,1
7155,0.8381266698098391,0.75,0.3737965676015069,0.6294095225457093,0.9829629131460216
7156,0.8202105924878205,0.75,0.3249616296916423,0.7499999999990388,0.9330127018927743
7157,0.8010372465818016,0.75,0.22868703781219477,0.853553391,0.8535533905959246
7158,0.7864214992927869,0.01,0.1406446211804102,0.9330127018890255,0.75
7159,0.7768348263397766,0.01,0.082042696,0.982962913,0.6294095225529515
7160,0.7741631305987737,0.01,0.040323706,1,0.5000000000043897
7161,0.7763633506207772,0.4,0.023580299,0.9829629131444702,0.3705904774485007
7162,0.7774634606317776,0.01,0.032370587414538854,0.9330127018934151,0.2500000000020711
7163,0.7752632406097759,0.01,0.10757639179573043,0.8535533905968309,0.1464466094102833
7164,0.7714914348577717,0.01,0.3869122366401563,0.7500000000003408,0.066987298
7165,0.7683482633977685,0.01,0.8144272359425143,0.6294095225541895,0.017037086856250716
7166,0.7652050919377653,0.9,0.9367936375052323,0.5000000000056714,0
7167,0.7683482633977685,0.9,0.8025673224501185,0.3705904774497387,0.017037087
7168,0.7820210592487817,0.9,0.6655504395144412,0.2500000000031811,0.066987298
7169,0.7931793179317936,0.75,0.5796009487930793,0.14644660941118964,0.14644660940226284
7170,0.8219393367908219,0.75,0.632203153,0.066987298,0.24999999999854927
7171,0.8437843784378436,0.4,0.6769917678247523,0.017037087,0.3705904774445725
7172,0.8742731415998741,0.75,0.6961071578066136,0,0.5
7173,0.8796165330818799,0.01,0.7030835775080229,0.017037086854866434,0.6294095225490233
7174,0.88873173,0.75,0.7530347425701129,0.066987298,0.7499999999957089
7175,0.8953323903818959,0.9,0.9041439933026371,0.14644660940650145,0.853553391
7176,0.8931321703598942,0.9,0.8244732803125435,0.24999999999743933,0.9330127018907409
7177,0.904447588,0.9,0.5556020650202316,0.3705904774433345,0.9829629131430859
7178,0.884174132,0.9,0.4300265103948654,0.49999999999904127,1
7179,0.8626434071978628,0.9,0.38523789591181806,0.6294095225477854,0.9829629131454654
7180,0.865157944,0.75,0.4742570113017999,0.75,0.9330127018953376
7181,0.8595002357378596,0.01,0.24822101297614066,0.8535533905921426,0.8535533905944048
7182,0.8533710513908539,0.01,0.1333891446909446,0.933012702,0.7500000000036706
7183,0.8557284299858554,0.9,0.077159202,0.9829629131446374,0.6294095225508755
7184,0.8412698412698414,0.2,0.041300405,1,0.5000000000022404
7185,0.8363979255068368,0.4,0.025533696,0.982962913,0.3705904774534527
7186,0.8370265597988369,0.01,0.033765871,0.9330127018923404,0.25000000000020983
7187,0.8302687411598311,0.9,0.10297195479280034,0.8535533905953111,0.14644660940876358
7188,0.8206820682068208,0.9,0.3888656341565509,0.7500000000047806,0.066987298
7189,0.8170674210278173,0.4,0.7399190735314636,0.6294095225521135,0.017037087
7190,0.8073235895018072,0.9,0.8925631365982978,0.5000000000035221,0
7191,0.8098381266698103,0.9,0.823217525,0.3705904774546907,0.017037086853871286
7192,0.8123526638378125,0.9,0.6866192270126971,0.25000000000131983,0.066987298
7193,0.8202105924878205,0.9,0.6075066275987163,0.14644660940966986,0.14644660940378262
7194,0.8304258997328309,0.9,0.6504813729593972,0.066987298,0.25000000000041056
7195,0.8436272198648438,0.9,0.68285196,0.017037086856026173,0.3705904774466486
7196,0.8560427471318568,0.75,0.6855029998604716,0,0.49999999999519623
7197,0.8728587144428732,0.75,0.7206641551555741,0.017037087,0.6294095225510994
7198,0.8898318403268903,0.4,0.7921026928980047,0.066987298,0.7499999999975702
7199,0.8931321703598942,0.01,0.9187944746755965,0.14644660940287635,0.8535533905894239
7200,0.9088480276599094,0.01,0.8938188921445513,0.24999999999930062,0.9330127018918155
7201,0.9066478076379068,0.4,0.6422491977117343,0.3705904774454105,0.9829629131436421
7202,0.9003614647179004,0.01,0.49546532719408404,0.4999999999939146,1
7203,0.8898318403268903,0.4,0.4509557694990931,0.6294095225498613,0.982962913
7204,0.8574571742888577,0.4,0.4565369052602205,0.7499999999964603,0.933012702
7205,0.8230394468018232,0.01,0.3329147481512488,0.8535533905936624,0.8535533905928852
7206,0.7898789878987897,0.01,0.46142039905120696,0.9330127018911747,0.7500000000018093
7207,0.7752632406097759,0.01,0.13269150272080368,0.9829629131433104,0.6294095225558274
7208,0.7716485934307724,0.01,0.069624669,1,0.5000000000000911
7209,0.7600188590287602,0.01,0.034463513,0.9829629131452408,0.3705904774513767
7210,0.756875688,0.01,0.039347007,0.9330127018949038,0.2500000000046497
7211,0.7515322960867512,0.01,0.11120413004046324,0.8535533905937913,0.1464466094072438
7212,0.7505893446487506,0.01,0.3915166736430864,0.7500000000029192,0.066987298
7213,0.7411598302687419,0.01,0.7837309892563137,0.6294095225570655,0.017037086857021322
7214,0.7421027817067425,0.01,0.8685642528254499,0.5000000000013728,0
7215,0.7681911048247678,0.05,0.8347983814706292,0.37059047745261464,0.017037086854427563
7216,0.8088951752318096,0.05,0.6817357332217105,0.2499999999994585,0.066987298
7217,0.8359264497878356,0.01,0.6172736151806892,0.14644660940815013,0.14644660940530235
7218,0.8639006757818648,0.01,0.6595507185712293,0.066987298,0.24999999999597072
7219,0.880873802,0.01,0.7043393330542765,0.017037086855469896,0.3705904774487246
7220,0.8976897689768975,0.4,0.7255476489465605,0,0.4999999999973455
7221,0.9035046361779036,0.4,0.7122924515138831,0.017037087,0.6294095225461473
7222,0.909790979,0.75,0.7773126831310171,0.066987298,0.7499999999994316
7223,0.911048248,0.4,0.8952141760848332,0.14644660940439613,0.8535533905909436
7224,0.9167059563099174,0.4,0.8491698060555323,0.24999999999486083,0.9330127018892522
7225,0.9167059563099174,0.4,0.6354123064043533,0.37059047744748663,0.9829629131441984
7226,0.911048248,0.4,0.4981163666806195,0.49999999999606387,1
7227,0.8942322803708946,0.2,0.437281987,0.6294095225449093,0.9829629131462359
7228,0.8639006757818648,0.2,0.48025673224501186,0.7499999999983216,0.9330127018931884
7229,0.8239823982398238,0.01,0.4799776754569555,0.8535533905900374,0.8535533905965101
7230,0.7999371365708003,0.01,0.22910562299427933,0.9330127018922494,0.75
7231,0.788307402,0.01,0.1343658434491419,0.9829629131438666,0.6294095225537514
7232,0.7820210592487817,0.01,0.089856286,1,0.5000000000052178
7233,0.7590759075907596,0.01,0.054276545276963864,0.9829629131446844,0.3705904774493006
7234,0.7505893446487506,0.01,0.048137296,0.9330127018938292,0.2500000000027884
7235,0.7443030017287442,0.01,0.11301799916282963,0.8535533905974164,0.14644660941086896
7236,0.7337733773377342,0.01,0.3763080786940143,0.75,0.066987298
7237,0.7274870344177278,0.01,0.7358727501046463,0.6294095225549894,0.017037086856465045
7238,0.7245010215307253,0.01,0.8721919910701827,0.5000000000064995,0
7239,0.7546754675467553,0.4,0.7335007674061671,0.37059047745053864,0.017037087
7240,0.7934936350777941,0.4,0.6587135482070601,0.2500000000038983,0.066987298
7241,0.82382524,0.4,0.6313659829775359,0.14644660940663035,0.14644660940682214
7242,0.8532138928178532,0.4,0.672247802,0.066987298,0.24999999999783207
7243,0.8805594845198814,0.4,0.7375470908329845,0.017037087,0.3705904774437726
7244,0.88873173,0.01,0.7541509697223384,0,0.4999999999994948
7245,0.9003614647179004,0.4,0.765173713,0.017037086854652106,0.6294095225482234
7246,0.9066478076379068,0.4,0.8137295939723733,0.066987298,0.7499999999949918
7247,0.9057048561999061,0.4,0.844425841,0.14644660940591586,0.8535533905924634
7248,0.9129341505579132,0.4,0.790009767,0.24999999999672207,0.9330127018903268
7249,0.909790979,0.4,0.6462955211385517,0.3705904774425346,0.9829629131428715
7250,0.907747918,0.2,0.5013255197432678,0.4999999999982131,1
7251,0.89203206,0.05,0.42835216966652717,0.6294095225469853,0.9829629131456796
7252,0.8595002357378596,0.05,0.4464908608901912,0.75,0.9330127018921137
7253,0.8093666509508091,0.05,0.3845402539416772,0.8535533905915571,0.8535533905949904
7254,0.7788778877887794,0.01,0.33137993581693875,0.933012702,0.7500000000043878
7255,0.7642621404997647,0.01,0.23384958839123762,0.982962913,0.6294095225516754
7256,0.7516894546597528,0.01,0.12334310032091532,1,0.5000000000030685
7257,0.7505893446487506,0.01,0.095437422,0.9829629131460114,0.3705904774542526
7258,0.7296872544397295,0.01,0.035719269,0.9330127018927545,0.25000000000092704
7259,0.7147571900047152,0.01,0.031952002,0.8535533905958967,0.14644660940934917
7260,0.7067421027817073,0.01,0.069624669,0.7500000000054978,0.066987298
7261,0.705641993,0.01,0.131435747,0.6294095225529134,0.017037086855908767
7262,0.6988841741316993,0.2,0.17468954932328729,0.5000000000043502,0
7263,0.7452459531667457,0.2,0.3153341705036975,0.37059047744846263,0.017037086855540062
7264,0.7909790979097919,0.01,0.4728617273615181,0.25000000000203704,0.066987298
7265,0.8313688511708324,0.01,0.5449979070740896,0.14644660941025545,0.14644660940319698
7266,0.865786579,0.05,0.6146225756941537,0.066987298,0.2499999999996934
7267,0.8786735816438793,0.01,0.628435887,0.017037086856240502,0.3705904774458486
7268,0.8951752318088961,0.4,0.6083437979628854,0,0.4999999999943681
7269,0.899889989,0.4,0.6355518347983814,0.017037086855208383,0.6294095225502994
7270,0.907747918,0.4,0.6125296497837309,0.066987298,0.7499999999968531
7271,0.9055476976269055,0.01,0.660946003,0.14644660940229076,0.8535533905888383
7272,0.9066478076379068,0.01,0.6144830473001256,0.2499999999985834,0.9330127018914014
7273,0.9057048561999061,0.2,0.5687177340588809,0.3705904774446106,0.9829629131434278
7274,0.9066478076379068,0.2,0.4577926608064741,0.5000000000003624,1
7275,0.8954895489548957,0.05,0.42025952281289247,0.6294095225490615,0.9829629131451234
7276,0.8561999057048566,0.2,0.45667643365424865,0.7499999999957431,0.933012702
7277,0.8090523338048095,0.2,0.4371424584903028,0.8535533905930769,0.8535533905934707
7278,0.7809209492377813,0.01,0.330821822,0.9330127018907606,0.7500000000025265
7279,0.7619047619047623,0.01,0.23384958839123762,0.9829629131430961,0.6294095225566274
7280,0.7494892346377493,0.01,0.12334310032091532,1,0.5000000000009193
7281,0.7326732673267329,0.01,0.095437422,0.9829629131454551,0.3705904774521766
7282,0.7259154486877262,0.01,0.035719269,0.9330127018953178,0.2500000000053669
7283,0.723400912,0.01,0.031952002,0.853553391,0.1464466094078294
7284,0.7146000314317154,0.01,0.059857681,0.7500000000036364,0.066987298
7285,0.7139713971397144,0.01,0.1078554485837868,0.6294095225508374,0.017037087
7286,0.7089423228037091,0.2,0.14148179154457932,0.5000000000022009,0
7287,0.7516894546597528,0.01,0.2508720524626762,0.37059047745341456,0.017037087
7288,0.8021373565928029,0.4,0.35621598995395565,0.2500000000001757,0.066987298
7289,0.839541097,0.01,0.44286312264545835,0.14644660940873572,0.14644660940471677
7290,0.865157944,0.01,0.5237895911818055,0.066987298,0.24999999999525352
7291,0.8888888888888888,0.01,0.5811357611273894,0.017037086855684225,0.37059047744792467
7292,0.896589659,0.01,0.6362494767685224,0,0.49999999999651734
7293,0.9099481376709107,0.01,0.6476908050788335,0.017037087,0.6294095225453474
7294,0.9171774320289177,0.4,0.6655504395144412,0.066987298,0.7499999999987144
7295,0.9182775420399181,0.75,0.6862006418306125,0.1464466094038105,0.8535533905903581
7296,0.9200062863429204,0.75,0.6693177061532022,0.25000000000044476,0.9330127018924761
7297,0.9134056262769135,0.75,0.6499232593832844,0.37059047744668666,0.9829629131439841
7298,0.907747918,0.75,0.5303474257011301,0.4999999999952357,1
7299,0.8898318403268903,0.75,0.5670433933305428,0.6294095225511375,0.9829629131445671
7300,0.8574571742888577,0.75,0.42653830054416075,0.7499999999976044,0.9330127018936024
7301,0.8169102624548175,0.75,0.30152085949490726,0.8535533905894518,0.8535533905970958
7302,0.7988370265597999,0.01,0.18417748011720383,0.9330127018918353,0.7500000000006652
7303,0.7809209492377813,0.01,0.095297893,0.9829629131436524,0.6294095225545513
7304,0.7697626905547703,0.01,0.056927585,1,0.5000000000060459
7305,0.7584472732987586,0.01,0.032370587414538854,0.9829629131448988,0.37059047745010054
7306,0.7540468332547543,0.01,0.036137854,0.9330127018942433,0.2500000000035056
7307,0.7579757975797583,0.01,0.10534393749127947,0.8535533905928572,0.14644660940630966
7308,0.7505893446487506,0.01,0.3803544021208316,0.7500000000017751,0.066987298
7309,0.7483891246267489,0.01,0.7667085251848751,0.6294095225557893,0.017037086856679373
7310,0.7449316360207452,0.01,0.8998186130877633,0.5000000000000517,0
7311,0.7755775577557764,0.4,0.7699176782475233,0.37059047745133855,0.017037086854769457
7312,0.8189533239038194,0.01,0.6455978791684107,0.25000000000461553,0.066987298
7313,0.8629577243438633,0.01,0.5823915166736431,0.14644660940721593,0.14644660940623655
7314,0.8885745717428892,0.4,0.6331798520999024,0.066987298,0.24999999999711486
7315,0.9033474776049037,0.4,0.6499232593832844,0.017037086857011108,0.3705904774429727
7316,0.9066478076379068,0.75,0.677549881,0,0.4999999999986666
7317,0.9151343705799158,0.4,0.68285196,0.017037086854437777,0.6294095225474234
7318,0.9234637749489232,0.75,0.7468954932328729,0.066987298,0.7500000000005757
7319,0.9234637749489232,0.75,0.8638202874284917,0.14644660940533027,0.8535533905918777
7320,0.9173345906019175,0.75,0.7957304311427376,0.24999999999600492,0.9330127018899128
7321,0.9198491277699206,0.75,0.5748569833961211,0.3705904774487627,0.9829629131445403
7322,0.9138771019959147,0.4,0.44202595228128927,0.5,1
7323,0.89203206,0.4,0.37812194781638064,0.6294095225461854,0.9829629131458939
7324,0.8595002357378596,0.2,0.34072833821682713,0.7499999999994658,0.9330127018925278
7325,0.8376551940908379,0.2,0.23831449700013954,0.8535533905909716,0.853553391
7326,0.8055948451988058,0.01,0.14371424584903028,0.933012702,0.75
7327,0.8044947351878045,0.01,0.081903167,0.9829629131442086,0.6294095225524753
7328,0.7909790979097919,0.01,0.040881819,1,0.5000000000038967
7329,0.7842212792707852,0.01,0.027068508441467836,0.9829629131462256,0.3705904774550526
7330,0.7708628005657707,0.01,0.037951723,0.9330127018931687,0.25000000000164424
7331,0.7565613704227565,0.01,0.1134365843449142,0.8535533905964823,0.14644660940993476
7332,0.7480748074807484,0.01,0.4049113994697921,0.7499999999999138,0.066987298
7333,0.752946723,0.01,0.799079113,0.6294095225537133,0.017037086856123096
7334,0.7416313059877413,0.01,0.8827961490163247,0.5000000000051784,0
7335,0.7722772277227725,0.01,0.8286591321333892,0.37059047744926255,0.017037086855325734
7336,0.8088951752318096,0.75,0.6697362913352867,0.2500000000027542,0.066987298
7337,0.8351406569228348,0.75,0.6031812473838426,0.14644660941084103,0.14644660940261145
7338,0.8683011158258682,0.4,0.6510394865355099,0.066987298,0.2499999999989762
7339,0.8907747917648909,0.01,0.7002930096274591,0.017037087,0.3705904774450487
7340,0.906490649,0.75,0.6866192270126971,0,0.49999999999353995
7341,0.9198491277699206,0.75,0.6843867727082461,0.017037087,0.6294095225494994
7342,0.9306930693069311,0.4,0.7814985349518627,0.066987298,0.7499999999961359
7343,0.9413798522709418,0.4,0.9122366401562718,0.14644660940685006,0.8535533905933976
7344,0.9391796322489392,0.2,0.8403795172317566,0.24999999999786626,0.9330127018909874
7345,0.9379223636649381,0.05,0.581554346,0.3705904774438107,0.9829629131432134
7346,0.9195348106239192,0.05,0.45500209292591043,0.49999999999953426,1
7347,0.8943894389438944,0.05,0.4060276266220176,0.6294095225482614,0.9829629131453377
7348,0.8569856985698574,0.05,0.38398214036556444,0.7499999999950259,0.9330127018950911
7349,0.8282256797108283,0.05,0.25938328449839543,0.8535533905924912,0.8535533905940562
7350,0.7977369165487977,0.01,0.1534812334310032,0.9330127018903466,0.7500000000032437
7351,0.7988370265597999,0.01,0.083019394,0.9829629131428816,0.6294095225574273
7352,0.7977369165487977,0.4,0.04953258,1,0.5000000000017475
7353,0.7887788778877884,0.4,0.032091530626482484,0.9829629131456694,0.3705904774529765
7354,0.7785635706427789,0.4,0.046602483605413705,0.933012702,0.2499999999997829
7355,0.7663052019487666,0.01,0.1160876238314497,0.8535533905949626,0.14644660940841503
7356,0.7584472732987586,0.01,0.39486535509976284,0.7500000000043536,0.066987298
7357,0.7505893446487506,0.01,0.7828938188921445,0.6294095225516373,0.017037087
7358,0.7449316360207452,0.4,0.8841914329566066,0.5000000000030291,0
7359,0.7549897846927558,0.4,0.8254499790707409,0.37059047745421453,0.017037087
7360,0.7856357064277861,0.01,0.6719687456397376,0.2500000000008929,0.066987298
7361,0.8134527738488138,0.75,0.6129482349658155,0.1464466094093213,0.14644660940413118
7362,0.8332547540468336,0.4,0.6362494767685224,0.066987298,0.24999999999453637
7363,0.8543140028288545,0.4,0.6675038370308357,0.017037086855898553,0.37059047744712476
7364,0.8741159830268743,0.01,0.6648527975443003,0,0.4999999999956892
7365,0.8794593745088801,0.01,0.7221989674898842,0.017037086855550276,0.6294095225515755
7366,0.8805594845198814,0.01,0.778707967,0.066987298,0.7499999999979972
7367,0.8885745717428892,0.75,0.8674480256732244,0.1464466094032249,0.8535533905897724
7368,0.88873173,0.4,0.840658574,0.24999999999972755,0.933012702
7369,0.8720729215778724,0.75,0.633737966,0.37059047744588675,0.9829629131437697
7370,0.8628005657708635,0.75,0.5096972233849588,0.49999999999440753,1
7371,0.8450416470218456,0.75,0.44453746337379657,0.6294095225503376,0.9829629131447815
7372,0.8021373565928029,0.75,0.38007534533277526,0.7499999999968872,0.9330127018940165
7373,0.7914505736287913,0.75,0.26022045486256457,0.8535533905888661,0.8535533905976813
7374,0.7898789878987897,0.75,0.15306264824891866,0.9330127018914212,0.7500000000013824
7375,0.7784064120697791,0.9,0.080926469,0.982962913,0.6294095225553513
7376,0.7628477133427629,0.9,0.039207479,1,0.49999999999959815
7377,0.7516894546597528,0.75,0.029161434,0.9829629131451132,0.3705904774509005
7378,0.7405311959767409,0.9,0.038649365,0.9330127018946573,0.25000000000422273
7379,0.7337733773377342,0.9,0.10925073252406865,0.8535533905934427,0.14644660940689525
7380,0.7296872544397295,0.9,0.38370308357750804,0.7500000000024925,0.066987298
7381,0.7276441929907276,0.9,0.7460583228687038,0.6294095225565892,0.017037086856893757
7382,0.7138142385667146,0.9,0.7936375052323148,0.5000000000008799,0
7383,0.7032846141757036,0.9,0.740895772,0.37059047745213847,0.017037086854555128
7384,0.6980983812666985,0.9,0.6594111901772011,0.25000000000533273,0.066987298
7385,0.6820682068206829,0.9,0.5932747314078415,0.14644660940780146,0.14644660940565096
7386,0.670909948,0.9,0.639040045,0.066987298,0.24999999999639771
7387,0.6731101681596736,0.9,0.6831310171619924,0.017037086855342276,0.37059047744920076
7388,0.6685525695426686,0.9,0.696386215,0,0.4999999999978385
7389,0.6764104981926766,0.9,0.7442444537463373,0.017037086854223393,0.6294095225466235
7390,0.6740531195976742,0.9,0.8020092088740058,0.066987298,0.7499999999998586
7391,0.6720100581486723,0.9,0.903306823,0.1464466094047447,0.8535533905912922
7392,0.6751532296086755,0.9,0.8297753592856146,0.24999999999528771,0.9330127018894987
7393,0.679396511,0.9,0.6464350495325798,0.37059047744796275,0.982962913
7394,0.6814395725286819,0.9,0.4628156829914888,0.4999999999965568,1
7395,0.6762533396196768,0.9,0.4199804660248361,0.6294095225453855,0.9829629131461083
7396,0.6740531195976742,0.9,0.5166736430863681,0.7499999999987486,0.9330127018929419
7397,0.6688668866886691,0.75,0.3223105902051068,0.8535533905903859,0.8535533905961616
7398,0.660380324,0.75,0.21333891446909445,0.9330127018924959,0.75
7399,0.6594373723086604,0.9,0.095995535,0.9829629131439943,0.6294095225532752
7400,0.6573943108596585,0.9,0.044788614,1,0.5000000000047249
7401,0.6573943108596585,0.9,0.030696246686200645,0.9829629131445569,0.37059047744882445
7402,0.6635234952066642,0.9,0.035300684,0.9330127018935828,0.25000000000236144
7403,0.6685525695426686,0.75,0.10534393749127947,0.8535533905970678,0.14644660941052035
7404,0.6635234952066642,0.75,0.3751918515417888,0.75,0.066987298
7405,0.660380324,0.75,0.7413143574717455,0.6294095225545132,0.017037087
7406,0.6635234952066642,0.75,0.8458211245988558,0.5000000000060065,0
7407,0.6720100581486723,0.4,0.7307101995256035,0.37059047745006246,0.017037086855111405
7408,0.6910262454816913,0.9,0.6508999581414817,0.25000000000347145,0.066987298
7409,0.7303158887317305,0.2,0.6144830473001256,0.1464466094062818,0.1464466094071707
7410,0.7600188590287602,0.01,0.6754569554904423,0.066987298,0.24999999999825895
7411,0.7925506836397926,0.4,0.7082461280870657,0.017037087,0.3705904774442488
7412,0.8123526638378125,0.4,0.7106181107855448,0,0.49999999999998773
7413,0.8324689611818328,0.75,0.7604297474536068,0.017037087,0.6294095225486995
7414,0.8417413169888417,0.75,0.8060555323008232,0.066987298,0.7499999999954186
7415,0.8516423070878516,0.4,0.8306125296497837,0.14644660940626442,0.853553391
7416,0.8481848184818488,0.4,0.7226175526719687,0.24999999999714906,0.9330127018905734
7417,0.8527424170988529,0.4,0.6168550299986046,0.37059047744301077,0.9829629131429991
7418,0.8381266698098391,0.4,0.5155574159341426,0.4999999999987061,1
7419,0.8224108125098231,0.4,0.4315613227291754,0.6294095225474615,0.9829629131455521
7420,0.7799779977997798,0.75,0.43295660666945723,0.7499999999943087,0.9330127018955052
7421,0.7505893446487506,0.4,0.40295800195339754,0.8535533905919057,0.8535533905946419
7422,0.7202577400597208,0.01,0.3223105902051068,0.9330127018899325,0.7500000000039609
7423,0.7090994813767089,0.01,0.18961908748430303,0.9829629131445505,0.6294095225511992
7424,0.6988841741316993,0.01,0.10729733500767406,1,0.5000000000025756
7425,0.6899261354706909,0.01,0.060415795,0.9829629131458837,0.3705904774537765
7426,0.6776677667766777,0.01,0.041998047,0.9330127018925081,0.25000000000050016
7427,0.6652522395096656,0.01,0.04953258,0.8535533905955481,0.14644660940900056
7428,0.6540939808266546,0.01,0.1070182782196177,0.7500000000050708,0.066987298
7429,0.6495363822096505,0.01,0.18389842332914746,0.6294095225524372,0.017037086855781203
7430,0.6489077479176495,0.2,0.2549183758894935,0.5000000000038572,0
7431,0.6731101681596736,0.01,0.35356495046742015,0.37059047745501444,0.017037086853784522
7432,0.7180575200377182,0.01,0.4933724012836613,0.25000000000161005,0.066987298
7433,0.7560898947037562,0.01,0.5491837588949351,0.14644660940990684,0.1464466094035456
7434,0.7892503536067896,0.75,0.5622994279335845,0.066987298,0.2500000000001203
7435,0.8101524438158108,0.75,0.6169945583926328,0.017037086856112882,0.3705904774463248
7436,0.8343548640578349,0.75,0.5950886005302078,0,0.49999999999486106
7437,0.8448844884488449,0.01,0.6137854053299846,0.017037086855335948,0.6294095225507755
7438,0.8522709413798526,0.75,0.6093204967210827,0.066987298,0.75
7439,0.8437843784378436,0.9,0.6241105064880703,0.14644660940263932,0.8535533905891868
7440,0.8461417570328469,0.75,0.6197851262731966,0.24999999999901035,0.933012702
7441,0.8224108125098231,0.75,0.551416213,0.3705904774450868,0.9829629131435553
7442,0.8090523338048095,0.9,0.4822101297614065,0.4999999999935794,1
7443,0.7820210592487817,0.75,0.41551555741593416,0.6294095225495375,0.9829629131449957
7444,0.7652050919377653,0.9,0.3926329007953119,0.75,0.9330127018944305
7445,0.7474461731887474,0.75,0.4162131993860751,0.8535533905934254,0.8535533905931221
7446,0.7337733773377342,0.01,0.5274173294265383,0.933012702,0.7500000000020997
7447,0.7134999214207141,0.01,0.24724431421794332,0.9829629131432236,0.6294095225561512
7448,0.707685054,0.4,0.14483047300125576,1,0.5000000000004263
7449,0.7023416627377022,0.01,0.086228548,0.9829629131453275,0.37059047745170043
7450,0.7086280056577094,0.01,0.054137017,0.9330127018950714,0.25000000000493994
7451,0.7097281156687099,0.01,0.041998047,0.8535533905940283,0.14644660940748083
7452,0.7106710671067114,0.01,0.075205804,0.7500000000032095,0.066987298
7453,0.7134999214207141,0.01,0.131435747,0.6294095225573892,0.017037086857108086
7454,0.7106710671067114,0.9,0.16687595925770893,0.5,0
7455,0.7191576300487195,0.75,0.263569136,0.37059047745293844,0.017037087
7456,0.7405311959767409,0.4,0.365564392,0.24999999999974876,0.066987298
7457,0.7683482633977685,0.75,0.4868145667643366,0.1464466094083871,0.14644660940506538
7458,0.7945937450887945,0.75,0.5865773684944886,0.066987298,0.24999999999568046
7459,0.8134527738488138,0.75,0.6310869261894795,0.017037087,0.37059047744840085
7460,0.8313688511708324,0.9,0.5980186968047998,0,0.49999999999701034
7461,0.8247681911048255,0.9,0.5682991488767964,0.017037086854009065,0.6294095225458236
7462,0.8021373565928029,0.75,0.5779266080647412,0.066987298,0.7499999999991412
7463,0.8041804180418048,0.75,0.5371843170085112,0.1464466094041591,0.8535533905907067
7464,0.8112525538268112,0.75,0.5525324403516115,0.2499999999945705,0.9330127018890846
7465,0.7914505736287913,0.9,0.5422073391935258,0.37059047744716284,0.9829629131441117
7466,0.7788778877887794,0.9,0.5042556160178596,0.49999999999572864,1
7467,0.7663052019487666,0.9,0.3849588391237617,0.6294095225516136,0.9829629131444395
7468,0.7460317460317465,0.9,0.35607646155992745,0.7499999999980314,0.933012702
7469,0.7285871444287291,0.75,0.3751918515417888,0.8535533905898003,0.8535533905967472
7470,0.7190004714757188,0.9,0.1907353146365285,0.9330127018920817,0.7500000000002383
7471,0.7180575200377182,0.01,0.072415237,0.9829629131437799,0.6294095225540751
7472,0.7054848341977054,0.01,0.040742291,1,0.5
7473,0.6877259154486874,0.01,0.024975583,0.9829629131447712,0.37059047744962437
7474,0.6834826339776838,0.4,0.033068229,0.9330127018939968,0.25000000000307865
7475,0.670909948,0.01,0.10687874982558951,0.8535533905976534,0.14644660941110593
7476,0.6685525695426686,0.01,0.3857960094879308,0.7500000000013483,0.066987298
7477,0.6625805437686627,0.01,0.7721501325519743,0.6294095225553131,0.017037087
7478,0.6614804337576623,0.01,0.8712152923119855,0.49999999999955874,0
7479,0.6899261354706909,0.05,0.831589228,0.3705904774508624,0.017037086854897077
7480,0.7270155586987266,0.9,0.6647132691502721,0.25000000000418865,0.066987298
7481,0.7567185289957572,0.01,0.5911818054974187,0.14644660940686732,0.14644660940658516
7482,0.7975797579757979,0.05,0.6128087065717873,0.066987298,0.2499999999975418
7483,0.8249253496778253,0.4,0.6619227012697083,0.017037086856883488,0.37059047744344886
7484,0.8469275498978468,0.4,0.6679224222129203,0,0.4999999999991596
7485,0.8615432971868615,0.4,0.722059439,0.017037086854565342,0.6294095225478996
7486,0.8661008958038665,0.4,0.7954513743546812,0.066987298,0.7499999999947015
7487,0.8731730315888737,0.4,0.886702944,0.14644660940567883,0.8535533905922263
7488,0.876316203,0.4,0.855727641,0.2499999999964318,0.9330127018901593
7489,0.880873802,0.4,0.646574578,0.3705904774492389,0.982962913
7490,0.8679867986798686,0.2,0.46128087065717877,0.4999999999978779,1
7491,0.8543140028288545,0.2,0.3696107157806614,0.6294095225466616,0.9829629131457664
7492,0.8158101524438162,0.75,0.32705455560206503,0.7499999999998926,0.9330127018922814
7493,0.7652050919377653,0.05,0.23510534393749125,0.8535533905913201,0.8535533905952275
7494,0.7392739273927398,0.01,0.148039626,0.9330127018895185,0.75
7495,0.7259154486877262,0.01,0.077019674,0.9829629131443363,0.6294095225519991
7496,0.723400912,0.01,0.039347007,1,0.5000000000034037
7497,0.7123998114097128,0.01,0.029021905957862425,0.9829629131460982,0.3705904774545764
7498,0.7106710671067114,0.01,0.035300684,0.9330127018929222,0.2500000000012173
7499,0.697784064,0.01,0.10827403376587136,0.8535533905961337,0.14644660940958615
7500,0.6940122583686947,0.01,0.40044649086089024,0.75,0.066987298
7501,0.6877259154486874,0.01,0.784707688,0.6294095225532371,0.017037087
7502,0.6919691969196928,0.05,0.9048416352727779,0.5000000000046854,0
7503,0.7257582901147264,0.05,0.8371703641691084,0.37059047744878637,0.017037086855453354
7504,0.7628477133427629,0.01,0.6732245011859913,0.25000000000232725,0.066987298
7505,0.8085808580858083,0.01,0.5928561462257569,0.14644660941049248,0.146446609
7506,0.8412698412698414,0.2,0.644202595,0.066987298,0.24999999999940314
7507,0.8584001257268583,0.01,0.6682014790009767,0.017037086856327266,0.37059047744552487
7508,0.8796165330818799,0.75,0.6686200641830612,0,0.49999999999403294
7509,0.8837026559798837,0.75,0.7014092367796846,0.017037087,0.6294095225499756
7510,0.8876316203048877,0.4,0.8112180828798661,0.066987298,0.7499999999965627
7511,0.8951752318088961,0.4,0.9605134644900237,0.1464466094071986,0.8535533905937461
7512,0.8953323903818959,0.4,0.9122366401562718,0.24999999999829314,0.9330127018912339
7513,0.894075122,0.4,0.7388028463792381,0.37059047744428686,0.982962913
7514,0.8816595945308818,0.4,0.4972791963164504,0.5000000000000272,1
7515,0.8673581643878676,0.4,0.4176084833263569,0.6294095225487376,0.9829629131452101
7516,0.8291686311488289,0.75,0.4792800334868146,0.7499999999954527,0.9330127018948446
7517,0.7928650007857931,0.75,0.2642667782893819,0.8535533905928399,0.8535533905937076
7518,0.7675624705327677,0.01,0.15138830752058044,0.933012702,0.7500000000028169
7519,0.7590759075907596,0.01,0.078554486,0.9829629131430093,0.6294095225569512
7520,0.749646393,0.01,0.039347007,1,0.5000000000012544
7521,0.7383309759547383,0.01,0.02692898,0.9829629131455419,0.37059047745250034
7522,0.7337733773377342,0.4,0.03739361,0.9330127018954855,0.25000000000565714
7523,0.7303158887317305,0.01,0.11664573740756244,0.853553391,0.14644660940806642
7524,0.7180575200377182,0.01,0.4067252685921585,0.7500000000039267,0.066987298
7525,0.7180575200377182,0.01,0.7939165620203711,0.6294095225511611,0.017037086855439254
7526,0.7204148986327206,0.75,0.8237756383424026,0.5000000000025362,0
7527,0.7400597202577406,0.75,0.8500069764197014,0.37059047745373835,0.017037087
7528,0.7567185289957572,0.01,0.6802009208874006,0.25000000000046596,0.066987298
7529,0.7714914348577717,0.75,0.593693317,0.14644660940897275,0.14644660940447973
7530,0.7735344963067736,0.9,0.6308078694014232,0.066987298,0.24999999999496325
7531,0.7777777777777781,0.9,0.6365285335565787,0.017037087,0.3705904774476009
7532,0.7685054219707692,0.9,0.6398772150132551,0,0.49999999999618217
7533,0.7531038818167537,0.9,0.6783870517650341,0.017037086853794736,0.6294095225450237
7534,0.7619047619047623,0.9,0.7424305846239709,0.066987298,0.75
7535,0.7630048719157636,0.9,0.9028882377563834,0.1464466094035735,0.853553391
7536,0.7663052019487666,0.9,0.8188921445514162,0.2500000000001545,0.9330127018923084
7537,0.7595473833097599,0.9,0.6298311706432259,0.3705904774463629,0.9829629131438973
7538,0.7584472732987586,0.9,0.4314217943351472,0.4999999999949005,1
7539,0.7595473833097599,0.9,0.3941677131296219,0.6294095225508137,0.9829629131446538
7540,0.764104982,0.9,0.3252406864796986,0.7499999999973141,0.933012702
7541,0.7600188590287602,0.9,0.23231477605692757,0.8535533905892148,0.8535533905973327
7542,0.7579757975797583,0.4,0.14357471745500208,0.9330127018916676,0.7500000000009555
7543,0.7527895646707532,0.9,0.071019953,0.9829629131435655,0.629409523
7544,0.7422599402797423,0.9,0.03474257,1,0.5000000000063811
7545,0.7348734873487346,0.01,0.024417469,0.9829629131449855,0.3705904774504243
7546,0.7254439729687259,0.4,0.033765871,0.9330127018944109,0.25000000000379585
7547,0.7160144585887163,0.4,0.11441328310311148,0.8535533905930941,0.14644660940654664
7548,0.7166430928807173,0.75,0.4008650760429748,0.7500000000020655,0.066987298
7549,0.7191576300487195,0.75,0.7934979768382866,0.629409523,0.017037086856766137
7550,0.7213578500707221,0.9,0.9235384400725547,0.5000000000003869,0
7551,0.7281156687097288,0.75,0.8286591321333892,0.3705904774516623,0.017037086854682748
7552,0.7403740374037411,0.75,0.6913631924096554,0.2500000000049058,0.066987298
7553,0.7485462831997487,0.9,0.652574299,0.14644660940745297,0.14644660940599952
7554,0.7630048719157636,0.9,0.6827124319799078,0.066987298,0.2499999999968246
7555,0.7840641206977836,0.9,0.6771312962187805,0.017037086857097872,0.3705904774426489
7556,0.7999371365708003,0.75,0.6836891307381052,0,0.49999999999833145
7557,0.8077950652208084,0.75,0.737965676,0.017037086854351013,0.6294095225470997
7558,0.8112525538268112,0.75,0.7912655225338356,0.066987298,0.7500000000002853
7559,0.8092094923778093,0.75,0.8668899120971117,0.14644660940509324,0.8535533905916408
7560,0.8088951752318096,0.4,0.8624250034882098,0.24999999999571465,0.9330127018897452
7561,0.8112525538268112,0.75,0.6389005162550578,0.3705904774484389,0.9829629131444535
7562,0.8167531038818177,0.4,0.4658853076601089,0.4999999999970498,1
7563,0.7966368065377964,0.4,0.41579461420399055,0.6294095225458617,0.9829629131459807
7564,0.7736916548797743,0.4,0.4406306683410074,0.7499999999991754,0.9330127018926954
7565,0.7526324060977525,0.01,0.2978931212501744,0.8535533905907345,0.853553391
7566,0.7359735973597368,0.2,0.18152644063066833,0.9330127018891043,0.7500000000053954
7567,0.7285871444287291,0.01,0.083996093,0.9829629131441219,0.629409523
7568,0.7213578500707221,0.01,0.044370029300962746,1,0.5000000000042318
7569,0.7065849442087075,0.01,0.031812473838426114,0.9829629131444293,0.3705904774483483
7570,0.6940122583686947,0.01,0.041300405,0.9330127018933363,0.25000000000193456
7571,0.6899261354706909,0.01,0.10897167573601228,0.8535533905967193,0.1464466094101718
7572,0.6845827439886851,0.75,0.37421515278359146,0.7500000000002041,0.066987298
7573,0.6803394625176806,0.01,0.7315473698897725,0.629409523,0.017037087
7574,0.6820682068206829,0.9,0.8267057346169945,0.5000000000055136,0
7575,0.6932264655036939,0.9,0.7330821822240826,0.3705904774495863,0.017037087
7576,0.7180575200377182,0.75,0.6391795730431142,0.25000000000304445,0.066987298
7577,0.7494892346377493,0.05,0.6489465606250872,0.146446609,0.14644660940237442
7578,0.7923935250667928,0.05,0.6806195060694851,0.066987298,0.24999999999868594
7579,0.816595945,0.4,0.7415934142598019,0.017037086856541594,0.37059047744472495
7580,0.8291686311488289,0.01,0.737965676,0,0.5000000000004807
7581,0.8293257897218305,0.01,0.7569415376029022,0.017037087,0.6294095225491757
7582,0.8448844884488449,0.01,0.754569555,0.066987298,0.7499999999958455
7583,0.8543140028288545,0.75,0.8131714803962606,0.14644660940661303,0.8535533905931605
7584,0.8606003457488609,0.4,0.7325240686479698,0.24999999999757594,0.9330127018908199
7585,0.8492849284928501,0.75,0.6195060694851402,0.37059047744348694,0.9829629131431267
7586,0.8461417570328469,0.01,0.5367657318264266,0.49999999999919903,1
7587,0.8250825082508251,0.4,0.4880703223105903,0.6294095225479377,0.9829629131454245
7588,0.7894075121797894,0.4,0.6239709780940421,0.7499999999947355,0.9330127018952588
7589,0.7579757975797583,0.4,0.44300265103948655,0.8535533905922543,0.8535533905942932
7590,0.7317303158887323,0.01,0.30124180270685086,0.933012702,0.7500000000035341
7591,0.7243438629577246,0.01,0.19799079112599413,0.9829629131446782,0.629409523
7592,0.7139713971397144,0.01,0.11859913492395703,1,0.5000000000020827
7593,0.7045418827597056,0.4,0.073252407,0.9829629131457562,0.3705904774533003
7594,0.6888260254596896,0.01,0.047579182,0.9330127018922616,0.25000000000007316
7595,0.6764104981926766,0.01,0.046881540393470075,0.8535533905951995,0.146446609
7596,0.6608517994656613,0.01,0.097390819,0.7500000000046441,0.066987298
7597,0.6542511393996544,0.01,0.1898981442723594,0.629409523,0.017037086855653583
7598,0.6511079679396512,0.01,0.25477884749546537,0.5000000000033643,0
7599,0.6782964010686787,0.01,0.35802985907632207,0.37059047745453827,0.017037086853912087
7600,0.7348734873487346,0.05,0.45235105343937493,0.25000000000118316,0.066987298
7601,0.7774634606317776,0.01,0.5187665689967909,0.14644660940955828,0.1464466094038942
7602,0.8114097123998119,0.01,0.5731826426677828,0.066987298,0.25000000000054723
7603,0.8343548640578349,0.01,0.6160178596344356,0.017037086855985317,0.37059047744680096
7604,0.8505421970768503,0.01,0.6305288126133668,0,0.49999999999535405
7605,0.8595002357378596,0.4,0.6522952420817636,0.017037086855463568,0.6294095225512517
7606,0.8606003457488609,0.4,0.6610855309055392,0.066987298,0.75
7607,0.873015873,0.75,0.6645737407562439,0.14644660940298793,0.8535533905895354
7608,0.8679867986798686,0.75,0.6426677828938189,0.24999999999943728,0.9330127018918944
7609,0.8637435172088641,0.75,0.6048555881121808,0.37059047744556295,0.982962913
7610,0.8543140028288545,0.75,0.5027208036835495,0.49999999999407235,1
7611,0.8213107024988209,0.75,0.4738384261197154,0.6294095225500137,0.9829629131448682
7612,0.7851642307087858,0.75,0.464490024,0.7499999999965969,0.9330127018941841
7613,0.7590759075907596,0.75,0.5219757220594391,0.8535533905886292,0.8535533905979185
7614,0.7402168788307404,0.01,0.3072415236500628,0.9330127018912536,0.7500000000016727
7615,0.7328304258997327,0.01,0.21515278359146087,0.9829629131433513,0.6294095225556751
7616,0.7150715071507148,0.01,0.12125017441049253,1,0.49999999999993333
7617,0.7035989313217041,0.01,0.065299288,0.9829629131451999,0.37059047745122425
7618,0.6993556498506996,0.01,0.045207199665131856,0.9330127018948249,0.25000000000451306
7619,0.6962124783906964,0.01,0.03557974,0.8535533905936799,0.14644660940713222
7620,0.6962124783906964,0.01,0.055671829217245714,0.7500000000027827,0.066987298
7621,0.7002986012887003,0.4,0.10394865355099764,0.6294095225569131,0.017037086856980466
7622,0.7114568599717122,0.01,0.13757499651179014,0.5,0
7623,0.7202577400597208,0.4,0.22226873168689829,0.37059047745246226,0.017037086854468364
7624,0.7326732673267329,0.4,0.34547230361378545,0.25,0.066987298
7625,0.7438315260097448,0.9,0.44300265103948655,0.1464466094080385,0.14644660940541399
7626,0.7650479333647655,0.75,0.5134644900237197,0.066987298,0.2499999999961074
7627,0.7851642307087858,0.75,0.5648109390260918,0.017037087,0.37059047744887696
7628,0.7931793179317936,0.75,0.57778708,0,0.49999999999750333
7629,0.7931793179317936,0.75,0.6315055113715641,0.017037086854136685,0.6294095225462998
7630,0.7898789878987897,0.75,0.6411329705595088,0.066987298,0.7499999999995682
7631,0.7788778877887794,0.4,0.6061113436584344,0.14644660940450765,0.8535533905910552
7632,0.7795065220807795,0.9,0.5886702944049114,0.24999999999499745,0.933012702
7633,0.7920792079207923,0.9,0.5530905539277242,0.370590477,0.9829629131442392
7634,0.7903504636177909,0.9,0.511371564,0.49999999999622163,1
7635,0.7820210592487817,0.75,0.3831449700013953,0.6294095225450618,0.982962913
7636,0.7652050919377653,0.9,0.3146365285335566,0.7499999999984582,0.9330127018931095
7637,0.7630048719157636,0.9,0.23357053160318125,0.8535533905901489,0.8535533905963986
7638,0.7584472732987586,0.9,0.13283103111483185,0.9330127018923282,0.7499999999998114
7639,0.7421027817067425,0.9,0.067810799,0.9829629131439075,0.6294095225535989
7640,0.7394310859657396,0.9,0.038928422,1,0.5000000000050601
7641,0.7328304258997327,0.9,0.022882656620622294,0.9829629131446436,0.3705904774491482
7642,0.7296872544397295,0.4,0.031254360262313374,0.9330127018937503,0.25000000000265177
7643,0.7281156687097288,0.9,0.1060415794614204,0.853553391,0.14644660941075738
7644,0.7292157787207301,0.01,0.3841216687595926,0.7500000000009213,0.066987298
7645,0.7259154486877262,0.01,0.7732663597041998,0.629409523,0.017037087
7646,0.7237152286657236,0.01,0.9148876796428073,0.5000000000063417,0
7647,0.7317303158887323,0.4,0.817217804,0.3705904774503862,0.017037087
7648,0.7359735973597368,0.9,0.6218780521836194,0.25000000000376166,0.066987298
7649,0.7505893446487506,0.9,0.5766708525184875,0.14644660940651877,0.14644660940693371
7650,0.7551469432657556,0.9,0.6146225756941537,0.066987298,0.24999999999796868
7651,0.7703913248467713,0.9,0.6514580717175945,0.017037086856755923,0.37059047744392504
7652,0.7747917648907747,0.75,0.6479698618668899,0,0.49999999999965256
7653,0.787678768,0.9,0.6834100739500488,0.017037086854692962,0.6294095225483758
7654,0.7944365865157947,0.9,0.7502441746895493,0.066987298,0.7499999999951283
7655,0.816595945,0.75,0.8798660527417329,0.14644660940602744,0.853553391
7656,0.8255539839698263,0.75,0.8257290358587972,0.2499999999968588,0.9330127018904057
7657,0.8268112525538274,0.75,0.5744383982140365,0.370590477,0.9829629131429123
7658,0.8219393367908219,0.75,0.4399330263708665,0.4999999999983709,1
7659,0.8134527738488138,0.75,0.3751918515417888,0.6294095225471378,0.9829629131456388
7660,0.7842212792707852,0.4,0.3248221012976141,0.7500000000003195,0.9330127018920349
7661,0.756875688,0.4,0.2140365564392354,0.8535533905916687,0.8535533905948789
7662,0.7427314159987426,0.01,0.13004046323426816,0.9330127018897649,0.7500000000042513
7663,0.7276441929907276,0.01,0.068368913,0.9829629131444637,0.6294095225515229
7664,0.7160144585887163,0.01,0.041439933,1,0.5000000000029108
7665,0.7034417727487035,0.01,0.021626901074368637,0.9829629131459705,0.37059047745410023
7666,0.6982555398396983,0.01,0.036695968,0.9330127018926757,0.2500000000007904
7667,0.6910262454816913,0.9,0.11245988558671689,0.8535533905957852,0.1464466094092376
7668,0.6847399025616849,0.01,0.3959815822519883,0.7500000000053612,0.066987298
7669,0.6899261354706909,0.01,0.7943351472024557,0.629409523,0.017037087
7670,0.6825396825396823,0.01,0.8854471885028603,0.5000000000041924,0
7671,0.6929121483576934,0.2,0.8336821543184038,0.3705904774483102,0.017037087
7672,0.7139713971397144,0.9,0.6694572345472304,0.25000000000190037,0.066987298
7673,0.7369165487977365,0.75,0.6245290916701548,0.14644660941014387,0.14644660940330861
7674,0.7590759075907596,0.01,0.6471326915027208,0.066987298,0.24999999999983002
7675,0.7931793179317936,0.75,0.6884330961350634,0.017037086856199646,0.37059047744600104
7676,0.8147100424328149,0.01,0.6793637505232315,0,0.4999999999945259
7677,0.8324689611818328,0.75,0.7068508441467839,0.017037086855249184,0.6294095225504518
7678,0.8475561841898478,0.01,0.7868006139249337,0.066987298,0.7499999999969897
7679,0.8557284299858554,0.01,0.8989814427235943,0.14644660940240228,0.8535533905889499
7680,0.8514851485148518,0.01,0.8899120971117622,0.24999999999872008,0.9330127018914804
7681,0.838912463,0.01,0.6474117482907772,0.37059047744476303,0.9829629131434686
7682,0.8291686311488289,0.9,0.4738384261197154,0.5000000000005201,1
7683,0.8110953952538114,0.9,0.4162131993860751,0.6294095225492138,0.9829629131450826
7684,0.7905076221907907,0.9,0.3520301381331101,0.7499999999958797,0.9330127018945982
7685,0.7747917648907747,0.05,0.25296497837309895,0.8535533905931885,0.8535533905933591
7686,0.7619047619047623,0.01,0.2056648527975443,0.9330127018908395,0.7500000000023899
7687,0.756247053,0.01,0.077019674,0.9829629131431369,0.629409523
7688,0.752946723,0.01,0.042974745,1,0.5000000000007615
7689,0.7494892346377493,0.01,0.025812753,0.9829629131454143,0.3705904774520242
7690,0.776567657,0.92,0.036416911,0.933012702,0.25000000000523026
7691,0.5716643092880713,0.01,0.10129761406446212,0.8535533905942654,0.1464466094077178
7692,0.776567657,0.92,0.39765592298032654,0.7500000000034999,0.066987298
7693,0.7493320760647495,0.9,0.7548486116924794,0.6294095225506849,0.017037087
7694,0.7527895646707532,0.9,0.8345193246825728,0.5000000000020431,0
7695,0.7540468332547543,0.9,0.844425841,0.3705904774532622,0.017037086854254035
7696,0.7603331761747607,0.9,0.6786661085530905,0.25,0.066987298
7697,0.764104982,0.9,0.5966234128645179,0.14644660940862408,0.14644660940482834
7698,0.7832783278327837,0.75,0.6458769359564671,0.066987298,0.2499999999953902
7699,0.8026088323118024,0.9,0.6892702664992326,0.017037087,0.37059047744807705
7700,0.8098381266698103,0.9,0.6619227012697083,0,0.49999999999667516
7701,0.8219393367908219,0.9,0.724291893,0.017037087,0.6294095225454999
7702,0.8400125726858403,0.75,0.7794056090414399,0.066987298,0.75
7703,0.8532138928178532,0.75,0.9231198548904702,0.14644660940392207,0.8535533905904695
7704,0.8571428571428572,0.9,0.8541928282405469,0.25000000000058137,0.9330127018925549
7705,0.85462832,0.9,0.632203153,0.3705904774468391,0.982962913
7706,0.8448844884488449,0.01,0.47495465327194086,0.49999999999539346,1
7707,0.831683168,0.9,0.35886702944049115,0.6294095225512899,0.9829629131445262
7708,0.8088951752318096,0.9,0.30249755825310454,0.75,0.9330127018935235
7709,0.8010372465818016,0.9,0.2687316868982838,0.8535533905895634,0.8535533905969842
7710,0.7988370265597999,0.9,0.17510813450537183,0.9330127018919141,0.7500000000005285
7711,0.7977369165487977,0.9,0.076322032,0.9829629131436932,0.629409523
7712,0.7920792079207923,0.9,0.040602763,1,0.5000000000058882
7713,0.7909790979097919,0.9,0.024138412,0.982962913,0.3705904774499481
7714,0.7856357064277861,0.9,0.027626622017580576,0.9330127018941643,0.2500000000033689
7715,0.7784064120697791,0.9,0.11218082879866052,0.8535533905978905,0.14644660941134297
7716,0.7722772277227725,0.9,0.3958420538579601,0.7500000000016385,0.066987298
7717,0.7663052019487666,0.4,0.7456397376866192,0.6294095225556369,0.017037086856638517
7718,0.7606474933207612,0.9,0.9052602204548625,0.4999999999998939,0
7719,0.7630048719157636,0.9,0.8200083717036417,0.3705904774511861,0.017037086854810313
7720,0.7735344963067736,0.9,0.6938747035021626,0.25000000000447886,0.066987298
7721,0.7763633506207772,0.9,0.6281568299148876,0.14644660940710436,0.14644660940634813
7722,0.7663052019487666,0.9,0.702385936,0.066987298,0.24999999999725153
7723,0.7639478233537642,0.9,0.6993163108692618,0.017037087,0.3705904774431251
7724,0.7571900047147575,0.9,0.676712711,0,0.49999999999882444
7725,0.7820210592487817,0.9,0.7195479280033487,0.017037086854478578,0.6294095225475759
7726,0.8074807480748079,0.9,0.7914050509278638,0.066987298,0.7499999999944111
7727,0.8112525538268112,0.9,0.9309334449560486,0.14644660940544185,0.8535533905919894
7728,0.8213107024988209,0.9,0.8702385935537882,0.24999999999614153,0.9330127018899916
7729,0.8147100424328149,0.9,0.6471326915027208,0.3705904774489151,0.9829629131445812
7730,0.8121955052648127,0.9,0.506767127,0.49999999999754274,1
7731,0.8062234794908067,0.9,0.4605832286870378,0.6294095225463379,0.9829629131458532
7732,0.7931793179317936,0.75,0.38105204409097254,0.7499999999996023,0.9330127018924489
7733,0.7787207292157787,0.4,0.33961211106460165,0.853553391,0.8535533905954644
7734,0.7630048719157636,0.4,0.19115389981861308,0.9330127018893508,0.7500000000049684
7735,0.7416313059877413,0.01,0.098227989,0.9829629131442494,0.6294095225523229
7736,0.7348734873487346,0.01,0.053160318124738384,1,0.5000000000037389
7737,0.7202577400597208,0.01,0.031812473838426114,0.9829629131461848,0.37059047745490015
7738,0.7158573000157165,0.01,0.035858797,0.9330127018930897,0.25000000000150757
7739,0.7101995913877102,0.01,0.10715780661364588,0.8535533905963707,0.14644660940982318
7740,0.7012415527267017,0.01,0.37254081205525325,0.7499999999997772,0.066987298
7741,0.701084394,0.01,0.7036416910841355,0.6294095225535609,0.017037086856082295
7742,0.7001414427157004,0.01,0.8465187665689967,0.5000000000050205,0
7743,0.7202577400597208,0.01,0.743267755,0.3705904774491101,0.017037087
7744,0.7359735973597368,0.01,0.6479698618668899,0.2500000000026176,0.066987298
7745,0.7595473833097599,0.01,0.6207618250313939,0.14644660941072946,0.14644660940272297
7746,0.7614332861857611,0.01,0.6591321333891447,0.066987298,0.24999999999911288
7747,0.7730630205877733,0.9,0.6949909306543881,0.017037086856413974,0.3705904774452011
7748,0.779820839,0.9,0.696386215,0,0.49999999999369776
7749,0.7842212792707852,0.01,0.7671271103669597,0.017037086855034855,0.6294095225496519
7750,0.788307402,0.4,0.7948932607785684,0.066987298,0.7499999999962725
7751,0.8071664309288074,0.75,0.8494488628435887,0.14644660940696158,0.8535533905935091
7752,0.8134527738488138,0.4,0.7516394586298312,0.24999999999800288,0.9330127018910663
7753,0.8246110325318248,0.9,0.6225756941537602,0.3705904774439631,0.9829629131432542
7754,0.8186390067578189,0.9,0.5024417468954931,0.5,1
7755,0.7966368065377964,0.75,0.4326775498814009,0.6294095225484139,0.9829629131452968
7756,0.7727487034417728,0.75,0.5197432677549881,0.7499999999951625,0.9330127018950123
7757,0.7450887945937459,0.01,0.4014231896190875,0.8535533905926028,0.8535533905939447
7758,0.7337733773377342,0.01,0.27082461280870657,0.9330127018904255,0.7500000000031071
7759,0.7265440829797272,0.01,0.18041021347844285,0.9829629131429225,0.6294095225572749
7760,0.7057991513437059,0.01,0.1024138412166876,1,0.5000000000015896
7761,0.7013987112997015,0.01,0.059718153,0.9829629131456286,0.37059047745282414
7762,0.6940122583686947,0.9,0.039765592298032656,0.9330127018920151,0.24999999999964628
7763,0.6798679867986794,0.01,0.039347007,0.8535533905948509,0.1464466094083034
7764,0.6720100581486723,0.4,0.10827403376587136,0.7500000000042171,0.066987298
7765,0.6674524595316682,0.01,0.1844565369052602,0.6294095225514849,0.017037086855526018
7766,0.6652522395096656,0.01,0.24780242779405606,0.5000000000028714,0
7767,0.6949552098066953,0.2,0.3623552392911958,0.3705904774540621,0.017037086854039707
7768,0.7254439729687259,0.01,0.4654667224780243,0.25000000000075623,0.066987298
7769,0.7622190790507619,0.9,0.52044091,0.14644660940920973,0.14644660940424276
7770,0.7977369165487977,0.05,0.568020092,0.066987298,0.24999999999467298
7771,0.8235109225208244,0.01,0.6137854053299846,0.017037086855857697,0.37059047744727713
7772,0.8359264497878356,0.01,0.6200641830612529,0,0.5
7773,0.8538425271098542,0.4,0.6584344914190038,0.017037086855591133,0.629409523
7774,0.8673581643878676,0.01,0.6415515557415934,0.066987298,0.7499999999981338
7775,0.876316203,0.05,0.6409934421654806,0.14644660940333648,0.853553391
7776,0.8785164230708795,0.4,0.6266220175805777,0.24999999999986422,0.9330127018921409
7777,0.8774163130598782,0.01,0.5634156550858099,0.3705904774460391,0.9829629131438106
7778,0.8700298601288705,0.2,0.5458350774382587,0.49999999999456535,1
7779,0.8459845984598471,0.2,0.5183479838147063,0.6294095225504899,0.9829629131447406
7780,0.8158101524438162,0.05,0.4746755964838845,0.7499999999970238,0.9330127018939376
7781,0.7894075121797894,0.01,0.45276963862145947,0.8535533905889777,0.8535533905975698
7782,0.7730630205877733,0.01,0.5523929119575833,0.9330127018915001,0.7500000000012458
7783,0.7675624705327677,0.01,0.31240407422910565,0.9829629131434788,0.6294095225551989
7784,0.7600188590287602,0.01,0.1598995395562997,1,0.4999999999994404
7785,0.760804652,0.01,0.10687874982558951,0.9829629131450723,0.3705904774507481
7786,0.7505893446487506,0.01,0.058462397,0.9330127018945784,0.2500000000040861
7787,0.7505893446487506,0.01,0.040184177,0.8535533905933312,0.14644660940678367
7788,0.7505893446487506,0.01,0.068368913,0.7500000000023557,0.066987298
7789,0.7485462831997487,0.01,0.11985489047021068,0.6294095225564369,0.017037087
7790,0.756247053,0.9,0.15934142598018697,0.5000000000007221,0
7791,0.7617476033317625,0.75,0.2533835635551835,0.3705904774519861,0.017037086854595984
7792,0.7809209492377813,0.4,0.3626342960792521,0.25000000000519607,0.066987298
7793,0.8213107024988209,0.9,0.4781638063345891,0.14644660940768994,0.14644660940576254
7794,0.8469275498978468,0.01,0.5500209292591042,0.066987298,0.24999999999653433
7795,0.8717586044318719,0.01,0.6054137016882936,0.017037086855301475,0.37059047744935314
7796,0.8888888888888888,0.01,0.6048555881121808,0,0.49999999999799627
7797,0.8976897689768975,0.4,0.6241105064880703,0.017037087,0.629409523
7798,0.9057048561999061,0.4,0.5970419980466024,0.066987298,0.7499999999999951
7799,0.9099481376709107,0.01,0.5982977535928561,0.14644660940485626,0.8535533905914038
7800,0.907747918,0.75,0.5783451932468257,0.24999999999542438,0.9330127018895775
7801,0.8987898789878987,0.9,0.5197432677549881,0.3705904774481152,0.9829629131443669
7802,0.8774163130598782,0.75,0.4490023719826985,0.49999999999671463,1
7803,0.858557284,0.75,0.44118878191712013,0.629409523,0.9829629131460675
7804,0.8334119126198343,0.75,0.35523929119575837,0.7499999999988852,0.9330127018928629
7805,0.8123526638378125,0.4,0.23426817357332216,0.8535533905904975,0.853553391
7806,0.7905076221907907,0.01,0.14497000139528393,0.9330127018889367,0.7500000000056857
7807,0.7757347163287762,0.01,0.070740896,0.9829629131440352,0.6294095225531229
7808,0.7642621404997647,0.01,0.038370308,1,0.5
7809,0.7527895646707532,0.01,0.021626901074368637,0.9829629131445161,0.370590477
7810,0.7454031117397455,0.4,0.032789173,0.9330127018935038,0.2500000000022248
7811,0.7433600502907436,0.75,0.10046044370029301,0.8535533905969563,0.14644660941040877
7812,0.7476033317617472,0.01,0.38258685642528256,0.7500000000004945,0.066987298
7813,0.7460317460317465,0.01,0.7452211525045347,0.6294095225543608,0.017037086856296624
7814,0.7461889046047463,0.75,0.9391656202037114,0.5000000000058488,0
7815,0.7505893446487506,0.9,0.7813590065578345,0.370590477,0.017037087
7816,0.7631620304887634,0.4,0.628435887,0.2500000000033348,0.066987298
7817,0.795536697,0.75,0.583926329,0.1464466094113151,0.14644660940213738
7818,0.8315260097438322,0.75,0.6133668201479001,0.066987298,0.24999999999839567
7819,0.8560427471318568,0.75,0.6327612669178178,0.017037087,0.3705904774444012
7820,0.8550997956938553,0.9,0.6721082740337658,0,0.5000000000001456
7821,0.82712557,0.9,0.7021068787498256,0.017037086854820527,0.629409523
7822,0.8197391167688202,0.9,0.7309892563136599,0.066987298,0.7499999999955553
7823,0.8092094923778093,0.9,0.8317287568020092,0.146446609,0.8535533905929236
7824,0.8088951752318096,0.9,0.8207060136737826,0.24999999999728567,0.9330127018906522
7825,0.7999371365708003,0.01,0.5752755685782056,0.3705904774431632,0.982962913
7826,0.7931793179317936,0.75,0.41816659690246966,0.49999999999886385,1
7827,0.7966368065377964,0.9,0.35258825170922287,0.629409523,0.9829629131455112
7828,0.7920792079207923,0.4,0.34407701967350357,0.7499999999944453,0.9330127018954264
7829,0.7875216093037882,0.9,0.22896609460025114,0.8535533905920173,0.8535533905945303
7830,0.7851642307087858,0.9,0.39751639458629834,0.9330127018900114,0.7500000000038243
7831,0.7842212792707852,0.01,0.1252964978373099,0.9829629131445914,0.6294095225510468
7832,0.7752632406097759,0.01,0.053439374912794754,1,0.5000000000024178
7833,0.7628477133427629,0.75,0.030277662,0.9829629131458429,0.37059047745362406
7834,0.7505893446487506,0.01,0.038649365,0.9330127018924292,0.2500000000003635
7835,0.7381738173817385,0.01,0.11218082879866052,0.8535533905954366,0.14644660940888904
7836,0.7285871444287291,0.01,0.4035161155295103,0.7500000000049343,0.066987298
7837,0.7191576300487195,0.01,0.7868006139249337,0.6294095225522848,0.017037086855740347
7838,0.7012415527267017,0.01,0.8695409515836472,0.5000000000036995,0
7839,0.7065849442087075,0.01,0.7879168410771592,0.37059047745486207,0.017037087
7840,0.723400912,0.01,0.7177340588809823,0.25000000000147343,0.066987298
7841,0.7449316360207452,0.4,0.6086228547509418,0.14644660940979531,0.14644660940365717
7842,0.7663052019487666,0.01,0.6386214594670016,0.066987298,0.25
7843,0.788307402,0.2,0.6735035579740477,0.017037087,0.3705904774464772
7844,0.8077950652208084,0.01,0.6666666666666666,0,0.4999999999950189
7845,0.8280685211378285,0.75,0.6949909306543881,0.017037086855376804,0.629409523
7846,0.8312116925978308,0.75,0.7823357053160318,0.066987298,0.7499999999974166
7847,0.82712557,0.75,0.8963304032370587,0.1464466094027509,0.8535533905892985
7848,0.8313688511708324,0.4,0.8607506627598716,0.24999999999914702,0.9330127018917269
7849,0.8228822882288234,0.4,0.6227152225477884,0.3705904774452392,0.9829629131435962
7850,0.8169102624548175,0.4,0.46532719408399614,0.4999999999937372,1
7851,0.7925506836397926,0.05,0.4354681177619646,0.629409523,0.9829629131449549
7852,0.7652050919377653,0.05,0.5342542207339194,0.7499999999963066,0.9330127018943517
7853,0.7369165487977365,0.05,0.30110227431282266,0.8535533905935371,0.8535533905930105
7854,0.7245010215307253,0.01,0.14776056927584763,0.9330127018910861,0.7500000000019629
7855,0.7128712871287131,0.01,0.075763918,0.9829629131432644,0.6294095225559988
7856,0.7045418827597056,0.01,0.043951444,1,0.5000000000002686
7857,0.6941694169416945,0.01,0.025394167713129624,0.9829629131452866,0.37059047745154805
7858,0.679396511,0.01,0.036137854,0.9330127018949925,0.25000000000480327
7859,0.6690240452616689,0.01,0.1106460164643505,0.8535533905939168,0.14644660940736925
7860,0.6562942008486563,0.01,0.4205385796009488,0.7500000000030729,0.066987298
7861,0.647336162,0.01,0.7975443002651039,0.6294095225572368,0.017037087
7862,0.647336162,0.05,0.88447049,0.5000000000015502,0
7863,0.6625805437686627,0.05,0.8465187665689967,0.370590477,0.017037086854381656
7864,0.7067421027817073,0.01,0.741732943,0.24999999999961214,0.066987298
7865,0.7427314159987426,0.05,0.6340170224640714,0.14644660940827553,0.14644660940517695
7866,0.7663052019487666,0.01,0.6492256174131436,0.066987298,0.24999999999581712
7867,0.7953795379537953,0.01,0.6810380912515697,0.017037086855515804,0.3705904774485532
7868,0.806694955,0.01,0.6774103530068368,0,0.49999999999716815
7869,0.823196605,0.4,0.7290358587972652,0.017037087,0.6294095225459759
7870,0.8313688511708324,0.4,0.8034044928142877,0.066987298,0.7499999999992779
7871,0.8376551940908379,0.4,0.9314915585321613,0.14644660940427068,0.8535533905908181
7872,0.8343548640578349,0.2,0.888237756,0.24999999999470718,0.9330127018891635
7873,0.8354549740688362,0.4,0.6369471187386633,0.3705904774473152,0.9829629131441524
7874,0.8260254596888266,0.05,0.4870936235523929,0.49999999999588646,1
7875,0.8055948451988058,0.01,0.4626761545974606,0.629409523,0.9829629131443987
7876,0.7611189690397615,0.05,0.4272359425143017,0.7499999999981679,0.933012702
7877,0.739116769,0.4,0.2533835635551835,0.853553391,0.8535533905966356
7878,0.7383309759547383,0.01,0.14566764336542484,0.9330127018921606,0.7500000000001017
7879,0.7276441929907276,0.9,0.075903446,0.9829629131438208,0.6294095225539227
7880,0.7212006914977214,0.9,0.050090693,1,0.5000000000053952
7881,0.7160144585887163,0.9,0.023022185,0.9829629131447304,0.37059047744947193
7882,0.707685054,0.9,0.031952002,0.9330127018939178,0.25
7883,0.7013987112997015,0.75,0.11594809543742153,0.8535533905975419,0.14644660941099436
7884,0.7012415527267017,0.75,0.4258406585740198,0.7500000000012116,0.066987298
7885,0.6933836240766937,0.75,0.7936375052323148,0.6294095225551608,0.017037086856510952
7886,0.6776677667766777,0.4,0.9359564671410632,0.4999999999994009,0
7887,0.6834826339776838,0.75,0.8585182084554207,0.37059047745070994,0.017037086854937877
7888,0.7045418827597056,0.4,0.7969861866889911,0.25,0.066987298
7889,0.7314159987427318,0.2,0.6411329705595088,0.1464466094067558,0.14644660940669668
7890,0.7493320760647495,0.05,0.669178178,0.066987298,0.2499999999976784
7891,0.7714914348577717,0.05,0.7025254639319101,0.017037086856842687,0.3705904774436013
7892,0.7864214992927869,0.2,0.7078275429049812,0,0.4999999999993174
7893,0.8010372465818016,0.05,0.7333612390121389,0.017037086854606198,0.629409523
7894,0.8123526638378125,0.01,0.8184735593693316,0.066987298,0.7499999999948381
7895,0.8143957252868144,0.4,0.9224222129203292,0.1464466094057904,0.853553391
7896,0.8154958352978157,0.4,0.8387051765034185,0.24999999999656852,0.9330127018902381
7897,0.8077950652208084,0.75,0.6527138272638482,0.37059047744939133,0.9829629131447087
7898,0.7956938550997958,0.01,0.5043951444118878,0.49999999999803574,1
7899,0.7746346063177749,0.9,0.4533277521975722,0.629409523,0.9829629131457256
7900,0.7548326261197551,0.9,0.4262592437561044,0.7500000000000293,0.9330127018922024
7901,0.7518466132327526,0.75,0.2949630249755826,0.8535533905914316,0.8535533905951158
7902,0.733930536,0.75,0.18278219617692198,0.9330127018895973,0.7500000000045415
7903,0.7292157787207301,0.9,0.095018836,0.982962913,0.6294095225518468
7904,0.7169574100267169,0.75,0.047718710757639185,1,0.5
7905,0.7138142385667146,0.4,0.027487094,0.9829629131460573,0.37059047745442397
7906,0.7128712871287131,0.01,0.036277382,0.9330127018928432,0.2500000000010807
7907,0.7158573000157165,0.75,0.10478582391516673,0.8535533905960222,0.14644660940947463
7908,0.7202577400597208,0.9,0.3955629970699037,0.7500000000056515,0.066987298
7909,0.7123998114097128,0.9,0.6949909306543881,0.6294095225530847,0.017037086855954675
7910,0.7112997013987115,0.9,0.8214036556439235,0.5000000000045276,0
7911,0.7002986012887003,0.9,0.7993581693874703,0.37059047744863394,0.017037086855494155
7912,0.6982555398396983,0.9,0.7259662341286451,0.2500000000021906,0.066987298
7913,0.7075278956467081,0.9,0.6845263011022743,0.14644660941038085,0.14644660940307158
7914,0.7284299858557293,0.9,0.6122505929956746,0.066987298,0.24999999999953976
7915,0.7504321860757508,0.75,0.6150411608762383,0.017037087,0.3705904774456773
7916,0.7707056419927709,0.9,0.721361797,0,0.4999999999941907
7917,0.7842212792707852,0.75,0.7741035300683689,0.017037086855162475,0.629409523
7918,0.7909790979097919,0.75,0.8258685642528254,0.066987298,0.7499999999966994
7919,0.7964796479647966,0.9,0.8857262452909167,0.1464466094021653,0.8535533905887128
7920,0.7861071821467864,0.75,0.7559648388447049,0.2499999999984298,0.9330127018913128
7921,0.7905076221907907,0.75,0.6263429607925213,0.3705904774444393,0.9829629131433819
7922,0.776520509,0.9,0.5025812752895213,0.5,1
7923,0.7663052019487666,0.9,0.4520719966513186,0.629409523,0.9829629131451693
7924,0.756247053,0.9,0.4039347007115948,0.7499999999955895,0.9330127018947658
7925,0.7527895646707532,0.9,0.38370308357750804,0.8535533905929514,0.8535533905935961
7926,0.7449316360207452,0.9,0.409376308,0.933012702,0.7500000000026801
7927,0.733930536,0.75,0.19450258127528952,0.9829629131430502,0.6294095225567987
7928,0.7270155586987266,0.9,0.089995814,1,0.5000000000010967
7929,0.7243438629577246,0.9,0.055532301,0.982962913,0.37059047745234797
7930,0.723400912,0.9,0.03739361,0.9330127018954066,0.2500000000055205
7931,0.7202577400597208,0.9,0.043393331,0.8535533905945024,0.14644660940795484
7932,0.7171145685997176,0.9,0.10394865355099764,0.7500000000037901,0.066987298
7933,0.7146000314317154,0.9,0.19785126273196596,0.6294095225510087,0.017037086855398398
7934,0.7147571900047152,0.9,0.2980326496442026,0.5000000000023783,0
7935,0.7158573000157165,0.9,0.4068647969861867,0.370590477,0.017037087
7936,0.7169574100267169,0.75,0.4990930654388169,0.2500000000003293,0.066987298
7937,0.7224579600817234,0.9,0.5616017859634436,0.14644660940886112,0.14644660940459137
7938,0.7317303158887323,0.9,0.6130877633598437,0.066987298,0.24999999999509992
7939,0.7515322960867512,0.9,0.6573182642667783,0.017037086855730132,0.3705904774477533
7940,0.756875688,0.9,0.6455978791684107,0,0.5
7941,0.7663052019487666,0.9,0.6136458769359564,0.017037086853835592,0.6294095225451761
7942,0.7630048719157636,0.9,0.5895074647690804,0.066987298,0.7499999999985607
7943,0.7579757975797583,0.9,0.6204827682433375,0.1464466094036851,0.8535533905902326
7944,0.7595473833097599,0.9,0.5941119017720106,0.2500000000002911,0.9330127018923874
7945,0.7595473833097599,0.9,0.5207199665131854,0.3705904774465153,0.9829629131439381
7946,0.7606474933207612,0.9,0.4686758755406725,0.4999999999950583,1
7947,0.7584472732987586,0.9,0.42374773266359705,0.6294095225509662,0.9829629131446129
7948,0.7606474933207612,0.9,0.3905399748848891,0.7499999999974507,0.9330127018936911
7949,0.7584472732987586,0.75,0.3267754988140087,0.8535533905893263,0.8535533905972212
7950,0.7537325161087547,0.75,0.3763080786940143,0.9330127018917466,0.7500000000008189
7951,0.7527895646707532,0.9,0.2868703781219478,0.9829629131436064,0.6294095225547227
7952,0.7505893446487506,0.9,0.15292311985489046,1,0.5000000000062234
7953,0.7494892346377493,0.9,0.072694293,0.9829629131449447,0.3705904774502719
7954,0.7483891246267489,0.75,0.043253802148737266,0.9330127018943319,0.2500000000036592
7955,0.7411598302687419,0.4,0.0339054,0.8535533905929826,0.1464466094064351
7956,0.7411598302687419,0.75,0.062648249,0.7500000000019288,0.066987298
7957,0.7400597202577406,0.9,0.14148179154457932,0.6294095225559607,0.017037087
7958,0.7380166588087387,0.9,0.2165480675317427,0.5,0
7959,0.7405311959767409,0.9,0.3302637086647133,0.3705904774515099,0.017037087
7960,0.7505893446487506,0.9,0.4763499372122227,0.2500000000047692,0.066987298
7961,0.7538896746817545,0.9,0.5444397934979768,0.14644660940734133,0.1464466094061111
7962,0.7724343862957732,0.75,0.5869959536765732,0.066987298,0.24999999999696126
7963,0.8044947351878045,0.75,0.6440630668341008,0.017037086857057016,0.37059047744280127
7964,0.8040232594688042,0.75,0.6702944049113995,0,0.49999999999848926
7965,0.8112525538268112,0.9,0.6760150690665551,0.017037086854391814,0.629409523
7966,0.8134527738488138,0.9,0.6289940002790567,0.066987298,0.7500000000004221
7967,0.8110953952538114,0.9,0.641272499,0.14644660940520482,0.8535533905917523
7968,0.8008800880088018,0.9,0.644202595,0.24999999999585126,0.933012702
7969,0.7862643407197871,0.9,0.5691363192409655,0.37059047744859136,0.9829629131444944
7970,0.7730630205877733,0.75,0.4077019673503558,0.49999999999720757,1
7971,0.7617476033317625,0.75,0.3594251430166039,0.6294095225460141,0.9829629131459399
7972,0.7527895646707532,0.9,0.3182642667782894,0.7499999999993121,0.9330127018926164
7973,0.7516894546597528,0.9,0.2459885586716897,0.8535533905908461,0.8535533905957015
7974,0.7482319660537482,0.75,0.15096972233849587,0.9330127018891832,0.7500000000052587
7975,0.7416313059877413,0.9,0.07213618,0.9829629131441626,0.6294095225526466
7976,0.7380166588087387,0.01,0.040044649086089026,1,0.5000000000040741
7977,0.7337733773377342,0.9,0.020510673922143157,0.9829629131443884,0.37059047744819584
7978,0.730630206,0.9,0.029021905957862425,0.9330127018932572,0.25000000000179784
7979,0.7254439729687259,0.01,0.10618110785544858,0.8535533905966077,0.14644660941006016
7980,0.7223008015087227,0.9,0.4132831031114832,0.7500000000000675,0.066987298
7981,0.7235580700927238,0.9,0.7655922980326496,0.6294095225538847,0.017037086856169004
7982,0.7190004714757188,0.9,0.9178177759173992,0.5000000000053557,0
7983,0.7232437529467242,0.75,0.8688433096135063,0.37059047744943385,0.017037086855279826
7984,0.7325161087537331,0.75,0.7403376587135482,0.25000000000290784,0.066987298
7985,0.7400597202577406,0.9,0.6375052323147761,0.1464466094109665,0.146446609
7986,0.7516894546597528,0.9,0.6348541928282405,0.066987298,0.24999999999882255
7987,0.7630048719157636,0.9,0.6807590344635133,0.017037087,0.3705904774448774
7988,0.772591545,0.9,0.6871773405888097,0,0.5000000000006385
7989,0.7872072921577877,0.9,0.7255476489465605,0.017037087,0.6294095225493281
7990,0.8033946251768032,0.75,0.7971257150830193,0.066987298,0.7499999999959822
7991,0.8132956152758131,0.75,0.9143295660666946,0.1464466094067246,0.8535533905932722
7992,0.8145528838598151,0.4,0.8347983814706292,0.2499999999977126,0.9330127018908987
7993,0.8268112525538274,0.4,0.579321892,0.3705904774436394,0.9829629131431675
7994,0.8224108125098231,0.4,0.44021208315892285,0.49999999999935685,1
7995,0.7978940751217984,0.2,0.4174689549323288,0.6294095225480901,0.9829629131453836
7996,0.7663052019487666,0.4,0.36347146644342126,0.7499999999948722,0.9330127018951798
7997,0.7380166588087387,0.05,0.22533835635551833,0.8535533905923658,0.8535533905941817
7998,0.7180575200377182,0.01,0.14273754709083297,0.9330127018902579,0.7500000000033974
7999,0.7021845041647023,0.01,0.075066276,0.9829629131428358,0.6294095225575986
8000,0.6921263554926926,0.01,0.036416911,1,0.5000000000019248
8001,0.6899261354706909,0.01,0.019394446769917677,0.9829629131457154,0.3705904774531479
8002,0.6790821939336795,0.01,0.031254360262313374,0.9330127018921828,0.24999999999993655
8003,0.6720100581486723,0.01,0.11204130040463235,0.853553391,0.14644660940854043
8004,0.6641521294986643,0.01,0.4205385796009488,0.7500000000045073,0.066987298
8005,0.6654093980826663,0.01,0.8163806334589089,0.6294095225518086,0.017037086855612726
8006,0.6646236052176646,0.01,0.8953537044788614,0.5000000000032065,0
8007,0.6798679867986794,0.4,0.8575415096972233,0.3705904774543859,0.017037086853952943
8008,0.7224579600817234,0.4,0.7911259941398074,0.2500000000010465,0.066987298
8009,0.7582901147257588,0.4,0.6806195060694851,0.1464466094094467,0.14644660940400578
8010,0.7964796479647966,0.4,0.6927584763499371,0.066987298,0.24999999999438272
8011,0.8206820682068208,0.4,0.7149434910004185,0.017037087,0.3705904774469534
8012,0.8280685211378285,0.4,0.6984791405050927,0,0.4999999999955118
8013,0.8414269998428421,0.4,0.7357332217106181,0.017037087,0.6294095225514041
8014,0.8543140028288545,0.75,0.8181945025812752,0.066987298,0.7499999999978435
8015,0.8637435172088641,0.75,0.9447467559648388,0.1464466094030995,0.8535533905896471
8016,0.8706584944208715,0.4,0.8847495465327194,0.24999999999957395,0.9330127018919734
8017,0.8606003457488609,0.2,0.6818752616157387,0.3705904774457154,0.9829629131437239
8018,0.8554141128398558,0.4,0.4683968187526162,0.49999999999423017,1
8019,0.8348263397768352,0.01,0.45835077438258687,0.6294095225501661,0.9829629131448274
8020,0.7956938550997958,0.05,0.38942374773266364,0.7499999999967336,0.9330127018941052
8021,0.7771491434857771,0.05,0.270406028,0.8535533905887407,0.8535533905978068
8022,0.768662581,0.4,0.15487651737128505,0.9330127018913326,0.7500000000015361
8023,0.7595473833097599,0.01,0.076880145,0.9829629131433921,0.6294095225555226
8024,0.7540468332547543,0.01,0.036416911,1,0.49999999999977557
8025,0.7461889046047463,0.01,0.021905957862425007,0.982962913,0.3705904774510719
8026,0.7285871444287291,0.01,0.032928700990651594,0.933012702,0.2500000000043764
8027,0.730630206,0.01,0.10687874982558951,0.8535533905935682,0.14644660940702064
8028,0.7285871444287291,0.01,0.4216548067531743,0.75,0.066987298
8029,0.723400912,0.01,0.8218222408260081,0.6294095225567606,0.017037086856939665
8030,0.7252868143957261,0.05,0.8759592577089438,0.5000000000010573,0
8031,0.7315731573157316,0.05,0.8324263987721501,0.3705904774523099,0.017037087
8032,0.7639478233537642,0.01,0.7925212780800893,0.25000000000548633,0.066987298
8033,0.806694955,0.01,0.6676433654248639,0.14644660940792698,0.1464466094055255
8034,0.8357692912148358,0.4,0.7082461280870657,0.066987298,0.24999999999624406
8035,0.8606003457488609,0.01,0.6825729035858797,0.017037086855388184,0.3705904774490294
8036,0.8835454974068839,0.2,0.6871773405888097,0,0.4999999999976611
8037,0.8918749017758922,0.2,0.7741035300683689,0.017037086854177486,0.6294095225464522
8038,0.8852742417098862,0.9,0.8583786800613925,0.066987298,0.7499999999997049
8039,0.8752160930378756,0.4,0.9328868424724431,0.1464466094046193,0.8535533905911667
8040,0.8648436272198654,0.75,0.8606111343658435,0.24999999999513411,0.933012702
8041,0.8459845984598471,0.4,0.6778289381889214,0.3705904774477914,0.9829629131442801
8042,0.8280685211378285,0.75,0.5011859913492396,0.49999999999637945,1
8043,0.8104667609618104,0.4,0.4544439793497977,0.6294095225452141,0.9829629131461542
8044,0.7831211692597839,0.4,0.3803544021208316,0.7499999999985949,0.9330127018930305
8045,0.7590759075907596,0.75,0.27487093623552394,0.8535533905902606,0.8535533905962871
8046,0.7348734873487346,0.01,0.15222547788474955,0.9330127018924071,0.7499999999996747
8047,0.7204148986327206,0.01,0.082600809,0.9829629131439483,0.6294095225534466
8048,0.7045418827597056,0.2,0.041858518,1,0.5000000000049023
8049,0.6946408926606948,0.01,0.023580299,0.9829629131446027,0.3705904774489958
8050,0.6814395725286819,0.01,0.028463792381749686,0.9330127018936714,0.2500000000025151
8051,0.6699669966996704,0.01,0.11120413004046324,0.8535533905971933,0.1464466094106458
8052,0.6674524595316682,0.01,0.42681735733221715,0.7500000000007847,0.066987298
8053,0.663052019,0.01,0.7780103251011581,0.6294095225546845,0.017037086856383388
8054,0.6594373723086604,0.05,0.9024696525742989,0.5000000000061839,0
8055,0.667609618,0.05,0.8505650899958141,0.37059047745023377,0.017037086855065497
8056,0.6803394625176806,0.01,0.7667085251848751,0.25000000000362504,0.066987298
8057,0.7034417727487035,0.01,0.7106181107855448,0.1464466094064072,0.1464466094070453
8058,0.7317303158887323,0.05,0.7410353006836891,0.066987298,0.24999999999810535
8059,0.7617476033317625,0.01,0.7611273894237477,0.017037086856715067,0.37059047744407747
8060,0.7736916548797743,0.05,0.7396400167434073,0,0.4999999999998104
8061,0.7887788778877884,0.01,0.8011720385098368,0.017037086854733763,0.6294095225485282
8062,0.7977369165487977,0.05,0.873866332,0.066987298,0.75
8063,0.8008800880088018,0.01,0.9313520301381331,0.14644660940613902,0.8535533905926865
8064,0.8010372465818016,0.01,0.9108413562159899,0.2499999999969954,0.9330127018904846
8065,0.7966368065377964,0.01,0.7736849448862844,0.37059047744283946,0.9829629131429531
8066,0.7768348263397766,0.01,0.5385796009487931,0.4999999999985287,1
8067,0.7548326261197551,0.01,0.4656062508720525,0.6294095225472902,0.9829629131455979
8068,0.7160144585887163,0.01,0.4162131993860751,0.7500000000004562,0.933012702
8069,0.69715543,0.4,0.3220315334170504,0.8535533905917803,0.8535533905947672
8070,0.6792393525066793,0.01,0.20413004046323427,0.9330127018898438,0.7500000000041145
8071,0.6731101681596736,0.01,0.096972234,0.9829629131445046,0.6294095225513705
8072,0.6602231651736603,0.01,0.056788056,1,0.5
8073,0.6628948609146632,0.01,0.034044928,0.9829629131459297,0.3705904774539478
8074,0.6635234952066642,0.01,0.035719269,0.9330127018925968,0.2500000000006537
8075,0.6606946408926615,0.01,0.10325101158085671,0.8535533905956736,0.14644660940912602
8076,0.6528367122426535,0.01,0.3760290219059579,0.7500000000052245,0.066987298
8077,0.6478076379066482,0.01,0.7164783033347286,0.6294095225526085,0.017037087
8078,0.6526795536696528,0.75,0.8805636947118738,0.5000000000040347,0
8079,0.6495363822096505,0.75,0.8144272359425143,0.37059047744815776,0.017037086855621775
8080,0.6666666666666674,0.01,0.7392214315613227,0.2500000000017637,0.066987298
8081,0.686625805,0.01,0.7227570810659969,0.1464466094100323,0.14644660940342014
8082,0.7157001414427158,0.01,0.7403376587135482,0.066987298,0.2499999999999667
8083,0.7438315260097448,0.01,0.7967071299009348,0.017037086856158845,0.3705904774461535
8084,0.7696055319817705,0.2,0.796846658,0,0.4999999999946837
8085,0.7840641206977836,0.4,0.8081484582112459,0.017037087,0.6294095225506042
8086,0.7920792079207923,0.4,0.8300544160736709,0.066987298,0.7499999999971263
8087,0.8044947351878045,0.75,0.8147062927305706,0.14644660940251386,0.8535533905890614
8088,0.806694955,0.75,0.7445235105343937,0.24999999999885675,0.9330127018915593
8089,0.8033946251768032,0.75,0.6659690246965257,0.37059047744491547,0.9829629131435095
8090,0.7925506836397926,0.75,0.5349518627040603,0.5,1
8091,0.7799779977997798,0.9,0.48318682851960376,0.6294095225493662,0.9829629131450417
8092,0.7703913248467713,0.9,0.5232314776056928,0.7499999999960163,0.9330127018945193
8093,0.7631620304887634,0.9,0.3465885307660109,0.853553391,0.8535533905932475
8094,0.7538896746817545,0.9,0.26956885726245294,0.9330127018909184,0.7500000000022532
8095,0.7505893446487506,0.9,0.1554346309473978,0.9829629131431777,0.6294095225563225
8096,0.7494892346377493,0.9,0.091809683,1,0.5000000000006037
8097,0.7505893446487506,0.4,0.058880982,0.9829629131453734,0.3705904774518718
8098,0.7471318560427478,0.9,0.03557974,0.9330127018951602,0.2500000000050936
8099,0.7432028917177438,0.75,0.042695689,0.8535533905941538,0.14644660940760623
8100,0.7400597202577406,0.9,0.088181945,0.7500000000033632,0.066987298
8101,0.7348734873487346,0.9,0.19520022324543043,0.6294095225575606,0.017037086857153994
8102,0.7359735973597368,0.9,0.29607925212780806,0.5000000000018854,0
8103,0.7370737073707381,0.9,0.4117482907771732,0.3705904774531098,0.017037087
8104,0.7438315260097448,0.9,0.5219757220594391,0.2499999999999024,0.066987298
8105,0.7557755775577566,0.9,0.6147621040881819,0.14644660940851256,0.14644660940493992
8106,0.7746346063177749,0.75,0.6428073112878471,0.066987298,0.2499999999955268
8107,0.8112525538268112,0.4,0.6595507185712293,0.017037086855602568,0.3705904774482295
8108,0.8321546440358323,0.75,0.6376447607088042,0,0.4999999999968329
8109,0.8604431871758602,0.4,0.665410911,0.017037086853963157,0.6294095225456522
8110,0.8772591544868775,0.4,0.6398772150132551,0.066987298,0.7499999999989877
8111,0.8826025459688833,0.4,0.6531324124459327,0.14644660940403365,0.8535533905905812
8112,0.8835454974068839,0.2,0.6068089856285754,0.2499999999944169,0.933012702
8113,0.8774163130598782,0.01,0.5447188502860332,0.3705904774469915,0.9829629131440658
8114,0.8516423070878516,0.01,0.45583926329007957,0.4999999999955513,1
8115,0.8191104824768192,0.01,0.4178875401144133,0.6294095225514422,0.9829629131444855
8116,0.7862643407197871,0.05,0.39179573043114274,0.7499999999978777,0.9330127018934447
8117,0.7578186390067585,0.05,0.342123622,0.8535533905896748,0.8535533905968726
8118,0.7432028917177438,0.01,0.2662201758057765,0.933012702,0.7500000000003919
8119,0.7190004714757188,0.01,0.19589786521557137,0.9829629131437341,0.6294095225542465
8120,0.7108282256797112,0.01,0.098925631,1,0.5000000000057304
8121,0.6960553198176966,0.01,0.07646156,0.9829629131448172,0.37059047744979573
8122,0.6929121483576934,0.01,0.036277382,0.9330127018940855,0.2500000000032323
8123,0.6908690869086915,0.01,0.030975303474257015,0.853553391,0.1464466094112314
8124,0.6885117083136882,0.01,0.056927585,0.7500000000015019,0.066987298
8125,0.683325475,0.01,0.12627319659550718,0.6294095225554845,0.017037086856597716
8126,0.6925978312116929,0.01,0.21040881819450258,0.4999999999997361,0
8127,0.6984126984126982,0.01,0.35635551834798385,0.3705904774510337,0.017037087
8128,0.7359735973597368,0.01,0.45946700153481235,0.2500000000043422,0.066987298
8129,0.7817067421027821,0.4,0.568020092,0.14644660940699278,0.1464466094064597
8130,0.8211535439258211,0.01,0.6235523929119575,0.066987298,0.24999999999738814
8131,0.8478705013358474,0.4,0.6853634714664434,0.017037087,0.3705904774432775
8132,0.8772591544868775,0.4,0.6154597460583229,0,0.4999999999989822
8133,0.8967468175388968,0.01,0.627738245,0.017037086854519434,0.6294095225477283
8134,0.9088480276599094,0.4,0.5617413143574718,0.066987298,0.7499999999945478
8135,0.9160773220179164,0.4,0.5645318822380354,0.14644660940555343,0.8535533905921009
8136,0.911048248,0.75,0.644202595,0.2499999999962782,0.9330127018900706
8137,0.904447588,0.01,0.526440631,0.3705904774490675,0.982962913
8138,0.8909319503378907,0.01,0.4792800334868146,0.49999999999770056,1
8139,0.8717586044318719,0.05,0.41928282405469514,0.6294095225464903,0.9829629131458123
8140,0.8417413169888417,0.01,0.35775080228826567,0.7499999999997391,0.933012702
8141,0.8385981455288385,0.05,0.2974745360680899,0.8535533905911947,0.8535533905953528
8142,0.8312116925978308,0.01,0.22282684526301103,0.9330127018894296,0.7500000000048317
8143,0.8195819581958204,0.01,0.12738942374773266,0.9829629131442903,0.6294095225521705
8144,0.8189533239038194,0.01,0.065857402,1,0.5000000000035811
8145,0.8121955052648127,0.75,0.045765313241244596,0.982962913,0.3705904774547477
8146,0.8049662109068056,0.4,0.026370866471326918,0.9330127018930108,0.25000000000137096
8147,0.7966368065377964,0.2,0.026510394865355103,0.8535533905962591,0.1464466094097116
8148,0.7736916548797743,0.01,0.064462118,0.7499999999996405,0.066987298
8149,0.7432028917177438,0.01,0.1416213199386075,0.6294095225534084,0.017037087
8150,0.7223008015087227,0.75,0.20594390958560066,0.5000000000048628,0
8151,0.7138142385667146,0.75,0.2596623412864518,0.3705904774489577,0.017037086855407446
8152,0.7243438629577246,0.75,0.35789033068229387,0.2500000000024809,0.066987298
8153,0.7425742574257428,0.01,0.44746755964838847,0.14644660941061788,0.1464466094028346
8154,0.7840641206977836,0.2,0.5186270406027627,0.066987298,0.2499999999992495
8155,0.7977369165487977,0.01,0.550579043,0.017037086856373174,0.37059047744535356
8156,0.8167531038818177,0.4,0.5828101018557276,0,0.4999999999938555
8157,0.8246110325318248,0.4,0.5854611413422631,0.017037087,0.6294095225498043
8158,0.8302687411598311,0.4,0.5907632203153341,0.066987298,0.7499999999964091
8159,0.8291686311488289,0.75,0.5949490721361796,0.14644660940707316,0.8535533905936207
8160,0.6985698569856988,0.75,0.5260220454862564,0.2499999999981395,0.9330127018911452
8161,0.6804966210906804,0.75,0.48416352727780104,0.37059047744411555,0.9829629131432951
8162,0.6845827439886851,0.75,0.43323566345751363,0.4999999999998498,1
8163,0.6731101681596736,0.4,0.36444816520161855,0.6294095225485663,0.982962913
8164,0.663680654,0.01,0.289242361,0.7499999999952991,0.9330127018949333
8165,0.6528367122426535,0.01,0.22254778847495466,0.8535533905927144,0.8535533905938331
8166,0.6573943108596585,0.01,0.13045904841635272,0.9330127018905043,0.7500000000029704
8167,0.655194091,0.4,0.06432259,0.9829629131429634,0.6294095225571225
8168,0.6562942008486563,0.2,0.028184735593693316,1,0.5000000000014319
8169,0.6528367122426535,0.01,0.017999162829635828,0.9829629131455877,0.3705904774526717
8170,0.6514222850856517,0.01,0.028324264,0.9330127018919362,0.24999999999950961
8171,0.6484362721986483,0.01,0.096832705,0.8535533905947394,0.14644660940819187
8172,0.6427785635706438,0.01,0.40295800195339754,0.7500000000040804,0.066987298
8173,0.634134842,0.01,0.7579182363610995,0.6294095225513324,0.017037086855485162
8174,0.6316203048876319,0.01,0.8994000279056787,0.5000000000027135,0
8175,0.634134842,0.4,0.8586577368494488,0.3705904774539097,0.017037086854080563
8176,0.6573943108596585,0.4,0.7881958978652155,0.2500000000006196,0.066987298
8177,0.6764104981926766,0.01,0.6095995535091391,0.1464466094090981,0.14644660940435433
8178,0.711614019,0.2,0.6446211804102134,0.066987298,0.24999999999480965
8179,0.7215150086437219,0.75,0.6875959257708943,0.017037086855816896,0.37059047744742957
8180,0.7292157787207301,0.75,0.6546672247802428,0,0.4999999999960048
8181,0.7326732673267329,0.75,0.7125715083019394,0.017037087,0.6294095225518803
8182,0.7303158887317305,0.9,0.7933584484442584,0.066987298,0.7499999999982705
8183,0.7223008015087227,0.9,0.9012138970280452,0.14644660940344806,0.8535533905899956
8184,0.723400912,0.9,0.8342402678945166,0.25000000000000083,0.9330127018922199
8185,0.7158573000157165,0.9,0.5850425561601785,0.37059047744619156,0.9829629131438513
8186,0.7045418827597056,0.75,0.44216548067531747,0.4999999999947231,1
8187,0.6856828539996855,0.4,0.37728477745221156,0.6294095225506423,0.9829629131446997
8188,0.6646236052176646,0.75,0.31882238035440214,0.7499999999971605,0.9330127018938588
8189,0.6605374823196608,0.75,0.19882796149016324,0.8535533905890893,0.8535533905974582
8190,0.6506364922206509,0.75,0.1160876238314497,0.933012702,0.7500000000011091
8191,0.6515794436586524,0.4,0.059997209,0.9829629131435197,0.6294095225550465
8192,0.6415212949866418,0.9,0.032091530626482484,1,0.5000000000065585
8193,0.6438786735816442,0.9,0.019115389981861308,0.9829629131450315,0.3705904774505957
8194,0.6405783435486403,0.9,0.033626343,0.9330127018944996,0.25000000000394945
8195,0.6327204148986323,0.9,0.10827403376587136,0.8535533905932196,0.1464466094066721
8196,0.6237623762376239,0.4,0.42193386354123064,0.7500000000022191,0.066987298
8197,0.60458903,0.2,0.7909864657457792,0.6294095225562845,0.017037086856812045
8198,0.5979883702655981,0.4,0.8911678526580159,0.5000000000005642,0
8199,0.6133899104196137,0.01,0.8001953397516395,0.3705904774518337,0.017037086854636785
8200,0.6482791136256485,0.4,0.8039626063904004,0.2500000000050594,0.066987298
8201,0.6809680968096816,0.01,0.6188084275149993,0.14644660940757837,0.14644660940587412
8202,0.7001414427157004,0.01,0.707688015,0.066987298,0.25
8203,0.7270155586987266,0.75,0.6806195060694851,0.017037087,0.37059047744247753
8204,0.7383309759547383,0.75,0.6588530766010883,0,0.4999999999981541
8205,0.7436743674367441,0.75,0.7184317008511232,0.017037086854305106,0.6294095225469283
8206,0.7548326261197551,0.2,0.7351751081345054,0.066987298,0.7500000000001318
8207,0.7526324060977525,0.75,0.9328868424724431,0.1464466094049678,0.8535533905915154
8208,0.756875688,0.9,0.8911678526580159,0.25,0.9330127018896565
8209,0.7579757975797583,0.75,0.6147621040881819,0.37059047744826756,0.9829629131444076
8210,0.7369165487977365,0.9,0.4990930654388169,0.4999999999968724,1
8211,0.7191576300487195,0.01,0.45318822380354407,0.6294095225456904,0.9829629131460267
8212,0.6929121483576934,0.75,0.34086786661085533,0.7499999999990218,0.9330127018927841
8213,0.6602231651736603,0.75,0.20873447746616436,0.8535533905906091,0.8535533905959385
8214,0.6393210749646392,0.01,0.14008650760429747,0.9330127018890156,0.7500000000055489
8215,0.6163759233066171,0.4,0.065578345,0.982962913,0.6294095225529704
8216,0.61449002,0.01,0.034044928,1,0.5000000000044093
8217,0.5990884802765994,0.01,0.020371145528114972,0.9829629131444753,0.37059047744851964
8218,0.5910733930535916,0.01,0.030975303474257015,0.9330127018934249,0.2500000000020881
8219,0.5877730630205886,0.01,0.11162271522254778,0.8535533905968447,0.1464466094102972
8220,0.5860443187175863,0.2,0.4190037672666388,0.7500000000003577,0.066987298
8221,0.5932736130755933,0.75,0.784707688,0.6294095225542085,0.017037086856255768
8222,0.6049033474776055,0.75,0.916980606,0.5,0
8223,0.6204620462046209,0.9,0.8635412306404353,0.3705904774497576,0.017037086855193062
8224,0.6352349520666354,0.75,0.7496860611134366,0.2500000000031981,0.066987298
8225,0.6628948609146632,0.75,0.6288544718850285,0.14644660941120347,0.14644660940224896
8226,0.7105139085337115,0.9,0.6626203432398493,0.066987298,0.24999999999853229
8227,0.7505893446487506,0.75,0.6934561183200781,0.017037086856587502,0.3705904774445536
8228,0.7637906647807644,0.01,0.6683410073950049,0,0.5000000000003033
8229,0.791607732,0.2,0.6920608343797963,0.017037086854861383,0.6294095225490044
8230,0.8010372465818016,0.4,0.7972652434770475,0.066987298,0.7499999999956919
8231,0.8219393367908219,0.75,0.8900516255057904,0.14644660940648757,0.8535533905930351
8232,0.8291686311488289,0.75,0.8880982279893959,0.24999999999742234,0.933012702
8233,0.8200534339148207,0.75,0.6404353285893679,0.37059047744331564,0.9829629131430808
8234,0.8099952852428101,0.01,0.48946560625087204,0.49999999999902167,1
8235,0.7716485934307724,0.75,0.44188642388726107,0.6294095225477664,0.9829629131454704
8236,0.7359735973597368,0.75,0.3485419282824055,0.75,0.9330127018953474
8237,0.7160144585887163,0.75,0.2487791265522534,0.8535533905921289,0.8535533905944187
8238,0.7032846141757036,0.75,0.1892005023022185,0.9330127018900902,0.7500000000036877
8239,0.6798679867986794,0.75,0.072694293,0.9829629131446322,0.6294095225508943
8240,0.6753103881816762,0.75,0.038649365,1,0.5
8241,0.672167217,0.01,0.022882656620622294,0.9829629131458021,0.3705904774534716
8242,0.6625805437686627,0.01,0.0339054,0.9330127018923503,0.2500000000002268
8243,0.6542511393996544,0.01,0.10325101158085671,0.853553391,0.14644660940877746
8244,0.6471790036146472,0.2,0.3997488488907493,0.7500000000047975,0.066987298
8245,0.6364922206506365,0.01,0.7618250313938886,0.6294095225521323,0.017037087
8246,0.6291057677196297,0.01,0.8917259662341286,0.5000000000035417,0
8247,0.6280056577086284,0.05,0.8537742430584624,0.37059047745470963,0.017037087
8248,0.6528367122426535,0.01,0.724291893,0.25000000000133676,0.066987298
8249,0.670909948,0.05,0.6157388028463792,0.14644660940968374,0.14644660940376875
8250,0.7032846141757036,0.01,0.6848053578903307,0.066987298,0.2500000000003936
8251,0.7212006914977214,0.05,0.6986186688991209,0.017037086856031225,0.37059047744662965
8252,0.7472890146157476,0.01,0.7188502860332078,0,0.49999999999517664
8253,0.7584472732987586,0.01,0.7780103251011581,0.017037086855417605,0.6294095225510804
8254,0.7683482633977685,0.01,0.8433096135063485,0.066987298,0.7499999999975533
8255,0.7766776677667768,0.05,0.9047021068787497,0.14644660940286247,0.8535533905894099
8256,0.7799779977997798,0.01,0.8804241663178457,0.24999999999928368,0.9330127018918057
8257,0.7663052019487666,0.01,0.707688015,0.37059047744539164,0.982962913
8258,0.7505893446487506,0.01,0.5463931910143714,0.5,1
8259,0.7282728272827286,0.01,0.43574717455002093,0.6294095225498424,0.982962913
8260,0.6875687568756876,0.01,0.4023998883772848,0.7499999999964433,0.9330127018942728
8261,0.6698098381266697,0.01,0.3246825729035859,0.8535533905936485,0.8535533905928989
8262,0.6605374823196608,0.01,0.23970978094042136,0.9330127018911649,0.7500000000018263
8263,0.647964796,0.01,0.1783172875680201,0.9829629131433053,0.6294095225558464
8264,0.6515794436586524,0.01,0.10143714245849031,1,0.5000000000001107
8265,0.647336162,0.01,0.065578345,0.9829629131452458,0.3705904774513956
8266,0.6438786735816442,0.01,0.037672666,0.9330127018949137,0.25000000000466666
8267,0.6415212949866418,0.75,0.04171899,0.8535533905938052,0.14644660940725768
8268,0.6416784535596425,0.75,0.10771592018975862,0.7500000000029363,0.066987298
8269,0.6426214049976422,0.2,0.19101437142458488,0.6294095225570844,0.017037086857026373
8270,0.6426214049976422,0.2,0.2937072694293289,0.5000000000013924,0
8271,0.6501650165016506,0.01,0.4150969722338496,0.3705904774526336,0.017037086854422456
8272,0.6655665566556661,0.05,0.4781638063345891,0.24999999999947542,0.066987298
8273,0.6932264655036939,0.01,0.5551834798381471,0.14644660940816395,0.14644660940528853
8274,0.7403740374037411,0.01,0.5747174550020929,0.066987298,0.2499999999959538
8275,0.7578186390067585,0.05,0.6255057904283522,0.017037086855474948,0.37059047744870566
8276,0.7853213892817856,0.01,0.6116924794195618,0,0.4999999999973259
8277,0.8103096023888106,0.01,0.6061113436584344,0.017037087,0.6294095225461284
8278,0.8258683011158259,0.01,0.6015069066555043,0.066987298,0.7499999999994146
8279,0.8313688511708324,0.01,0.6026231338077298,0.1464466094043822,0.8535533905909298
8280,0.8348263397768352,0.01,0.6082042695688572,0.2499999999948438,0.9330127018892425
8281,0.8302687411598311,0.4,0.5976001116227152,0.37059047744746765,0.9829629131441933
8282,0.8187961653308196,0.4,0.4791405050927864,0.4999999999960442,1
8283,0.7966368065377964,0.4,0.43853774243058463,0.6294095225448904,0.982962913
8284,0.7774634606317776,0.4,0.4177480117203851,0.7499999999983046,0.9330127018931982
8285,0.7674053119597679,0.4,0.32719408399609323,0.8535533905900234,0.853553391
8286,0.7560898947037562,0.01,0.26691781777591744,0.9330127018922396,0.7499999999999649
8287,0.7460317460317465,0.4,0.17148039626063905,0.9829629131438615,0.6294095225537704
8288,0.7438315260097448,0.4,0.09906516,1,0.5000000000052375
8289,0.7370737073707381,0.01,0.078135901,0.9829629131446895,0.37059047744931956
8290,0.7348734873487346,0.75,0.036277382,0.933012702,0.2500000000028053
8291,0.7314159987427318,0.4,0.028184735593693316,0.8535533905974303,0.14644660941088278
8292,0.7281156687097288,0.75,0.055811358,0.7500000000010749,0.066987298
8293,0.7246581801037251,0.75,0.1287847076880145,0.6294095225550083,0.017037086856470096
8294,0.7226151186547232,0.9,0.18906097390819032,0.5000000000065191,0
8295,0.7246581801037251,0.9,0.256034603,0.37059047745055756,0.017037086854978734
8296,0.7248153386767249,0.75,0.36751778987023864,0.2500000000039153,0.066987298
8297,0.7400597202577406,0.75,0.4656062508720525,0.14644660940664417,0.14644660940680826
8298,0.7652050919377653,0.75,0.5269987442444537,0.066987298,0.24999999999781508
8299,0.7909790979097919,0.75,0.5622994279335845,0.017037087,0.3705904774437537
8300,0.8167531038818177,0.4,0.5747174550020929,0,0.4999999999994752
8301,0.8403268898318408,0.75,0.5660666945723455,0.017037087,0.6294095225482045
8302,0.8606003457488609,0.01,0.561183201,0.066987298,0.7499999999949747
8303,0.8709728115668711,0.4,0.5399748848890749,0.14644660940590198,0.8535533905924495
8304,0.8695583844098702,0.75,0.5251848751220873,0.24999999999670514,0.933012702
8305,0.8617004557598622,0.75,0.5131854332356635,0.37059047744251566,0.9829629131428664
8306,0.8491277699198494,0.75,0.44314217943351475,0.4999999999981935,1
8307,0.8260254596888266,0.75,0.38914469094460724,0.6294095225469665,0.9829629131456847
8308,0.8114097123998119,0.75,0.29300962745918796,0.7500000000001659,0.9330127018921235
8309,0.8032374666038034,0.4,0.20622296637365703,0.8535533905915432,0.8535533905950043
8310,0.7956938550997958,0.01,0.1342263150551137,0.9330127018896762,0.7500000000044048
8311,0.7831211692597839,0.01,0.06599693,0.9829629131444179,0.6294095225516942
8312,0.7694483734087698,0.01,0.039486536,1,0.5000000000030882
8313,0.7557755775577566,0.01,0.017720106041579458,0.9829629131460165,0.37059047745427154
8314,0.7485462831997487,0.01,0.032231059,0.9330127018927643,0.25
8315,0.7348734873487346,0.01,0.10325101158085671,0.8535533905959105,0.146446609
8316,0.7270155586987266,0.01,0.4051904562578485,0.7500000000055148,0.066987298
8317,0.7224579600817234,0.01,0.7884749546532719,0.6294095225529324,0.017037086855913874
8318,0.7139713971397144,0.2,0.828519604,0.5000000000043698,0
8319,0.7201005814867201,0.4,0.8211245988558672,0.3705904774484815,0.017037087
8320,0.7337733773377342,0.75,0.7382447328031254,0.25,0.066987298
8321,0.7546754675467553,0.2,0.6059718152644062,0.14644660941026932,0.14644660940318316
8322,0.7923935250667928,0.4,0.6161573880284638,0.066987298,0.24999999999967643
8323,0.8134527738488138,0.01,0.6449002371982698,0.017037086856245554,0.37059047744582974
8324,0.8437843784378436,0.2,0.6587135482070601,0,0.4999999999943485
8325,0.8584001257268583,0.05,0.7392214315613227,0.017037086855203276,0.6294095225502805
8326,0.8752160930378756,0.01,0.8834937909864657,0.066987298,0.7499999999968361
8327,0.8857457174288856,0.2,0.9772568717734058,0.14644660940227688,0.8535533905888244
8328,0.8931321703598942,0.2,0.8815403934700712,0.24999999999856648,0.9330127018913916
8329,0.8899889988998901,0.05,0.5748569833961211,0.3705904774445917,0.9829629131434228
8330,0.8731730315888737,0.2,0.3820287428491698,0.5000000000003428,1
8331,0.8304258997328309,0.2,0.3486814566764337,0.6294095225490425,0.9829629131451285
8332,0.7884645607417888,0.4,0.3322171061811079,0.7499999999957261,0.9330127018946869
8333,0.7571900047147575,0.01,0.17706153202176642,0.853553391,0.8535533905934845
8334,0.7472890146157476,0.01,0.12683131017161992,0.9330127018907508,0.7500000000025435
8335,0.7314159987427318,0.01,0.070182782,0.982962913,0.6294095225566463
8336,0.7237152286657236,0.01,0.035021627,1,0.5000000000009389
8337,0.7067421027817073,0.9,0.018278219617692198,0.9829629131454601,0.37059047745219553
8338,0.7021845041647023,0.4,0.031114832,0.9330127018953277,0.2500000000053838
8339,0.6936979412226933,0.01,0.11232035719268872,0.8535533905943908,0.14644660940784326
8340,0.6958981612446968,0.01,0.4170503697502442,0.7500000000036535,0.066987298
8341,0.6853685368536859,0.9,0.7914050509278638,0.6294095225508562,0.017037086855357597
8342,0.6897689768976893,0.4,0.8706571787358727,0.5000000000022206,0
8343,0.6969982712556972,0.01,0.7985209990233012,0.37059047745343354,0.017037086854208128
8344,0.7304730473047312,0.05,0.7701967350355797,0.2500000000001926,0.066987298
8345,0.7711771177117712,0.9,0.6089019115389982,0.1464466094087496,0.1464466094047029
8346,0.8290114725758291,0.01,0.6475512766848053,0.066987298,0.24999999999523653
8347,0.8543140028288545,0.01,0.6596902469652574,0.017037086855689276,0.37059047744790574
8348,0.8835454974068839,0.01,0.666108553,0,0.49999999999649775
8349,0.893289329,0.01,0.7281986884330961,0.017037086853876393,0.6294095225453284
8350,0.909790979,0.05,0.8373098925631366,0.066987298,0.7499999999986974
8351,0.9203206034889209,0.01,0.9619087484303055,0.14644660940379667,0.8535533905903442
8352,0.9214207134999213,0.01,0.9214455141621319,0.25000000000042777,0.9330127018924663
8353,0.909790979,0.01,0.7251290637644761,0.37059047744666773,0.982962913
8354,0.884174132,0.01,0.4618389842332915,0.4999999999952161,1
8355,0.8595002357378596,0.05,0.40212083158922846,0.6294095225511185,0.9829629131445722
8356,0.8326261197548326,0.01,0.33793777033626343,0.7499999999975875,0.9330127018936123
8357,0.8101524438158108,0.01,0.24891865494628154,0.8535533905894379,0.8535533905971096
8358,0.7901933050447911,0.01,0.12683131017161992,0.9330127018918255,0.7500000000006821
8359,0.7897218293257899,0.01,0.069206083,0.9829629131436473,0.6294095225545703
8360,0.7757347163287762,0.01,0.036835496,1,0.5000000000060656
8361,0.7674053119597679,0.01,0.022185014650481377,0.9829629131449038,0.37059047745011947
8362,0.756247053,0.01,0.030417189898144275,0.9330127018942531,0.2500000000035225
8363,0.7482319660537482,0.01,0.11218082879866052,0.8535533905928709,0.14644660940632354
8364,0.746346063,0.2,0.4201199944188643,0.7500000000017921,0.066987298
8365,0.7416313059877413,0.2,0.7314078414957443,0.6294095225558083,0.017037087
8366,0.7383309759547383,0.01,0.782475234,0.5000000000000713,0
8367,0.7449316360207452,0.2,0.8261476210408818,0.37059047745135754,0.017037086854764405
8368,0.7663052019487666,0.01,0.80368355,0.2500000000046325,0.066987298
8369,0.8033946251768032,0.01,0.6264824891865495,0.1464466094072298,0.14644660940622267
8370,0.865786579,0.2,0.6368075903446351,0.066987298,0.24999999999709788
8371,0.8810309602388808,0.01,0.6771312962187805,0.017037087,0.3705904774429537
8372,0.907747918,0.4,0.6785265801590623,0,0.5
8373,0.9154486877259154,0.2,0.7060136737826147,0.017037087,0.6294095225474046
8374,0.9256639949709267,0.4,0.813450537,0.066987298,0.7500000000005587
8375,0.9339933993399341,0.75,0.9531184596065299,0.1464466094053164,0.853553391
8376,0.9234637749489232,0.75,0.8694014231896191,0.24999999999598793,0.933012702
8377,0.9181203834669183,0.75,0.6635970419980466,0.37059047744874374,0.9829629131445352
8378,0.9068049662109066,0.4,0.4717455002092926,0.4999999999973654,1
8379,0.8752160930378756,0.4,0.4280731128784708,0.6294095225461664,0.982962913
8380,0.8385981455288385,0.4,0.33417050369750245,0.7499999999994488,0.9330127018925376
8381,0.823196605,0.05,0.2577089437700572,0.8535533905909576,0.8535533905955899
8382,0.819267641,0.01,0.13283103111483185,0.9330127018892621,0.75
8383,0.8134527738488138,0.01,0.066694572,0.9829629131442035,0.6294095225524943
8384,0.7936507936507939,0.01,0.035021627,1,0.5000000000039163
8385,0.7914505736287913,0.01,0.027347565229524206,0.9829629131462307,0.3705904774550715
8386,0.7799779977997798,0.01,0.032789173,0.9330127018931784,0.2500000000016612
8387,0.7741631305987737,0.01,0.11190177201060415,0.8535533905964962,0.14644660940994864
8388,0.7674053119597679,0.01,0.4269568857262453,0.7499999999999308,0.066987298
8389,0.7579757975797583,0.01,0.8294963024975582,0.6294095225537322,0.017037086856128203
8390,0.7505893446487506,0.4,0.8885168131714803,0.5,0
8391,0.7505893446487506,0.01,0.8384261197153621,0.3705904774492814,0.017037086855320682
8392,0.775891875,0.01,0.7668480535789033,0.25000000000277117,0.066987298
8393,0.8186390067578189,0.01,0.6264824891865495,0.14644660941085486,0.14644660940259757
8394,0.8472418670438473,0.01,0.660108832,0.066987298,0.24999999999895922
8395,0.8822882288228819,0.01,0.729593972,0.017037086856459882,0.37059047744502976
8396,0.9020902090209026,0.01,0.7075484861169248,0,0.49999999999352035
8397,0.9211063963539217,0.01,0.7657318264266778,0.017037086854988948,0.6294095225494806
8398,0.936036461,0.2,0.8179154457932188,0.066987298,0.7499999999961189
8399,0.9526952695269526,0.01,0.9293986326217385,0.14644660940683613,0.8535533905933836
8400,0.9537953795379539,0.2,0.878470769,0.24999999999784922,0.9330127018909775
8401,0.9465660851799469,0.2,0.7007115948095437,0.3705904774437918,0.9829629131432084
8402,0.9203206034889209,0.05,0.49434910004185856,0.4999999999995146,1
8403,0.8863743517208866,0.05,0.45597879168410776,0.6294095225482426,0.9829629131453428
8404,0.8574571742888577,0.05,0.43616575973210553,0.7499999999950089,0.9330127018951009
8405,0.8511708313688513,0.05,0.2780800892981722,0.8535533905924775,0.8535533905940701
8406,0.8469275498978468,0.01,0.16045765313241245,0.9330127018903367,0.7500000000032607
8407,0.8396982555398398,0.01,0.089577229,0.9829629131428766,0.6294095225574462
8408,0.8269684111268272,0.01,0.04171899,1,0.5
8409,0.8255539839698263,0.01,0.030696246686200645,0.9829629131456745,0.37059047745299545
8410,0.8186390067578189,0.4,0.035300684,0.9330127018921037,0.24999999999979988
8411,0.8103096023888106,0.01,0.10450676712711038,0.8535533905949764,0.14644660940842885
8412,0.7945937450887945,0.01,0.4123064043532859,0.7500000000043707,0.066987298
8413,0.7818639006757819,0.01,0.7901492953816102,0.6294095225516562,0.017037086855571926
8414,0.7718057520037722,0.01,0.925212781,0.5000000000030487,0
8415,0.7744774477447751,0.75,0.8268452630110227,0.37059047745423346,0.017037087
8416,0.7920792079207923,0.01,0.692618948,0.2500000000009099,0.066987298
8417,0.8156529938708164,0.01,0.6598297753592856,0.14644660940933513,0.14644660940411736
8418,0.8403268898318408,0.4,0.6931770615320217,0.066987298,0.24999999999451938
8419,0.8604431871758602,0.75,0.7323845402539416,0.017037087,0.3705904774471058
8420,0.8695583844098702,0.9,0.6993163108692618,0,0.49999999999566963
8421,0.876316203,0.9,0.7746616436444816,0.017037086855545225,0.6294095225515566
8422,0.8785164230708795,0.01,0.8208455420678108,0.066987298,0.7499999999979802
8423,0.884174132,0.9,0.8927026649923259,0.14644660940321108,0.8535533905897585
8424,0.89203206,0.01,0.779545137,0.24999999999971056,0.9330127018920522
8425,0.8975326104038976,0.4,0.6808985628575415,0.3705904774458678,0.9829629131437647
8426,0.884802766,0.01,0.5736012278498674,0.49999999999438793,1
8427,0.865786579,0.01,0.47202455699734897,0.6294095225503186,0.9829629131447866
8428,0.8511708313688513,0.75,0.4118878191712014,0.7499999999968702,0.9330127018940263
8429,0.8516423070878516,0.01,0.41384121668759594,0.8535533905888524,0.8535533905976953
8430,0.8426842684268432,0.01,0.33249616296916423,0.9330127018914114,0.7500000000013993
8431,0.8470847084708475,0.75,0.1791544579321892,0.982962913,0.6294095225553702
8432,0.8492849284928501,0.01,0.10659969303753314,1,0.49999999999961775
8433,0.8500707213578509,0.01,0.067392214,0.9829629131451183,0.37059047745091944
8434,0.8448844884488449,0.01,0.046044370029300966,0.9330127018946671,0.2500000000042397
8435,0.8417413169888417,0.01,0.044788614,0.8535533905934567,0.14644660940690912
8436,0.8406412069778413,0.01,0.099762802,0.7500000000025093,0.066987298
8437,0.8258683011158259,0.9,0.19171201339472582,0.6294095225566082,0.017037087
8438,0.8134527738488138,0.9,0.28756802009208876,0.5000000000008994,0
8439,0.8040232594688042,0.9,0.404074229,0.37059047745215745,0.017037086854550076
8440,0.7945937450887945,0.01,0.5218361936654109,0.2500000000053497,0.066987298
8441,0.812038347,0.75,0.5872750104646295,0.14644660940781534,0.14644660940563708
8442,0.8082665409398087,0.75,0.6528533556578764,0.066987298,0.24999999999638073
8443,0.8167531038818177,0.75,0.7083856564810939,0.017037086855347383,0.37059047744918183
8444,0.8019801980198022,0.9,0.70545556,0,0.4999999999978189
8445,0.8082665409398087,0.4,0.6182503139388865,0.017037086854218342,0.6294095225466045
8446,0.8136099324218145,0.9,0.5889493511929678,0.066987298,0.7499999999998415
8447,0.8092094923778093,0.75,0.638202874,0.1464466094047308,0.8535533905912783
8448,0.8060663209178061,0.9,0.6235523929119575,0.24999999999527073,0.9330127018894889
8449,0.7945937450887945,0.9,0.5229524208176364,0.3705904774479438,0.9829629131443209
8450,0.7810781078107811,0.4,0.46937351751081346,0.4999999999965372,1
8451,0.7579757975797583,0.9,0.4152365006278778,0.6294095225453666,0.9829629131461134
8452,0.733930536,0.9,0.3929119575833682,0.7499999999987316,0.9330127018929517
8453,0.7191576300487195,0.9,0.43602623133807733,0.853553391,0.8535533905961754
8454,0.7075278956467081,0.9,0.33863541230640437,0.9330127018924861,0.7499999999995381
8455,0.7013987112997015,0.9,0.22687316868982838,0.9829629131439892,0.6294095225532942
8456,0.6922835140656924,0.75,0.11692479419561881,1,0.5000000000047444
8457,0.6809680968096816,0.4,0.076601088,0.982962913,0.3705904774488434
8458,0.6677667766776678,0.2,0.036975024,0.9330127018935925,0.25000000000237843
8459,0.6647807637906653,0.01,0.031672945,0.8535533905970818,0.14644660941053422
8460,0.6511079679396512,0.01,0.050927864,0.75,0.066987298
8461,0.6416784535596425,0.01,0.10841356215989954,0.6294095225545322,0.017037087
8462,0.6349206349206358,0.01,0.15962048276824334,0.5000000000060262,0
8463,0.6269055476976271,0.01,0.27235942514301664,0.3705904774500814,0.017037086855106354
8464,0.6372780135156373,0.75,0.3979349797683829,0.2500000000034884,0.066987298
8465,0.6562942008486563,0.75,0.5159760011162271,0.1464466094062956,0.14644660940715687
8466,0.6740531195976742,0.75,0.5942514301660388,0.066987298,0.24999999999824202
8467,0.7009272355807012,0.4,0.621598995,0.017037086856674266,0.37059047744422985
8468,0.714914349,0.2,0.5712292451513883,0,0.49999999999996814
8469,0.7392739273927398,0.2,0.5662062229663736,0.017037087,0.6294095225486807
8470,0.7483891246267489,0.2,0.6129482349658155,0.066987298,0.7499999999954017
8471,0.7537325161087547,0.01,0.6239709780940421,0.1464466094062506,0.8535533905927981
8472,0.7595473833097599,0.4,0.570252546,0.24999999999713207,0.9330127018905635
8473,0.7548326261197551,0.01,0.5367657318264266,0.37059047744299184,0.982962913
8474,0.739116769,0.01,0.4685363471466444,0.4999999999986865,1
8475,0.7002986012887003,0.01,0.3905399748848891,0.6294095225474426,0.9829629131455571
8476,0.6553512494106548,0.01,0.302078973,0.7499999999942917,0.933012702
8477,0.6349206349206358,0.05,0.2210129761406446,0.8535533905918918,0.8535533905946557
8478,0.6259625962596265,0.01,0.13478442863122644,0.9330127018899227,0.7500000000039779
8479,0.6192047776206198,0.01,0.064043533,0.9829629131445454,0.6294095225512182
8480,0.6311488291686316,0.4,0.031393889,1,0.5000000000025951
8481,0.6457645764576463,0.4,0.021208315892284082,0.9829629131458888,0.37059047745379536
8482,0.6520509193776527,0.4,0.027208037,0.9330127018925178,0.25000000000051714
8483,0.6550369322646552,0.9,0.10366959676294127,0.8535533905955619,0.14644660940901444
8484,0.6628948609146632,0.75,0.4023998883772848,0.7500000000050879,0.066987298
8485,0.663052019,0.75,0.8042416631784568,0.6294095225524561,0.017037086855786254
8486,0.6606946408926615,0.75,0.8793079391656202,0.5000000000038769,0
8487,0.6657237152286659,0.9,0.7713129621878052,0.3705904774550334,0.017037086853779415
8488,0.6699669966996704,0.75,0.7537323845402539,0.25000000000162703,0.066987298
8489,0.6798679867986794,0.75,0.5882517092228268,0.1464466094099207,0.14644660940353177
8490,0.6731101681596736,0.9,0.5910422771033905,0.066987298,0.25000000000010336
8491,0.6731101681596736,0.9,0.6245290916701548,0.017037087,0.37059047744630585
8492,0.6753103881816762,0.9,0.602762662,0,0.49999999999484146
8493,0.6720100581486723,0.9,0.6508999581414817,0.017037086855330896,0.6294095225507567
8494,0.6698098381266697,0.9,0.7418724710478583,0.066987298,0.75
8495,0.6742102781706749,0.9,0.881400865,0.14644660940262544,0.853553391
8496,0.6762533396196768,0.9,0.7728477745221152,0.24999999999899342,0.9330127018916381
8497,0.683325475,0.9,0.5874145388586577,0.3705904774450679,0.9829629131435502
8498,0.6845827439886851,0.9,0.4233291474815125,0.4999999999935598,1
8499,0.6836397925506836,0.9,0.36040184177480117,0.6294095225495187,0.9829629131450008
8500,0.6834826339776838,0.9,0.2843588670294405,0.7499999999961531,0.9330127018944403
8501,0.6877259154486874,0.9,0.19254918375889493,0.8535533905934116,0.853553391
8502,0.6908690869086915,0.9,0.11692479419561881,0.9330127018909973,0.7500000000021165
8503,0.6921263554926926,0.9,0.055811358,0.9829629131432186,0.6294095225561701
8504,0.6949552098066953,0.9,0.028463792381749686,1,0.5000000000004459
8505,0.6982555398396983,0.9,0.016324822101297615,0.9829629131453326,0.37059047745171936
8506,0.705641993,0.9,0.034463513,0.9330127018950812,0.2500000000049569
8507,0.7089423228037091,0.9,0.10646016464350495,0.8535533905940422,0.14644660940749465
8508,0.7089423228037091,0.9,0.41942235244872333,0.7500000000032265,0.066987298
8509,0.7131856042747136,0.9,0.8142877075484861,0.6294095225574081,0.017037086857113137
8510,0.7112997013987115,0.2,0.8819589786521557,0.5000000000017276,0
8511,0.7146000314317154,0.75,0.8313101716199246,0.37059047745295737,0.017037086854335692
8512,0.7268584001257268,0.2,0.796149016,0.2499999999997657,0.066987298
8513,0.7438315260097448,0.01,0.6200641830612529,0.14644660940840099,0.1464466094050515
8514,0.7886217193147886,0.2,0.6386214594670016,0.066987298,0.24999999999566352
8515,0.8088951752318096,0.75,0.6633179852099902,0.017037087,0.3705904774483819
8516,0.8343548640578349,0.75,0.6486675038370308,0,0.49999999999699074
8517,0.8481848184818488,0.75,0.7187107576391796,0.017037086854004013,0.6294095225458046
8518,0.8606003457488609,0.75,0.7967071299009348,0.066987298,0.7499999999991243
8519,0.876316203,0.4,0.9247941956188084,0.14644660940414522,0.8535533905906927
8520,0.8785164230708795,0.75,0.8474954653271941,0.24999999999455352,0.9330127018890748
8521,0.8628005657708635,0.01,0.6285754150969722,0.3705904774471439,0.9829629131441066
8522,0.8470847084708475,0.01,0.4870936235523929,0.49999999999570904,1
8523,0.8348263397768352,0.75,0.3996093204967211,0.6294095225515947,0.9829629131444446
8524,0.8279113625648278,0.01,0.3309613506348542,0.7499999999980144,0.9330127018933658
8525,0.8242967153858243,0.4,0.21431561322729176,0.8535533905897865,0.853553391
8526,0.8176960553198183,0.75,0.12334310032091532,0.933012702,0.7500000000002552
8527,0.8134527738488138,0.75,0.072415237,0.9829629131437749,0.6294095225540941
8528,0.8158101524438162,0.4,0.035440212,1,0.5000000000055727
8529,0.8147100424328149,0.4,0.025254639,0.9829629131447764,0.37059047744964335
8530,0.8088951752318096,0.9,0.033068229,0.9330127018940066,0.25000000000309563
8531,0.7977369165487977,0.9,0.11008790288823776,0.8535533905976673,0.1464466094111198
8532,0.7933364765047934,0.01,0.419143296,0.7500000000013652,0.066987298
8533,0.8000942951438001,0.9,0.8105204409097251,0.6294095225553321,0.017037087
8534,0.7953795379537953,0.2,0.9115389981861308,0.49999999999957834,0
8535,0.7873644507307875,0.2,0.8576810380912515,0.3705904774508813,0.017037087
8536,0.7894075121797894,0.75,0.7527556857820566,0.2500000000042056,0.066987298
8537,0.788307402,0.9,0.6305288126133668,0.1464466094068812,0.14644660940657128
8538,0.7934936350777941,0.4,0.6665271382726384,0.066987298,0.2499999999975248
8539,0.7986798679867984,0.4,0.6935956467141063,0.017037086856888595,0.3705904774434299
8540,0.8101524438158108,0.01,0.6521557136877354,0,0.5
8541,0.82382524,0.01,0.7111762243616576,0.017037087,0.6294095225478806
8542,0.8312116925978308,0.01,0.7943351472024557,0.066987298,0.7499999999946845
8543,0.8312116925978308,0.2,0.9073531463652853,0.146446609,0.8535533905922126
8544,0.8312116925978308,0.01,0.827821962,0.24999999999641487,0.9330127018901495
8545,0.8258683011158259,0.01,0.6266220175805777,0.3705904774492199,0.9829629131446629
8546,0.8010372465818016,0.05,0.5081624110506487,0.4999999999978583,1
8547,0.7631620304887634,0.05,0.43937491279475377,0.6294095225466427,0.9829629131457714
8548,0.7090994813767089,0.05,0.35914608622854755,0.7499999999998757,0.9330127018922911
8549,0.6853685368536859,0.01,0.3128226594111902,0.8535533905913062,0.8535533905952413
8550,0.6683954109696688,0.01,0.2578484721640854,0.9330127018895087,0.7500000000046951
8551,0.6448216250196457,0.01,0.07994977,0.9829629131443312,0.6294095225520181
8552,0.6416784535596425,0.01,0.040602763,1,0.5000000000034234
8553,0.6382209649536388,0.01,0.025673224501185993,0.9829629131461032,0.37059047745459534
8554,0.6236052176646241,0.01,0.031672945,0.933012702,0.2500000000012343
8555,0.6113468489706118,0.01,0.11078554485837867,0.8535533905961475,0.14644660940960003
8556,0.6100895803866098,0.01,0.4104925352309195,0.75,0.066987298
8557,0.6067892503536068,0.01,0.7650341844565369,0.6294095225532561,0.017037086856000583
8558,0.6080465189376079,0.05,0.839960932,0.5,0
8559,0.618418985,0.05,0.8413562159899539,0.3705904774488053,0.017037086855448247
8560,0.6808109382366809,0.01,0.7826147621040882,0.25000000000234424,0.066987298
8561,0.609932422,0.4,0.594390959,0.1464466094105063,0.14644660940294613
8562,0.6327675624705331,0.4,0.6248779126552253,0.066987298,0.24999999999938616
8563,0.6625019644821628,0.4,0.657876378,0.017037086856332317,0.37059047744550594
8564,0.8426842684268432,0.05,0.5950886005302078,0,0.49999999999401334
8565,0.8595002357378596,0.01,0.6715501604576531,0.017037086855116568,0.6294095225499567
8566,0.8785164230708795,0.05,0.7967071299009348,0.066987298,0.7499999999965459
8567,0.89203206,0.2,0.9468396818752616,0.14644660940718474,0.8535533905937323
8568,0.9009900990099013,0.2,0.89577229,0.2499999999982762,0.9330127018912241
8569,0.9009900990099013,0.01,0.7061532021766429,0.37059047744426793,0.982962913
8570,0.8898318403268903,0.2,0.5324403516115529,0.5000000000000075,1
8571,0.8742731415998741,0.01,0.464490024,0.6294095225487187,0.9829629131452151
8572,0.8668866886688673,0.75,0.5334170503697502,0.7499999999954359,0.9330127018948544
8573,0.858557284,0.4,0.3223105902051068,0.853553391,0.8535533905937216
8574,0.8543140028288545,0.01,0.16464350495325797,0.9330127018905832,0.7500000000028337
8575,0.8469275498978468,0.01,0.090553928,0.9829629131430042,0.629409523
8576,0.8481848184818488,0.01,0.05469513,1,0.5000000000012741
8577,0.8516423070878516,0.01,0.027626622017580576,0.9829629131455468,0.3705904774525193
8578,0.8459845984598471,0.01,0.035858797,0.9330127018954952,0.25000000000567413
8579,0.8415841584158419,0.01,0.10492535230919492,0.8535533905946278,0.14644660940808024
8580,0.8359264497878356,0.01,0.39221431561322734,0.7500000000039437,0.066987298
8581,0.8348263397768352,0.01,0.7861029719547927,0.629409523,0.017037086855444306
8582,0.8335690711928341,0.75,0.9299567461978513,0.5000000000025557,0
8583,0.8313688511708324,0.9,0.8173573322171062,0.3705904774537573,0.017037086854121364
8584,0.8340405469118344,0.9,0.6693177061532022,0.25000000000048295,0.066987298
8585,0.8492849284928501,0.75,0.6404353285893679,0.14644660940898657,0.1464466094044659
8586,0.8772591544868775,0.75,0.6789451653411469,0.066987298,0.24999999999494626
8587,0.9075907590759074,0.2,0.7263848193107297,0.017037087,0.370590477
8588,0.9306930693069311,0.4,0.7192688712152923,0,0.49999999999616257
8589,0.9548954895489552,0.01,0.7489884191432956,0.017037087,0.6294095225450047
8590,0.9762690554769766,0.01,0.7975443002651039,0.066987298,0.75
8591,0.9883702655979882,0.4,0.8357750802288265,0.14644660940355964,0.8535533905901072
8592,0.993085023,0.01,0.7519185154178876,0.2500000000001375,0.9330127018922987
8593,0.9853842527109857,0.01,0.660108832,0.370590477,0.9829629131438922
8594,0.9654251139399652,0.4,0.5701130179991628,0.49999999999488093,1
8595,0.9413798522709418,0.4,0.4685363471466444,0.6294095225507947,0.9829629131446589
8596,0.9245638849599254,0.01,0.422910562,0.7499999999972972,0.9330127018937798
8597,0.9123055162659122,0.4,0.41035300683689135,0.8535533905892009,0.8535533905973467
8598,0.9047619047619047,0.01,0.29119575833682154,0.9330127018916579,0.7500000000009724
8599,0.8973754518308978,0.01,0.16980605553230083,0.9829629131435604,0.629409523
8600,0.8874744617318879,0.01,0.11664573740756244,1,0.5000000000064008
8601,0.8783592644978779,0.01,0.065299288,0.9829629131449906,0.37059047745044327
8602,0.868458274,0.01,0.045625785,0.9330127018944206,0.25000000000381284
8603,0.8595002357378596,0.01,0.047718710757639185,0.8535533905931081,0.1464466094065605
8604,0.8554141128398558,0.01,0.10394865355099764,0.7500000000020823,0.066987298
8605,0.8406412069778413,0.01,0.1837588949351193,0.629409523,0.017037087
8606,0.8246110325318248,0.4,0.30542765452769643,0.5000000000004065,0
8607,0.8213107024988209,0.75,0.46239709780940424,0.3705904774516813,0.017037087
8608,0.8335690711928341,0.75,0.528673085,0.25000000000492273,0.066987298
8609,0.8595002357378596,0.75,0.5973210548346588,0.1464466094074668,0.1464466094059857
8610,0.8811881188118815,0.4,0.6980605553230083,0.066987298,0.2499999999968076
8611,0.8984755618418991,0.01,0.6831310171619924,0.017037086857102923,0.37059047744262996
8612,0.9126198334119127,0.75,0.6562020371145528,0,0.49999999999831185
8613,0.9222065063649221,0.2,0.6527138272638482,0.017037086854345906,0.6294095225470807
8614,0.9352506679239352,0.4,0.6083437979628854,0.066987298,0.7500000000002685
8615,0.9492377809209498,0.01,0.6534114692339891,0.14644660940507942,0.8535533905916269
8616,0.940594059,0.75,0.7040602762662201,0.24999999999569766,0.9330127018897354
8617,0.9234637749489232,0.01,0.6161573880284638,0.370590477,0.9829629131444485
8618,0.9013044161559018,0.75,0.6003906795032788,0.4999999999970302,1
8619,0.8764733616218776,0.75,0.544579322,0.6294095225458427,0.9829629131459858
8620,0.8631148829168631,0.9,0.4301660387888936,0.7499999999991585,0.9330127018927052
8621,0.8678296401068679,0.01,0.42960792521278085,0.8535533905907207,0.8535533905958268
8622,0.8412698412698414,0.4,0.2992884051904563,0.9330127018890946,0.7500000000054123
8623,0.8227251296558236,0.01,0.17413143574717455,0.9829629131441168,0.629409523
8624,0.8109382366808116,0.01,0.1060415794614204,1,0.5000000000042515
8625,0.8055948451988058,0.01,0.074787219,0.9829629131444344,0.3705904774483672
8626,0.7939651107967944,0.01,0.04171899,0.9330127018933461,0.2500000000019515
8627,0.7964796479647966,0.01,0.03474257,0.8535533905967332,0.1464466094101856
8628,0.8043375766148047,0.01,0.054137017,0.7500000000002212,0.066987298
8629,0.8016658808738018,0.01,0.12362215710897169,0.629409523,0.017037087
8630,0.7845355964167848,0.2,0.18752616157388027,0.5000000000055331,0
8631,0.7856357064277861,0.4,0.30542765452769643,0.3705904774496052,0.017037087
8632,0.8068521137828077,0.01,0.4670015348123343,0.25000000000306144,0.066987298
8633,0.8318403268898318,0.4,0.6384819310729734,0.14644660941109194,0.14644660940236054
8634,0.8689297501178692,0.75,0.6462955211385517,0.066987298,0.24999999999866895
8635,0.9196919691969208,0.75,0.5962048276824333,0.017037086856546646,0.370590477
8636,0.9379223636649381,0.4,0.5882517092228268,0,0.5000000000004611
8637,0.9536382209649541,0.4,0.5869959536765732,0.017037086854902184,0.6294095225491567
8638,0.9548954895489552,0.75,0.6089019115389982,0.066987298,0.7499999999958286
8639,0.9561527581329572,0.75,0.5977396400167434,0.14644660940659915,0.8535533905931467
8640,0.9548954895489552,0.75,0.5823915166736431,0.24999999999755895,0.933012702
8641,0.9464089266069471,0.01,0.5371843170085112,0.370590477,0.9829629131431217
8642,0.9264497878359266,0.75,0.5297893121250175,0.49999999999917943,1
8643,0.8629577243438633,0.9,0.428212641,0.6294095225479188,0.9829629131454295
8644,0.8301115825868304,0.4,0.29859076322031536,0.7499999999947187,0.9330127018952685
8645,0.8206820682068208,0.9,0.2238035440212083,0.8535533905922403,0.8535533905943071
8646,0.8088951752318096,0.75,0.39905120692060836,0.9330127018901692,0.7500000000035509
8647,0.8026088323118024,0.9,0.11469233989116785,0.9829629131446731,0.6294095225507419
8648,0.7829640106867832,0.75,0.039486536,1,0.5000000000021022
8649,0.7763633506207772,0.4,0.029998605,0.9829629131457612,0.3705904774533192
8650,0.7578186390067585,0.9,0.034463513,0.9330127018922714,0.25000000000009015
8651,0.7443030017287442,0.9,0.1043672387330822,0.8535533905952134,0.14644660940866588
8652,0.7337733773377342,0.9,0.3860750662759872,0.7500000000046609,0.066987298
8653,0.7243438629577246,0.9,0.7554067252685921,0.6294095225519799,0.017037087
8654,0.7128712871287131,0.9,0.8752616157388028,0.5000000000033838,0
8655,0.7065849442087075,0.9,0.8631226454583507,0.3705904774545572,0.017037086853907035
8656,0.7012415527267017,0.9,0.6937351751081344,0.25000000000120015,0.066987298
8657,0.7001414427157004,0.9,0.5924375610436724,0.14644660940957216,0.14644660940388032
8658,0.7057991513437059,0.9,0.6255057904283522,0.066987298,0.25000000000053024
8659,0.7191576300487195,0.9,0.6545276963862146,0.017037087,0.37059047744678203
8660,0.7202577400597208,0.9,0.6542486395981582,0,0.49999999999533445
8661,0.7304730473047312,0.9,0.6917817775917399,0.017037087,0.6294095225512328
8662,0.7295300958667297,0.9,0.7884749546532719,0.066987298,0.75
8663,0.7257582901147264,0.9,0.8851681317148039,0.14644660940297405,0.8535533905895216
8664,0.7164859343077175,0.9,0.8479140505092786,0.2499999999994203,0.9330127018918846
8665,0.7152286657237155,0.9,0.6126691781777591,0.3705904774455441,0.9829629131436779
8666,0.7086280056577094,0.9,0.4033765871354821,0.49999999999405276,1
8667,0.70705642,0.9,0.33277521975722063,0.6294095225499948,0.9829629131448733
8668,0.7034417727487035,0.9,0.267336403,0.75,0.9330127018941938
8669,0.701084394,0.9,0.18794474675596484,0.8535533905886152,0.8535533905979322
8670,0.6995128084236995,0.9,0.12236640156271801,0.9330127018912437,0.7500000000016896
8671,0.6889831840326894,0.9,0.061392493,0.9829629131433462,0.6294095225556939
8672,0.6877259154486874,0.9,0.028045207,1,0.4999999999999529
8673,0.6889831840326894,0.9,0.016185294,0.9829629131452049,0.3705904774512432
8674,0.6929121483576934,0.9,0.027208037,0.9330127018948347,0.25
8675,0.6929121483576934,0.9,0.10897167573601228,0.8535533905936936,0.1464466094071461
8676,0.6889831840326894,0.9,0.41300404632342685,0.7500000000027995,0.066987298
8677,0.6902404526166905,0.9,0.7643365424863959,0.6294095225569319,0.017037086856985573
8678,0.6913405626276918,0.9,0.8248918654946281,0.5000000000012346,0
8679,0.6864686468646863,0.9,0.8578205664852797,0.3705904774524812,0.017037086854463313
8680,0.6877259154486874,0.9,0.7911259941398074,0.25,0.066987298
8681,0.6949552098066953,0.9,0.6129482349658155,0.14644660940805238,0.1464466094054001
8682,0.705641993,0.9,0.6422491977117343,0.066987298,0.24999999999609046
8683,0.7097281156687099,0.9,0.6577368494488628,0.017037087,0.3705904774488581
8684,0.7191576300487195,0.9,0.6649923259383285,0,0.49999999999748374
8685,0.7254439729687259,0.9,0.6951304590484163,0.017037086854131578,0.6294095225462808
8686,0.730630206,0.9,0.7950327891725966,0.066987298,0.7499999999995512
8687,0.7400597202577406,0.9,0.9461420399051207,0.14644660940449378,0.8535533905910413
8688,0.7389596102467393,0.9,0.8569833961211106,0.24999999999498046,0.9330127018893213
8689,0.7337733773377342,0.9,0.6462955211385517,0.3705904774476201,0.9829629131442341
8690,0.7254439729687259,0.9,0.46393191014371427,0.49999999999620204,1
8691,0.7128712871287131,0.9,0.376866192,0.6294095225450428,0.9829629131462001
8692,0.7034417727487035,0.75,0.31868285196037394,0.7499999999984412,0.9330127018931192
8693,0.6932264655036939,0.9,0.209990233,0.8535533905901351,0.8535533905964124
8694,0.6765676567656764,0.01,0.12934282126412724,0.9330127018923184,0.7499999999998284
8695,0.6616375923306621,0.01,0.058043812,0.9829629131439024,0.6294095225536179
8696,0.6490649064906493,0.01,0.037114553,1,0.5000000000050796
8697,0.6416784535596425,0.4,0.022045486,0.9829629131446487,0.3705904774491672
8698,0.6259625962596265,0.01,0.036416911,0.9330127018937602,0.2500000000026687
8699,0.6228194247996233,0.4,0.10353006836891308,0.8535533905973187,0.14644660941077126
8700,0.6154329718686156,0.01,0.41816659690246966,0.7500000000009384,0.066987298
8701,0.6056891403426063,0.01,0.823217525,0.6294095225548559,0.017037086856429295
8702,0.6008172245796009,0.2,0.8737268034044928,0.5000000000063614,0
8703,0.5997171145686004,0.2,0.8116366680619506,0.37059047745040513,0.017037087
8704,0.6181046676096185,0.2,0.7727082461280871,0.25000000000377864,0.066987298
8705,0.6416784535596425,0.2,0.6235523929119575,0.14644660940653265,0.14644660940691984
8706,0.6624233851956629,0.2,0.666248081,0.066987298,0.24999999999795175
8707,0.6888260254596896,0.01,0.6737826147621041,0.017037086856760975,0.37059047744390605
8708,0.7169574100267169,0.4,0.6746197851262732,0,0.49999999999963296
8709,0.7326732673267329,0.4,0.7067113157527557,0.017037086854687855,0.6294095225483569
8710,0.7380166588087387,0.75,0.7844286312264546,0.066987298,0.7499999999951114
8711,0.746346063,0.4,0.9162829635830891,0.14644660940601356,0.8535533905925612
8712,0.7454031117397455,0.4,0.8653550997628017,0.2499999999968418,0.933012702
8713,0.7494892346377493,0.05,0.6411329705595088,0.3705904774426681,0.9829629131429073
8714,0.7315731573157316,0.05,0.49518627040602764,0.4999999999983513,1
8715,0.6941694169416945,0.01,0.43295660666945723,0.6294095225471189,0.9829629131456439
8716,0.6509508093666514,0.05,0.3510534393749128,0.7500000000003026,0.9330127018920447
8717,0.6382209649536388,0.05,0.2660806474117483,0.8535533905916548,0.8535533905948927
8718,0.5993242181360992,0.01,0.16310869261894795,0.9330127018897552,0.7500000000042681
8719,0.6170045575986172,0.01,0.06864797,0.9829629131444587,0.6294095225515419
8720,0.6215621562156222,0.01,0.030138133110087905,1,0.5000000000029303
8721,0.6261197548326263,0.01,0.021905957862425007,0.9829629131459756,0.37059047745411916
8722,0.621719315,0.01,0.029161434,0.9330127018926855,0.25000000000080735
8723,0.6280056577086284,0.9,0.10576252267336403,0.853553391,0.14644660940925147
8724,0.637435172,0.9,0.41649225617413144,0.7500000000053781,0.066987298
8725,0.6449787835926455,0.4,0.8300544160736709,0.6294095225527799,0.017037086855873018
8726,0.6462360521766466,0.4,0.8819589786521557,0.5000000000042121,0
8727,0.6449787835926455,0.75,0.86102972,0.3705904774483291,0.017037086855575867
8728,0.6646236052176646,0.75,0.7319659550718571,0.2500000000019173,0.066987298
8729,0.6976269055476974,0.75,0.627598716,0.14644660941015775,0.14644660940329474
8730,0.722143643,0.75,0.6568996790846937,0.066987298,0.24999999999981304
8731,0.7460317460317465,0.75,0.6754569554904423,0.017037086856204753,0.3705904774459821
8732,0.7746346063177749,0.75,0.6849448862843588,0,0.4999999999945063
8733,0.7986798679867984,0.4,0.7146644342123621,0.017037086855244132,0.6294095225504329
8734,0.8143957252868144,0.75,0.8371703641691084,0.066987298,0.7499999999969726
8735,0.8186390067578189,0.75,0.9303753313799358,0.14644660940238846,0.853553391
8736,0.8169102624548175,0.75,0.8548904702106879,0.24999999999870315,0.9330127018914706
8737,0.8008800880088018,0.75,0.6619227012697083,0.3705904774447441,0.9829629131434636
8738,0.7779349363507779,0.75,0.5161155295102553,0.5000000000005006,1
8739,0.752946723,0.75,0.44188642388726107,0.6294095225491949,0.9829629131450877
8740,0.7265440829797272,0.2,0.3818892144551416,0.7499999999958628,0.9330127018946079
8741,0.7128712871287131,0.4,0.2676154597460583,0.8535533905931746,0.853553391
8742,0.6951123683796951,0.01,0.1926887121529231,0.9330127018908297,0.7500000000024069
8743,0.6731101681596736,0.01,0.089019115,0.9829629131431319,0.6294095225564939
8744,0.6500078579286499,0.01,0.044509558,1,0.5000000000007812
8745,0.6448216250196457,0.01,0.027487094,0.9829629131454194,0.3705904774520431
8746,0.6405783435486403,0.01,0.032789173,0.9330127018952488,0.25000000000524725
8747,0.6322489391796329,0.01,0.10422771033905401,0.8535533905942793,0.1464466094077317
8748,0.6122898004086132,0.01,0.3916562020371146,0.7500000000035169,0.066987298
8749,0.6019173345906021,0.01,0.7978233570531603,0.6294095225507038,0.017037087
8750,0.5913877101995912,0.05,0.901074369,0.5000000000020628,0
8751,0.5860443187175863,0.05,0.8345193246825728,0.3705904774532811,0.017037086854248984
8752,0.6143328618576152,0.05,0.736430864,0.25000000000005607,0.066987298
8753,0.6489077479176495,0.01,0.6469931631086926,0.14644660940863796,0.14644660940481452
8754,0.6771962910576774,0.2,0.701688294,0.066987298,0.24999999999537326
8755,0.6955838440986954,0.4,0.7806613645876935,0.017037086855648476,0.3705904774480582
8756,0.7117711771177118,0.4,0.7566624808148458,0,0.49999999999665556
8757,0.7259154486877262,0.4,0.8188921445514162,0.017037087,0.6294095225454809
8758,0.7281156687097288,0.4,0.8727501046462955,0.066987298,0.75
8759,0.7337733773377342,0.75,0.9088879586995954,0.14644660940390825,0.8535533905904558
8760,0.733930536,0.4,0.809683271,0.25000000000056444,0.9330127018925451
8761,0.7274870344177278,0.75,0.7505232314776057,0.37059047744682017,0.9829629131440198
8762,0.7150715071507148,0.01,0.611832008,0.49999999999537387,1
8763,0.6732673267326734,0.2,0.4792800334868146,0.6294095225512709,0.9829629131445313
8764,0.6427785635706438,0.05,0.41858518208455425,0.75,0.9330127018935334
8765,0.6215621562156222,0.05,0.3390539974884889,0.8535533905895494,0.8535533905969981
8766,0.6067892503536068,0.01,0.24654667224780244,0.9330127018919043,0.7500000000005456
8767,0.5978312116925983,0.01,0.16073670992046882,0.9829629131436881,0.6294095225544178
8768,0.5860443187175863,0.01,0.088042417,1,0.5000000000059078
8769,0.5810152443815819,0.01,0.061252965,0.9829629131448631,0.3705904774499671
8770,0.5811724029545817,0.01,0.040184177,0.9330127018941742,0.25000000000338585
8771,0.5778720729215787,0.01,0.044509558,0.8535533905979042,0.1464466094113568
8772,0.577714914,0.01,0.09557695,0.7500000000016556,0.066987298
8773,0.5731573157315739,0.01,0.19966513185433235,0.6294095225556559,0.017037086856643624
8774,0.5663994970925672,0.01,0.30221850146504814,0.4999999999999135,0
8775,0.5682853999685684,0.05,0.4982558950746477,0.3705904774512051,0.017037087
8776,0.6091466289486092,0.01,0.6596902469652574,0.25000000000449585,0.066987298
8777,0.655194091,0.01,0.727361518,0.14644660940711818,0.14644660940633425
8778,0.697784064,0.01,0.7335007674061671,0.066987298,0.24999999999723455
8779,0.7358164387867361,0.01,0.7157806613645876,0.017037087,0.37059047744310614
8780,0.756875688,0.4,0.7389423747732663,0,0.49999999999880484
8781,0.7652050919377653,0.01,0.7224780242779405,0.017037086854473527,0.6294095225475569
8782,0.7730630205877733,0.01,0.7132691502720804,0.066987298,0.7499999999943943
8783,0.7768348263397766,0.75,0.6783870517650341,0.14644660940542797,0.8535533905919754
8784,0.7716485934307724,0.75,0.671410632,0.2499999999961246,0.9330127018899819
8785,0.7642621404997647,0.2,0.6089019115389982,0.37059047744889617,0.9829629131445761
8786,0.746346063,0.75,0.5281149713966792,0.49999999999752315,1
8787,0.7359735973597368,0.01,0.43909585600669737,0.6294095225463189,0.9829629131458582
8788,0.7303158887317305,0.75,0.5013255197432678,0.7499999999995854,0.9330127018924588
8789,0.7202577400597208,0.4,0.4483047300125576,0.8535533905910693,0.8535533905954783
8790,0.7191576300487195,0.75,0.33542625924375613,0.933012702,0.7500000000049853
8791,0.7157001414427158,0.75,0.18613087763359842,0.9829629131442443,0.6294095225523418
8792,0.7097281156687099,0.75,0.10897167573601228,1,0.5000000000037585
8793,0.7079993713657085,0.9,0.070322311,0.9829629131461899,0.3705904774549191
8794,0.705641993,0.4,0.043672387,0.9330127018930996,0.25000000000152456
8795,0.6955838440986954,0.75,0.0339054,0.8535533905963846,0.146446609
8796,0.6753103881816762,0.9,0.090972513,0.7499999999997942,0.066987298
8797,0.6698098381266697,0.9,0.21501325519743267,0.6294095225535798,0.017037086856087347
8798,0.670909948,0.75,0.24068647969861864,0.5000000000050402,0
8799,0.675467547,0.9,0.3195200223245431,0.37059047744912904,0.017037086855361483
8800,0.6776677667766777,0.9,0.6022045486256453,0.25000000000263456,0.066987298
8801,0.6907119283356908,0.9,0.7188502860332078,0.14644660941074333,0.14644660940270915
8802,0.7023416627377022,0.9,0.6467141063206362,0.066987298,0.24999999999909583
8803,0.7097281156687099,0.9,0.6687595925770894,0.017037087,0.37059047744518214
8804,0.6946408926606948,0.9,0.6969443281707828,0,0.4999999999936781
8805,0.6933836240766937,0.75,0.6708525184875122,0.017037086855029804,0.629409523
8806,0.69715543,0.9,0.5949490721361796,0.066987298,0.7499999999962554
8807,0.7213578500707221,0.75,0.5960652992884051,0.14644660940694776,0.8535533905934953
8808,0.7337733773377342,0.9,0.5576949909306543,0.2499999999979859,0.9330127018910566
8809,0.7326732673267329,0.9,0.497697781,0.3705904774439442,0.9829629131432492
8810,0.7292157787207301,0.9,0.41119017720106044,0.49999999999967243,1
8811,0.7213578500707221,0.9,0.3599832565927166,0.629409523,0.9829629131453019
8812,0.7191576300487195,0.9,0.26370866471326915,0.7499999999951455,0.9330127018950221
8813,0.7180575200377182,0.9,0.2194781638063346,0.853553391,0.8535533905939585
8814,0.7202577400597208,0.75,0.17245709501883633,0.9330127018904156,0.7500000000031241
8815,0.7257582901147264,0.75,0.065299288,0.9829629131429175,0.6294095225572938
8816,0.7226151186547232,0.4,0.029719548,1,0.5000000000016093
8817,0.6966839541096976,0.9,0.017859634435607643,0.9829629131456337,0.370590477
8818,0.670909948,0.9,0.030835775,0.9330127018920249,0.24999999999966327
8819,0.6652522395096656,0.9,0.096274592,0.8535533905948648,0.14644660940831727
8820,0.6671381423856668,0.9,0.38802846379238176,0.75,0.066987298
8821,0.6685525695426686,0.4,0.777173155,0.6294095225515037,0.017037087
8822,0.6694955209806701,0.9,0.9019115389981861,0.5000000000028909,0
8823,0.6729530095866729,0.75,0.8289381889214454,0.370590477,0.017037086854034655
8824,0.6814395725286819,0.75,0.6843867727082461,0.25000000000077316,0.066987298
8825,0.6988841741316993,0.9,0.5900655783451932,0.14644660940922355,0.14644660940422893
8826,0.7314159987427318,0.9,0.6147621040881819,0.066987298,0.25
8827,0.7414741474147415,0.9,0.6376447607088042,0.017037086855862804,0.37059047744725826
8828,0.7557755775577566,0.9,0.6358308915864378,0,0.4999999999958274
8829,0.7785635706427789,0.9,0.6810380912515697,0.017037087,0.629409523
8830,0.7768348263397766,0.75,0.784707688,0.066987298,0.7499999999981168
8831,0.771962911,0.9,0.9144690944607228,0.14644660940332266,0.8535533905898701
8832,0.7620619204777621,0.9,0.7654527696386214,0.24999999999984723,0.9330127018921311
8833,0.7546754675467553,0.9,0.527975443,0.3705904774460202,0.9829629131438055
8834,0.7469746974697471,0.9,0.3513324961629692,0.49999999999454575,1
8835,0.7493320760647495,0.9,0.292311985,0.629409523,0.9829629131447457
8836,0.7482319660537482,0.9,0.25742988698200087,0.7499999999970068,0.9330127018939474
8837,0.7408455131227405,0.9,0.1734337937770336,0.8535533905889638,0.8535533905975836
8838,0.7449316360207452,0.9,0.10520440909725129,0.9330127018914902,0.7500000000012628
8839,0.738488135,0.9,0.054137017,0.9829629131434738,0.6294095225552178
8840,0.7408455131227405,0.9,0.030556718,1,0.5
8841,0.7395882445387394,0.75,0.013813311,0.9829629131450774,0.370590477
8842,0.745717429,0.75,0.029440491,0.9330127018945882,0.2500000000041031
8843,0.7540468332547543,0.75,0.10911120413004047,0.853553391,0.1464466094067975
8844,0.7729058620147735,0.9,0.40463234268173576,0.7500000000023727,0.066987298
8845,0.756247053,0.9,0.7675456955490442,0.6294095225564558,0.017037086856857953
8846,0.7408455131227405,0.9,0.7453606808985628,0.5000000000007416,0
8847,0.730001572,0.9,0.7884749546532719,0.370590477,0.017037086854590877
8848,0.7323589501807324,0.9,0.7436863401702246,0.25000000000521305,0.066987298
8849,0.7421027817067425,0.9,0.6082042695688572,0.14644660940770382,0.14644660940574866
8850,0.7565613704227565,0.75,0.6394586298311706,0.066987298,0.24999999999651734
8851,0.7722772277227725,0.9,0.6855029998604716,0.017037086855306527,0.37059047744933427
8852,0.7925506836397926,0.75,0.6733640295800195,0,0.4999999999979767
8853,0.7741631305987737,0.9,0.7195479280033487,0.017037086854259198,0.629409523
8854,0.749646393,0.9,0.7974047718710757,0.066987298,0.7499999999999781
8855,0.7336162187647335,0.9,0.919910702,0.1464466094048424,0.8535533905913899
8856,0.7337733773377342,0.4,0.8148458211245988,0.2499999999954074,0.9330127018895678
8857,0.7405311959767409,0.4,0.6333193804939304,0.37059047744809626,0.9829629131443618
8858,0.7168002514537171,0.2,0.46658294963024977,0.49999999999669503,1
8859,0.6911834040546911,0.05,0.37993581693874706,0.629409523,0.9829629131460725
8860,0.6698098381266697,0.01,0.32175247662899403,0.7499999999988682,0.9330127018928728
8861,0.6520509193776527,0.01,0.23091949211664572,0.8535533905904837,0.8535533905960639
8862,0.6438786735816442,0.01,0.13548207060136738,0.9330127018889269,0.7500000000057025
8863,0.6292629262926295,0.01,0.058601925,0.9829629131440301,0.6294095225531418
8864,0.6248624862486252,0.01,0.029998605,1,0.5000000000045867
8865,0.6102467389596113,0.01,0.023440770196735034,0.9829629131445211,0.370590477
8866,0.6080465189376079,0.01,0.034463513,0.9330127018935136,0.25000000000224176
8867,0.6030174446016034,0.01,0.10422771033905401,0.8535533905969701,0.14644660941042265
8868,0.5989313217035996,0.01,0.4042137574996512,0.7500000000005114,0.066987298
8869,0.5956309916705966,0.01,0.8173573322171062,0.6294095225543798,0.017037086856301675
8870,0.5866729530095873,0.01,0.8539137714524906,0.5000000000058683,0
8871,0.577714914,0.01,0.7985209990233012,0.37059047744992896,0.017037086855147154
8872,0.5923306616375927,0.05,0.7538719129342821,0.25000000000335176,0.066987298
8873,0.6127612761276127,0.01,0.626901074,0.14644660941132892,0.14644660940212356
8874,0.6405783435486403,0.4,0.6575973210548346,0.066987298,0.24999999999837869
8875,0.6599088480276598,0.4,0.6905260220454862,0.017037087,0.3705904774443822
8876,0.6720100581486723,0.4,0.6677828938188921,0,0.5000000000001259
8877,0.6792393525066793,0.4,0.710757639,0.017037086854815475,0.629409523
8878,0.6888260254596896,0.2,0.7866610855309055,0.066987298,0.7499999999955383
8879,0.7023416627377022,0.05,0.8793079391656202,0.14644660940636212,0.8535533905929097
8880,0.7034417727487035,0.05,0.8536347146644342,0.24999999999726868,0.9330127018906424
8881,0.7023416627377022,0.05,0.680479978,0.3705904774431443,0.9829629131430349
8882,0.6776677667766777,0.05,0.4986744802567323,0.49999999999884426,1
8883,0.6418356121326423,0.05,0.401004604,0.6294095225475951,0.9829629131455162
8884,0.6069464089266075,0.05,0.334589089,0.7499999999944283,0.9330127018954362
8885,0.5887160144585892,0.01,0.22324543044509557,0.8535533905920034,0.853553391
8886,0.577714914,0.01,0.12962187805218361,0.9330127018900016,0.7500000000038413
8887,0.5764576457645769,0.01,0.058043812,0.9829629131445863,0.6294095225510656
8888,0.5728429985855725,0.75,0.032231059,1,0.5000000000024374
8889,0.5844727329875847,0.01,0.019115389981861308,0.9829629131458479,0.37059047745364293
8890,0.5879302215935884,0.75,0.032370587414538854,0.933012702,0.2500000000003805
8891,0.5990884802765994,0.9,0.10771592018975862,0.8535533905954504,0.14644660940890286
8892,0.6148043375766146,0.9,0.40839960932049674,0.7500000000049512,0.066987298
8893,0.6192047776206198,0.75,0.8004743965396958,0.6294095225523038,0.017037086855745398
8894,0.6248624862486252,0.9,0.889772569,0.5,0
8895,0.6297344020116298,0.9,0.6688991209711176,0.370590477,0.017037087
8896,0.6427785635706438,0.9,0.7361518068927027,0.2500000000014904,0.066987298
8897,0.6628948609146632,0.9,0.6278777731268312,0.14644660940980914,0.1464466094036433
8898,0.6790821939336795,0.9,0.6520161852937072,0.066987298,0.25000000000024003
8899,0.7009272355807012,0.9,0.6958281010185573,0.017037086856077133,0.3705904774464583
8900,0.7130284457017129,0.9,0.6806195060694851,0,0.4999999999949993
8901,0.7298444130127302,0.9,0.7333612390121389,0.017037086855371697,0.6294095225509091
8902,0.7348734873487346,0.9,0.8169387470350216,0.066987298,0.7499999999973996
8903,0.7274870344177278,0.9,0.9306543881679922,0.14644660940273702,0.8535533905892846
8904,0.7224579600817234,0.75,0.8384261197153621,0.24999999999913003,0.933012702
8905,0.7112997013987115,0.9,0.644342124,0.3705904774452203,0.9829629131435911
8906,0.6960553198176966,0.9,0.503837031,0.4999999999937176,1
8907,0.6877259154486874,0.9,0.43463094739779545,0.6294095225496711,0.982962913
8908,0.678767877,0.9,0.3609599553509139,0.7499999999962896,0.9330127018943615
8909,0.6753103881816762,0.9,0.25268592158504255,0.8535533905935232,0.8535533905930244
8910,0.6694955209806701,0.9,0.16924794195618809,0.9330127018910762,0.75
8911,0.663680654,0.9,0.077159202,0.9829629131432593,0.6294095225560177
8912,0.659751689,0.9,0.036416911,1,0.5000000000002881
8913,0.6427785635706438,0.01,0.024138412,0.9829629131452917,0.3705904774515669
8914,0.6305201948766306,0.01,0.033486814566764334,0.9330127018950023,0.25000000000482026
8915,0.6196762533396201,0.01,0.10046044370029301,0.8535533905939306,0.14644660940738308
8916,0.6126041175546129,0.01,0.38286591321333896,0.75,0.066987298
8917,0.6001885902875999,0.2,0.7874982558950746,0.6294095225572557,0.017037087
8918,0.592173503,0.01,0.9228407981024138,0.5000000000015697,0
8919,0.5978312116925983,0.75,0.7958699595367658,0.37059047745280493,0.017037087
8920,0.6248624862486252,0.9,0.6849448862843588,0.24999999999962907,0.066987298
8921,0.6517366022316522,0.9,0.6426677828938189,0.1464466094082894,0.14644660940516308
8922,0.6786107182146792,0.9,0.6878749825589507,0.066987298,0.24999999999580014
8923,0.6897689768976893,0.9,0.7579182363610995,0.017037086855520855,0.37059047744853435
8924,0.7001414427157004,0.9,0.7358727501046463,0,0.4999999999971485
8925,0.6991984912776998,0.9,0.7369889772568717,0.017037086854044814,0.6294095225459571
8926,0.6867829640106868,0.9,0.7902888237756384,0.066987298,0.7499999999992609
8927,0.6753103881816762,0.9,0.8237756383424026,0.1464466094042568,0.8535533905908044
8928,0.6765676567656764,0.9,0.7732663597041998,0.2499999999946902,0.9330127018891536
8929,0.6776677667766777,0.9,0.6468536347146644,0.37059047744729634,0.9829629131441474
8930,0.6776677667766777,0.9,0.5653690526022045,0.49999999999586686,1
8931,0.6720100581486723,0.9,0.42193386354123064,0.6294095225517471,0.9829629131444038
8932,0.6720100581486723,0.75,0.38942374773266364,0.75,0.9330127018932868
8933,0.6720100581486723,0.9,0.35049532579880005,0.853553391,0.8535533905966495
8934,0.6720100581486723,0.9,0.37156411329705596,0.9330127018921508,0.7500000000001186
8935,0.6720100581486723,0.9,0.23566345751360399,0.9829629131438157,0.6294095225539417
8936,0.6677667766776678,0.9,0.096553649,1,0.5000000000054148
8937,0.6671381423856668,0.9,0.062648249,0.9829629131447355,0.3705904774494909
8938,0.670909948,0.9,0.036416911,0.9330127018939277,0.25000000000295897
8939,0.6652522395096656,0.9,0.040742291,0.8535533905975559,0.14644660941100823
8940,0.6647807637906653,0.9,0.090553928,0.7500000000012286,0.066987298
8941,0.6606946408926615,0.9,0.1734337937770336,0.6294095225551797,0.017037086856516004
8942,0.6608517994656613,0.9,0.2617552671968746,0.4999999999994205,0
8943,0.6562942008486563,0.9,0.40826008092646854,0.37059047745072893,0.017037086854932826
8944,0.6595945308816602,0.9,0.49407004325380216,0.2500000000040689,0.066987298
8945,0.6625805437686627,0.9,0.5509976280173015,0.14644660940676962,0.1464466094066828
8946,0.6687097281156693,0.9,0.6239709780940421,0.066987298,0.24999999999766148
8947,0.679396511,0.9,0.6571787358727501,0.017037087,0.3705904774435823
8948,0.6908690869086915,0.9,0.665410911,0,0.4999999999992978
8949,0.7171145685997176,0.9,0.6552253383563554,0.017037087,0.6294095225480331
8950,0.7317303158887323,0.75,0.6437840100460444,0.066987298,0.7499999999948211
8951,0.7474461731887474,0.01,0.6132272917538719,0.14644660940577658,0.853553391
8952,0.7631620304887634,0.01,0.6628994000279056,0.24999999999655154,0.9330127018902283
8953,0.7652050919377653,0.01,0.6715501604576531,0.37059047744937235,0.9829629131447037
8954,0.7422599402797423,0.05,0.5413701688293567,0.49999999999801614,1
8955,0.6993556498506996,0.05,0.43211943630528815,0.629409523,0.9829629131457307
8956,0.6877259154486874,0.05,0.4224919771173434,0.7500000000000123,0.9330127018922122
8957,0.6844255854156844,0.01,0.40309753034742574,0.8535533905914179,0.8535533905951298
8958,0.6877259154486874,0.01,0.4763499372122227,0.9330127018895875,0.7500000000045585
8959,0.676096181,0.01,0.21961769220036276,0.982962913,0.6294095225518657
8960,0.6720100581486723,0.01,0.1286451792939863,1,0.5000000000032655
8961,0.6614804337576623,0.01,0.076601088,0.9829629131460623,0.3705904774544429
8962,0.6333490491906333,0.01,0.044928142877075486,0.9330127018928531,0.2500000000010977
8963,0.6534653465346545,0.01,0.027905678805636946,0.853553391,0.14644660940948845
8964,0.6383781235266386,0.01,0.052741733,0.7500000000056684,0.066987298
8965,0.6352349520666354,0.4,0.1070182782196177,0.6294095225531037,0.017037086855959782
8966,0.6338205249096345,0.4,0.14664434212362215,0.5000000000045473,0
8967,0.6226622662266226,0.4,0.2577089437700572,0.37059047744865287,0.017037086855489103
8968,0.6484362721986483,0.2,0.37184317008511236,0.25000000000220757,0.066987298
8969,0.6973125884016977,0.05,0.48820985070461836,0.14644660941039472,0.14644660940305776
8970,0.7322017916077326,0.05,0.5385796009487931,0.066987298,0.24999999999952277
8971,0.7733773377337738,0.2,0.5826705734616994,0.017037087,0.3705904774456583
8972,0.7928650007857931,0.2,0.5783451932468257,0,0.4999999999941711
8973,0.8044947351878045,0.4,0.6217385237895912,0.017037087,0.6294095225501091
8974,0.8088951752318096,0.2,0.6365285335565787,0.066987298,0.7499999999966824
8975,0.7988370265597999,0.05,0.6190874843030556,0.14644660940215143,0.853553391
8976,0.7933364765047934,0.01,0.5982977535928561,0.24999999999841283,0.933012702
8977,0.7747917648907747,0.01,0.5833682154318404,0.37059047744442036,0.9829629131433768
8978,0.7372308659437379,0.05,0.5159760011162271,0.5000000000001654,1
8979,0.7034417727487035,0.01,0.40170224640714386,0.6294095225488712,0.9829629131451744
8980,0.683325475,0.05,0.3031952002232455,0.7499999999955724,0.9330127018947756
8981,0.663680654,0.01,0.22073391935258824,0.8535533905929376,0.8535533905936099
8982,0.6562942008486563,0.01,0.11748290777173155,0.9330127018906622,0.7500000000026972
8983,0.647964796,0.01,0.06083438,0.9829629131430451,0.6294095225568177
8984,0.6383781235266386,0.01,0.026649923,1,0.5000000000011163
8985,0.6181046676096185,0.01,0.018696804799776753,0.982962913,0.37059047745236684
8986,0.6093037875216099,0.01,0.031254360262313374,0.9330127018954164,0.25000000000553746
8987,0.6008172245796009,0.01,0.1033905399748849,0.8535533905945163,0.14644660940796872
8988,0.588873173,0.01,0.3774243058462397,0.7500000000038072,0.066987298
8989,0.5833726229765834,0.01,0.7694990930654388,0.6294095225510277,0.017037086855403505
8990,0.5822725129655821,0.2,0.8935398353564951,0.5,0
8991,0.5799151343705806,0.4,0.7891725966234129,0.37059047745360485,0.017037087
8992,0.6056891403426063,0.01,0.6824333751918515,0.2500000000003463,0.066987298
8993,0.6382209649536388,0.4,0.583926329,0.14644660940887494,0.1464466094045775
8994,0.6584944208706589,0.9,0.5949490721361796,0.066987298,0.24999999999508293
8995,0.6657237152286659,0.75,0.6449002371982698,0.017037086855735184,0.37059047744773443
8996,0.6663523495206669,0.75,0.6492256174131436,0,0.4999999999963204
8997,0.6531510293886531,0.75,0.6975024417468955,0.017037086853830485,0.6294095225451571
8998,0.6531510293886531,0.75,0.7851262731965954,0.066987298,0.7499999999985438
8999,0.6361779035046369,0.9,0.9093065438816799,0.1464466094036712,0.8535533905902187
9000,0.6148043375766146,0.75,0.8031254360262313,0.2500000000002741,0.9330127018923776
9001,0.6080465189376079,0.9,0.5816938747035021,0.3705904774464964,0.982962913
9002,0.6012887002986012,0.9,0.4178875401144133,0.4999999999950387,1
9003,0.5851013672795857,0.9,0.31910143714245853,0.6294095225509472,0.982962913
9004,0.577714914,0.4,0.2840798102413841,0.7499999999974338,0.9330127018937009
9005,0.5608989470375607,0.2,0.18417748011720383,0.8535533905893125,0.853553391
9006,0.5473833097595482,0.01,0.12278498674480258,0.9330127018917368,0.7500000000008358
9007,0.5260097438315268,0.01,0.051765034184456535,0.9829629131436013,0.6294095225547416
9008,0.5178374980355174,0.2,0.030835775,1,0.5
9009,0.5170517051705175,0.01,0.017022464,0.9829629131449498,0.37059047745029083
9010,0.5033789093195042,0.01,0.032370587414538854,0.9330127018943417,0.25000000000367617
9011,0.49080622347949143,0.01,0.10129761406446212,0.8535533905929964,0.14644660940644894
9012,0.4802765990884805,0.01,0.39919073531463656,0.7500000000019458,0.066987298
9013,0.4739902561684741,0.01,0.8124738384261196,0.6294095225559796,0.017037086856730388
9014,0.4749332076064756,0.01,0.8456815962048276,0.5000000000002487,0
9015,0.4697469746974696,0.05,0.7763359843728198,0.37059047745152884,0.017037086854718497
9016,0.48860600345748884,0.05,0.8042416631784568,0.25000000000478617,0.066987298
9017,0.5387395882445394,0.01,0.669178178,0.1464466094073552,0.14644660940609727
9018,0.5807009272355805,0.01,0.6478303334728617,0.066987298,0.24999999999694428
9019,0.6031746031746033,0.01,0.7067113157527557,0.017037086857062067,0.3705904774427824
9020,0.6174760333176175,0.75,0.6838286591321333,0,0.49999999999846967
9021,0.6270627062706278,0.01,0.7227570810659969,0.017037086854386763,0.6294095225472331
9022,0.637435172,0.75,0.789312125,0.066987298,0.7500000000004051
9023,0.6429357221436436,0.01,0.9253523091949212,0.14644660940519094,0.8535533905917385
9024,0.6405783435486403,0.01,0.8878191712013395,0.24999999999583433,0.9330127018898142
9025,0.6383781235266386,0.75,0.6400167434072833,0.37059047744857243,0.9829629131444894
9026,0.6174760333176175,0.75,0.46686200641830616,0.49999999999718797,1
9027,0.5923306616375927,0.01,0.37993581693874706,0.6294095225459951,0.982962913
9028,0.5693855099795697,0.01,0.35509976280173017,0.7499999999992951,0.9330127018926263
9029,0.5546126041175552,0.01,0.2773824473280313,0.8535533905908322,0.8535533905957153
9030,0.539053905,0.01,0.1498534951862704,0.9330127018891734,0.7500000000052756
9031,0.5282099638535285,0.2,0.06432259,0.9829629131441576,0.6294095225526656
9032,0.5222379380795226,0.01,0.035719269,1,0.5000000000040937
9033,0.5085651422285085,0.01,0.019533975163945862,0.9829629131443935,0.37059047744821483
9034,0.5065220807795066,0.01,0.030835775,0.9330127018932671,0.2500000000018148
9035,0.500235738,0.01,0.10590205106739221,0.8535533905966215,0.14644660941007404
9036,0.49693540782649714,0.01,0.4050509278638203,0.7500000000000844,0.066987298
9037,0.501650165,0.01,0.8061950606948514,0.6294095225539036,0.017037087
9038,0.5047933364765052,0.01,0.8922840798102414,0.5000000000053754,0
9039,0.500235738,0.05,0.8017301520859494,0.37059047744945284,0.017037086855274775
9040,0.5315102938865315,0.01,0.7509418166596902,0.25000000000292477,0.066987298
9041,0.5788150243595793,0.9,0.6310869261894795,0.1464466094109803,0.14644660940247212
9042,0.6100895803866098,0.4,0.6624808148458211,0.066987298,0.24999999999880557
9043,0.6405783435486403,0.9,0.6642946839681875,0.017037087,0.3705904774448584
9044,0.647964796,0.9,0.6776894097948932,0,0.5
9045,0.6573943108596585,0.9,0.7074089577228966,0.017037087,0.6294095225493093
9046,0.6635234952066642,0.9,0.8031254360262313,0.066987298,0.7499999999959652
9047,0.6674524595316682,0.9,0.9309334449560486,0.14644660940671073,0.8535533905932583
9048,0.670909948,0.9,0.8794474675596483,0.24999999999769562,0.9330127018908889
9049,0.6665095080936667,0.75,0.6549462815682991,0.3705904774436204,0.9829629131431625
9050,0.6584944208706589,0.75,0.4819310729733501,0.49999999999933725,1
9051,0.6418356121326423,0.4,0.38900516255057904,0.6294095225480711,0.9829629131453888
9052,0.6394782335376399,0.4,0.34421654806753177,0.7499999999948552,0.9330127018951897
9053,0.6385352820996384,0.75,0.31086926189479563,0.853553391,0.8535533905941955
9054,0.6383781235266386,0.9,0.14022603599832564,0.9330127018902481,0.7500000000034144
9055,0.6449787835926455,0.9,0.071857123,0.9829629131428308,0.6294095225576175
9056,0.6495363822096505,0.9,0.030696246686200645,1,0.5000000000019444
9057,0.6562942008486563,0.9,0.022743128,0.9829629131457205,0.37059047745316676
9058,0.6595945308816602,0.9,0.035440212,0.9330127018921925,0.24999999999995354
9059,0.6617947509036619,0.9,0.10687874982558951,0.8535533905951018,0.1464466094085543
9060,0.6617947509036619,0.9,0.40030696246686204,0.7500000000045243,0.066987298
9061,0.6614804337576623,0.9,0.7964280731128784,0.6294095225518275,0.017037086855617833
9062,0.663680654,0.9,0.7886144830473001,0.5000000000032261,0
9063,0.6646236052176646,0.9,0.807450816,0.37059047745440477,0.017037087
9064,0.6657237152286659,0.9,0.7206641551555741,0.2500000000010635,0.066987298
9065,0.6729530095866729,0.9,0.641970141,0.14644660940946058,0.1464466094039919
9066,0.678767877,0.9,0.6785265801590623,0.066987298,0.24999999999436573
9067,0.6919691969196928,0.9,0.6935956467141063,0.017037086855949568,0.3705904774469344
9068,0.7021845041647023,0.9,0.6855029998604716,0,0.4999999999954922
9069,0.7224579600817234,0.9,0.7441049253523092,0.017037086855499317,0.6294095225513852
9070,0.7303158887317305,0.9,0.8112180828798661,0.066987298,0.7499999999978265
9071,0.7400597202577406,0.75,0.9249337240128366,0.14644660940308563,0.8535533905896331
9072,0.7432028917177438,0.4,0.8733082182224082,0.24999999999955697,0.9330127018919636
9073,0.7348734873487346,0.01,0.6790846937351751,0.37059047744569645,0.9829629131437188
9074,0.7202577400597208,0.4,0.5149993023580298,0.4999999999942106,1
9075,0.69715543,0.4,0.43616575973210553,0.6294095225501473,0.9829629131448324
9076,0.6823825239666825,0.05,0.4117482907771732,0.7499999999967166,0.933012702
9077,0.6751532296086755,0.01,0.3128226594111902,0.8535533905887269,0.8535533905978206
9078,0.6674524595316682,0.01,0.16882935677410352,0.9330127018913227,0.75
9079,0.6625805437686627,0.01,0.073531464,0.982962913,0.6294095225555416
9080,0.6573943108596585,0.4,0.041579461,1,0.49999999999979516
9081,0.6531510293886531,0.75,0.026789451653411466,0.9829629131451642,0.37059047745109075
9082,0.6426214049976422,0.01,0.031952002,0.9330127018947558,0.2500000000043934
9083,0.6311488291686316,0.01,0.10032091530626483,0.853553391,0.14644660940703452
9084,0.6206192047776207,0.01,0.3710059997209432,0.75,0.066987298
9085,0.6091466289486092,0.01,0.7975443002651039,0.6294095225567795,0.017037086856944716
9086,0.6017601760176023,0.4,0.9129342821264127,0.5000000000010768,0
9087,0.5968882602545968,0.75,0.799079113,0.37059047745232876,0.017037087
9088,0.6001885902875999,0.75,0.6969443281707828,0.25000000000550326,0.066987298
9089,0.6228194247996233,0.9,0.6514580717175945,0.1464466094079408,0.14644660940551169
9090,0.6291057677196297,0.9,0.6976419701409237,0.066987298,0.24999999999622707
9091,0.6415212949866418,0.01,0.7442444537463373,0.017037087,0.3705904774490105
9092,0.6509508093666514,0.75,0.737965676,0,0.4999999999976415
9093,0.6831683168316833,0.2,0.818054974,0.017037086854172434,0.6294095225464332
9094,0.6925978312116929,0.01,0.8717734058880982,0.066987298,0.7499999999996879
9095,0.7054848341977054,0.2,0.9080507883354262,0.14644660940460535,0.8535533905911529
9096,0.7112997013987115,0.2,0.8469373517510813,0.24999999999511707,0.9330127018894001
9097,0.6929121483576934,0.4,0.6821543184037951,0.3705904774477725,0.982962913
9098,0.6891403426056892,0.4,0.570252546,0.4999999999963598,1
9099,0.6154644035832164,0,0.4856983396121111,0.6294095225451952,0.9829629131461592
9100,0.5799151343705806,0.2,0.5017441049253523,0.7499999999985779,0.9330127018930403
9101,0.5755146943265754,0.01,0.5325798800055811,0.8535533905902466,0.8535533905963009
9102,0.5608989470375607,0.01,0.29161434351890614,0.9330127018923973,0.7499999999996917
9103,0.5473833097595482,0.01,0.1755267196874564,0.9829629131439432,0.6294095225534655
9104,0.5417256011315419,0.4,0.098925631,1,0.5000000000049218
9105,0.5484834197705495,0.01,0.060555323,0.9829629131446078,0.37059047744901474
9106,0.551469433,0.01,0.037533138,0.9330127018936811,0.25000000000253203
9107,0.5494263712085501,0.01,0.042974745,0.8535533905972071,0.14644660941065962
9108,0.5630991670595642,0.01,0.090553928,0.7500000000008016,0.066987298
9109,0.5599559955995601,0.01,0.17329426538300544,0.6294095225547035,0.017037087
9110,0.5630991670595642,0.75,0.2649644202595228,0.5000000000062035,0
9111,0.5714285714285716,0.75,0.409376308,0.37059047745025275,0.017037086855060446
9112,0.5851013672795857,0.9,0.5089995814148179,0.25000000000364203,0.066987298
9113,0.5989313217035996,0.9,0.5794614203990511,0.14644660940642107,0.14644660940703141
9114,0.6363350620776367,0.9,0.6915027208036835,0.066987298,0.24999999999808842
9115,0.6677667766776678,0.75,0.7281986884330961,0.017037086856720174,0.3705904774440585
9116,0.6809680968096816,0.4,0.7171759453048695,0,0.4999999999997908
9117,0.683325475,0.75,0.7434072833821682,0.017037087,0.6294095225485092
9118,0.6798679867986794,0.75,0.7238733082182224,0.066987298,0.75
9119,0.663680654,0.9,0.7101995256034602,0.14644660940612514,0.8535533905926727
9120,0.6500078579286499,0.9,0.6938747035021626,0.24999999999697842,0.9330127018904748
9121,0.6385352820996384,0.9,0.6210408818194503,0.3705904774428205,0.982962913
9122,0.6280056577086284,0.9,0.48151248779126554,0.4999999999985091,1
9123,0.6102467389596113,0.9,0.3996093204967211,0.6294095225472712,0.982962913
9124,0.6001885902875999,0.9,0.4118878191712014,0.7500000000004392,0.9330127018919657
9125,0.6001885902875999,0.9,0.6167155016045766,0.8535533905917664,0.8535533905947812
9126,0.5976740531195985,0.9,0.4143993302637087,0.933012702,0.7500000000041316
9127,0.5934307716485931,0.9,0.19785126273196596,0.9829629131444996,0.6294095225513895
9128,0.5910733930535916,0.9,0.11036695967629413,1,0.5000000000027726
9129,0.5799151343705806,0.9,0.087065718,0.9829629131459348,0.3705904774539668
9130,0.5692283514065699,0.9,0.047997767545695555,0.9330127018926065,0.2500000000006707
9131,0.561999057,0.9,0.041021348,0.8535533905956874,0.1464466094091399
9132,0.5535124941065539,0.75,0.077438259,0.7500000000052415,0.066987298
9133,0.554769763,0.4,0.15180689270266498,0.6294095225526275,0.017037086855832162
9134,0.5525695426685533,0.4,0.1873866331798521,0.5000000000040542,0
9135,0.5495835297815499,0.75,0.3083577508022883,0.37059047744817675,0.017037086855616668
9136,0.5630991670595642,0.2,0.5462536626203432,0.2500000000017807,0.066987298
9137,0.5714285714285716,0.75,0.6849448862843588,0.14644660941004617,0.1464466094034063
9138,0.5871444287285876,0.75,0.6052741732942654,0.066987298,0.24999999999994976
9139,0.6028602860286028,0.4,0.5853216129482349,0.017037086856163897,0.3705904774461345
9140,0.6225051076536228,0.4,0.5821124598855867,0,0.4999999999946641
9141,0.6311488291686316,0.4,0.6115529510255336,0.017037087,0.6294095225505854
9142,0.6415212949866418,0.75,0.6228547509418166,0.066987298,0.7499999999971094
9143,0.6416784535596425,0.75,0.6474117482907772,0.14644660940250004,0.8535533905890476
9144,0.6405783435486403,0.75,0.6693177061532022,0.24999999999883976,0.9330127018915495
9145,0.6297344020116298,0.75,0.5752755685782056,0.37059047744489654,0.9829629131435044
9146,0.6137042275656142,0.9,0.4603041718989815,0.5000000000006584,1
9147,0.6047461889046049,0.9,0.37993581693874706,0.6294095225493472,0.9829629131450468
9148,0.5934307716485931,0.9,0.2927305706711316,0.7499999999959994,0.9330127018945291
9149,0.5788150243595793,0.75,0.19533975163945863,0.8535533905932862,0.8535533905932614
9150,0.5788150243595793,0.9,0.12348262871494349,0.9330127018909087,0.7500000000022702
9151,0.5640421184975639,0.75,0.054834658853076604,0.9829629131431727,0.6294095225563414
9152,0.538425271,0.01,0.031254360262313374,1,0.5000000000006233
9153,0.5316674524595322,0.01,0.017859634435607643,0.9829629131453785,0.37059047745189067
9154,0.5222379380795226,0.01,0.028045207,0.9330127018951699,0.2500000000051106
9155,0.5192519251925201,0.4,0.1033905399748849,0.8535533905941677,0.1464466094076201
9156,0.5271098538425272,0.01,0.38523789591181806,0.7500000000033802,0.066987298
9157,0.5102938865315108,0.01,0.798381471,0.6294095225575795,0.017037086857159045
9158,0.5065220807795066,0.01,0.908608902,0.5,0
9159,0.5022787993085029,0.05,0.8056369471187387,0.3705904774531287,0.017037086854289785
9160,0.515951595,0.01,0.7029440491139947,0.24999999999991934,0.066987298
9161,0.5692283514065699,0.01,0.5816938747035021,0.14644660940852644,0.14644660940492604
9162,0.612446959,0.2,0.6331798520999024,0.066987298,0.24999999999550987
9163,0.6617947509036619,0.01,0.6362494767685224,0.017037087,0.3705904774482106
9164,0.6907119283356908,0.05,0.6651318543323566,0,0.4999999999968133
9165,0.7259154486877262,0.2,0.6917817775917399,0.017037086853958106,0.6294095225456333
9166,0.7389596102467393,0.01,0.7859634435607646,0.066987298,0.7499999999989706
9167,0.7515322960867512,0.01,0.8925631365982978,0.14644660940401982,0.8535533905905672
9168,0.7573471632877573,0.4,0.829356774,0.24999999999439992,0.9330127018889861
9169,0.7551469432657556,0.4,0.6084833263569136,0.3705904774469726,0.9829629131440607
9170,0.7171145685997176,0.01,0.47202455699734897,0.4999999999955317,1
9171,0.6814395725286819,0.01,0.3595646714106321,0.6294095225514234,0.9829629131444905
9172,0.6687097281156693,0.01,0.30152085949490726,0.7499999999978607,0.9330127018934544
9173,0.6641521294986643,0.01,0.21780382307799637,0.8535533905896611,0.8535533905968864
9174,0.6528367122426535,0.01,0.3249616296916423,0.9330127018919833,0.7500000000004089
9175,0.6522080779506525,0.01,0.12990093484023998,0.982962913,0.6294095225542654
9176,0.6342920006286348,0.01,0.033626343,1,0.5
9177,0.6154329718686156,0.01,0.027347565229524206,0.9829629131448222,0.37059047744981466
9178,0.598774163,0.01,0.03557974,0.9330127018940952,0.2500000000032493
9179,0.5862014772905861,0.01,0.10897167573601228,0.8535533905977928,0.14644660941124527
9180,0.5709570957095713,0.01,0.40044649086089024,0.7500000000015188,0.066987298
9181,0.5682853999685684,0.01,0.827821962,0.6294095225555034,0.017037086856602768
9182,0.5546126041175552,0.05,0.8779126552253383,0.4999999999997557,0
9183,0.5417256011315419,0.4,0.8179154457932188,0.37059047745105267,0.017037086854846062
9184,0.561999057,0.01,0.736430864,0.2500000000043592,0.066987298
9185,0.6226622662266226,0.4,0.6281568299148876,0.14644660940700666,0.14644660940644583
9186,0.6655665566556661,0.01,0.6663876098786102,0.066987298,0.24999999999737121
9187,0.709570957,0.01,0.6560625087205246,0.017037086856934502,0.37059047744325857
9188,0.7472890146157476,0.4,0.6746197851262732,0,0.4999999999989626
9189,0.7809209492377813,0.4,0.6986186688991209,0.017037086854514327,0.6294095225477093
9190,0.8040232594688042,0.01,0.80368355,0.066987298,0.7499999999945308
9191,0.8206820682068208,0.01,0.9190735314636528,0.14644660940553955,0.8535533905920871
9192,0.8217821782178221,0.01,0.8322868703781219,0.24999999999626127,0.9330127018900607
9193,0.8114097123998119,0.01,0.6589926049951165,0.3705904774490486,0.9829629131446169
9194,0.7564042118497567,0.2,0.47955909,0.49999999999768097,1
9195,0.7068992613547072,0.05,0.3979349797683829,0.6294095225464713,0.9829629131458173
9196,0.6929121483576934,0.01,0.3394725826705735,0.75,0.9330127018923797
9197,0.6899261354706909,0.01,0.22087344774661644,0.8535533905911807,0.8535533905953667
9198,0.6899261354706909,0.01,0.12808706571787357,0.9330127018894199,0.7500000000048488
9199,0.6877259154486874,0.01,0.061950607,0.9829629131442852,0.6294095225521894
9200,0.6831683168316833,0.01,0.032231059,1,0.5000000000036007
9201,0.6771962910576774,0.01,0.021208315892284082,0.982962913,0.3705904774547667
9202,0.6646236052176646,0.01,0.035161155,0.9330127018930207,0.2500000000013879
9203,0.6584944208706589,0.01,0.10659969303753314,0.853553391,0.14644660940972548
9204,0.6385352820996384,0.01,0.41035300683689135,0.7499999999996575,0.066987298
9205,0.6291057677196297,0.01,0.8112180828798661,0.6294095225534274,0.017037087
9206,0.6215621562156222,0.01,0.8843309613506348,0.5000000000048824,0
9207,0.6226622662266226,0.4,0.6973629133528673,0.37059047744897666,0.017037087
9208,0.6320917806066322,0.4,0.7580577647551276,0.2500000000024979,0.066987298
9209,0.663052019,0.01,0.6305288126133668,0.14644660941063176,0.14644660940282073
9210,0.6980983812666985,0.75,0.6510394865355099,0.066987298,0.2499999999992325
9211,0.7359735973597368,0.01,0.6863401702246407,0.017037086856378225,0.3705904774453346
9212,0.7546754675467553,0.75,0.6931770615320217,0,0.49999999999383593
9213,0.7674053119597679,0.75,0.7085251848751221,0.017037086855070604,0.6294095225497853
9214,0.7818639006757819,0.01,0.8039626063904004,0.066987298,0.7499999999963922
9215,0.8049662109068056,0.75,0.93051486,0.14644660940705928,0.8535533905936068
9216,0.8029231494578037,0.75,0.8749825589507465,0.24999999999812256,0.9330127018911354
9217,0.7736916548797743,0.75,0.6984791405050927,0.37059047744409657,0.982962913
9218,0.7433600502907436,0.75,0.5383005441607367,0.4999999999998302,1
9219,0.7002986012887003,0.75,0.411608762,0.6294095225485474,0.9829629131452611
9220,0.679396511,0.75,0.36723873308218224,0.7499999999952822,0.9330127018949432
9221,0.6573943108596585,0.01,0.40560904143993304,0.8535533905927006,0.8535533905938469
9222,0.6405783435486403,0.01,0.2349658155434631,0.9330127018904946,0.7500000000029874
9223,0.6269055476976271,0.01,0.093763081,0.9829629131429583,0.6294095225571414
9224,0.6143328618576152,0.01,0.041439933,1,0.5000000000014515
9225,0.5976740531195985,0.01,0.023998883772847774,0.9829629131455928,0.37059047745269064
9226,0.5956309916705966,0.01,0.038788894,0.9330127018919461,0.2499999999995266
9227,0.5755146943265754,0.01,0.10729733500767406,0.8535533905947532,0.1464466094082057
9228,0.5555555555555558,0.01,0.3789591181805498,0.7500000000040974,0.066987298
9229,0.5453402483105454,0.01,0.7565229524208176,0.6294095225513514,0.017037086855490213
9230,0.535753575,0.4,0.9080507883354262,0.5000000000027331,0
9231,0.5238095238095242,0.75,0.7527556857820566,0.3705904774539286,0.017037086854075456
9232,0.5574414584315579,0.75,0.7071299009348402,0.2500000000006366,0.066987298
9233,0.600031432,0.01,0.6492256174131436,0.14644660940911197,0.1464466094043405
9234,0.6622662266226622,0.01,0.6521557136877354,0.066987298,0.24999999999479267
9235,0.709570957,0.75,0.7012697083856565,0.017037086855821948,0.37059047744741064
9236,0.7578186390067585,0.75,0.7021068787498256,0,0.4999999999959852
9237,0.7914505736287913,0.01,0.7552671968745639,0.017037086855626882,0.6294095225518614
9238,0.8134527738488138,0.4,0.8064741174829078,0.066987298,0.7499999999982535
9239,0.8217821782178221,0.4,0.9129342821264127,0.14644660940343424,0.8535533905899817
9240,0.8246110325318248,0.4,0.8179154457932188,0.24999999999998385,0.9330127018922101
9241,0.8040232594688042,0.01,0.6968047997767546,0.37059047744617263,0.9829629131438463
9242,0.7597045418827606,0.4,0.5036975024417468,0.4999999999947035,1
9243,0.7348734873487346,0.4,0.43463094739779545,0.6294095225506233,0.9829629131447049
9244,0.7212006914977214,0.4,0.3876098786102972,0.7499999999971435,0.9330127018938685
9245,0.7054848341977054,0.01,0.2895214176084833,0.8535533905890754,0.8535533905974722
9246,0.6944837340876941,0.01,0.17315473698897724,0.9330127018915693,0.75
9247,0.6910262454816913,0.01,0.08860053,0.9829629131435146,0.6294095225550653
9248,0.6834826339776838,0.01,0.043811915724850006,1,0.5000000000065782
9249,0.6762533396196768,0.01,0.028603321,0.9829629131450366,0.3705904774506146
9250,0.6674524595316682,0.01,0.034463513,0.9330127018945094,0.2500000000039664
9251,0.6647807637906653,0.01,0.10311148318682853,0.8535533905932335,0.14644660940668597
9252,0.6584944208706589,0.01,0.3446351332496163,0.75,0.066987298
9253,0.6625805437686627,0.01,0.7275010464629552,0.6294095225563033,0.017037086856817096
9254,0.6605374823196608,0.05,0.7972652434770475,0.5000000000005839,0
9255,0.6614804337576623,0.4,0.7318264266778289,0.3705904774518526,0.017037086854631733
9256,0.6779820839226782,0.4,0.6555043951444118,0.2500000000050764,0.066987298
9257,0.7179003614647184,0.01,0.644202595,0.1464466094075922,0.14644660940586024
9258,0.756875688,0.01,0.6917817775917399,0.066987298,0.25
9259,0.7964796479647966,0.4,0.7657318264266778,0.017037087,0.37059047744245865
9260,0.8269684111268272,0.01,0.7281986884330961,0,0.4999999999981345
9261,0.8470847084708475,0.75,0.7704757918236361,0.017037087,0.6294095225469094
9262,0.8492849284928501,0.75,0.7874982558950746,0.066987298,0.7500000000001148
9263,0.858557284,0.75,0.8554485837868006,0.14644660940495396,0.8535533905915015
9264,0.8522709413798526,0.01,0.8042416631784568,0.24999999999554406,0.9330127018896467
9265,0.8374980355178381,0.75,0.7100599972094321,0.3705904774482487,0.9829629131444027
9266,0.8099952852428101,0.01,0.5540672526859216,0.4999999999968528,1
9267,0.7945937450887945,0.01,0.44286312264545835,0.6294095225456714,0.9829629131460317
9268,0.7820210592487817,0.01,0.38928421933863544,0.7499999999990048,0.9330127018927938
9269,0.7708628005657707,0.01,0.437281987,0.8535533905905952,0.8535533905959523
9270,0.7663052019487666,0.01,0.3694711873866332,0.9330127018890058,0.75
9271,0.7630048719157636,0.01,0.19994418864238872,0.9829629131440709,0.6294095225529893
9272,0.7540468332547543,0.4,0.09641412,1,0.5000000000044289
9273,0.7485462831997487,0.01,0.064462118,0.9829629131444803,0.37059047744853857
9274,0.745717429,0.01,0.047439653969582815,0.9330127018934347,0.25000000000210515
9275,0.7416313059877413,0.01,0.045067671,0.8535533905968586,0.14644660941031107
9276,0.7359735973597368,0.01,0.094181666,0.7500000000003747,0.066987298
9277,0.7359735973597368,0.75,0.15836472722198966,0.6294095225542273,0.017037086856260875
9278,0.7369165487977365,0.9,0.22966373657039207,0.5000000000057105,0
9279,0.7193147886217202,0.9,0.3541230640435329,0.3705904774497766,0.017037087
9280,0.707685054,0.9,0.45597879168410776,0.2500000000032151,0.066987298
9281,0.7146000314317154,0.9,0.52044091,0.14644660941121734,0.14644660940223514
9282,0.7134999214207141,0.75,0.6168550299986046,0.066987298,0.2499999999985153
9283,0.7285871444287291,0.9,0.6665271382726384,0.017037086856592554,0.37059047744453466
9284,0.7348734873487346,0.9,0.6372261755267197,0,0.5000000000002838
9285,0.7537325161087547,0.9,0.6055532300823218,0.017037086854856276,0.6294095225489854
9286,0.7606474933207612,0.9,0.6001116227152226,0.066987298,0.7499999999956749
9287,0.7663052019487666,0.9,0.603460304,0.14644660940647375,0.8535533905930213
9288,0.7774634606317776,0.9,0.6238314497000139,0.24999999999740535,0.9330127018907213
9289,0.7796636806537802,0.9,0.5768103809125157,0.37059047744329665,0.9829629131430757
9290,0.7548326261197551,0.9,0.45025812752895217,0.4999999999990021,1
9291,0.723400912,0.9,0.40281847355936934,0.6294095225477474,0.9829629131454753
9292,0.6804966210906804,0.9,0.4070043253802149,0.75,0.9330127018953572
9293,0.6742102781706749,0.75,0.37435468117761966,0.853553391,0.8535533905944326
9294,0.6668238252396672,0.75,0.267336403,0.9330127018900805,0.7500000000037046
9295,0.6531510293886531,0.01,0.18306125296497835,0.9829629131446271,0.6294095225509133
9296,0.6394782335376399,0.01,0.097390819,1,0.5000000000022796
9297,0.6259625962596265,0.01,0.066275987,0.9829629131458071,0.37059047745349055
9298,0.6154329718686156,0.01,0.035161155,0.9330127018923601,0.2500000000002438
9299,0.6122898004086132,0.01,0.030556718,0.8535533905953387,0.14644660940879128
9300,0.6091466289486092,0.01,0.057764755,0.7500000000048146,0.066987298
9301,0.6111896903976111,0.01,0.12125017441049253,0.6294095225521513,0.017037086855704597
9302,0.612446959,0.01,0.16771312962187804,0.5000000000035613,0
9303,0.6028602860286028,0.9,0.26105762522673365,0.37059047745472856,0.017037086853861128
9304,0.6017601760176023,0.01,0.42500348820985073,0.25000000000135375,0.066987298
9305,0.612446959,0.75,0.5888098227989396,0.14644660940969756,0.14644660940375492
9306,0.6269055476976271,0.4,0.5585321612948234,0.066987298,0.25000000000037664
9307,0.6529938708156533,0.4,0.5443002651039486,0.017037086856036276,0.37059047744661067
9308,0.6897689768976893,0.2,0.5902051067392214,0,0.49999999999515704
9309,0.7202577400597208,0.2,0.6044370029300963,0.017037086855412553,0.6294095225510614
9310,0.7328304258997327,0.05,0.6725268592158504,0.066987298,0.7499999999975363
9311,0.7381738173817385,0.05,0.6520161852937072,0.1464466094028486,0.8535533905893962
9312,0.739116769,0.05,0.6761545974605832,0.2499999999992667,0.933012702
9313,0.7223008015087227,0.05,0.6197851262731966,0.37059047744537266,0.9829629131436319
9314,0.6933836240766937,0.01,0.5200223245430444,0.4999999999938754,1
9315,0.6468646864686476,0.05,0.4224919771173434,0.6294095225498235,0.9829629131449191
9316,0.6416784535596425,0.05,0.32789172596623417,0.7499999999964263,0.9330127018942826
9317,0.6437215150086444,0.01,0.32342681735733225,0.8535533905936348,0.8535533905929128
9318,0.6520509193776527,0.01,0.20552532440351612,0.9330127018911551,0.7500000000018433
9319,0.6583372622976582,0.01,0.073252407,0.9829629131433002,0.6294095225558654
9320,0.6628948609146632,0.9,0.035719269,1,0.5000000000001303
9321,0.6625805437686627,0.4,0.021208315892284082,0.9829629131452509,0.3705904774514145
9322,0.655194091,0.01,0.034463513,0.9330127018949235,0.25000000000468364
9323,0.6489077479176495,0.9,0.10450676712711038,0.8535533905938191,0.14644660940727156
9324,0.6418356121326423,0.4,0.3887261057625227,0.7500000000029532,0.066987298
9325,0.6297344020116298,0.01,0.7993581693874703,0.6294095225571033,0.017037087
9326,0.6163759233066171,0.75,0.8890749267475931,0.5,0
9327,0.6143328618576152,0.75,0.8320078135900656,0.3705904774526525,0.017037086854417405
9328,0.6203048876316211,0.4,0.6769917678247523,0.24999999999949246,0.066987298
9329,0.6606946408926615,0.2,0.595228129,0.14644660940817783,0.14644660940527465
9330,0.6742102781706749,0.01,0.6333193804939304,0.066987298,0.2499999999959368
9331,0.6828539996856828,0.01,0.6542486395981582,0.017037087,0.37059047744868673
9332,0.69715543,0.75,0.6545276963862146,0,0.4999999999973063
9333,0.6888260254596896,0.75,0.6983396121110645,0.017037087,0.6294095225461095
9334,0.6731101681596736,0.4,0.7926608064741174,0.066987298,0.7499999999993976
9335,0.6608517994656613,0.9,0.9227012697083856,0.14644660940436838,0.8535533905909158
9336,0.6405783435486403,0.9,0.8562857541509697,0.2499999999948268,0.9330127018892326
9337,0.6272198648436276,0.9,0.58908888,0.3705904774474488,0.9829629131441883
9338,0.6176331918906182,0.9,0.4163527277801033,0.4999999999960246,1
9339,0.6154329718686156,0.9,0.34435607646155997,0.6294095225518995,0.9829629131443629
9340,0.6100895803866098,0.9,0.3027766150411609,0.7499999999982876,0.933012702
9341,0.6028602860286028,0.9,0.1936654109111204,0.8535533905900097,0.8535533905965379
9342,0.6019173345906021,0.9,0.11720385098367518,0.9330127018922297,0.75
9343,0.588873173,0.9,0.060276266,0.9829629131438565,0.6294095225537892
9344,0.5745717428885748,0.9,0.029998605,1,0.5
9345,0.566556656,0.9,0.017301521,0.9829629131446946,0.3705904774493385
9346,0.561999057,0.75,0.032649644202595224,0.9330127018938488,0.2500000000028223
9347,0.561999057,0.9,0.10297195479280034,0.8535533905974442,0.14644660941089666
9348,0.5608989470375607,0.9,0.4033765871354821,0.7500000000010919,0.066987298
9349,0.5630991670595642,0.9,0.8268452630110227,0.6294095225550272,0.017037086856475203
9350,0.5568128241395569,0.9,0.8830752058043811,0.5000000000065387,0
9351,0.5473833097595482,0.75,0.8114971396679224,0.3705904774505765,0.017037086854973682
9352,0.5399968568285405,0.75,0.7552671968745639,0.2500000000039323,0.066987298
9353,0.5395253811095402,0.4,0.6146225756941537,0.14644660940665805,0.14644660940679444
9354,0.5517837498035525,0.4,0.6490860890191154,0.066987298,0.24999999999779815
9355,0.5703284614175703,0.05,0.6792242221292033,0.017037086856806938,0.37059047744373474
9356,0.5910733930535916,0.01,0.6651318543323566,0,0.4999999999994556
9357,0.612446959,0.01,0.741732943,0.017037086854641947,0.6294095225481855
9358,0.6303630363036308,0.05,0.8001953397516395,0.066987298,0.7499999999949578
9359,0.6371208549426375,0.01,0.9440491139946979,0.1464466094058881,0.8535533905924357
9360,0.6291057677196297,0.05,0.8536347146644342,0.24999999999668815,0.9330127018903072
9361,0.6122898004086132,0.4,0.6528533556578764,0.37059047744249674,0.9829629131428614
9362,0.5923306616375927,0.75,0.47202455699734897,0.4999999999981739,1
9363,0.5799151343705806,0.4,0.4067252685921585,0.6294095225469475,0.9829629131456898
9364,0.5720572057205726,0.4,0.4781638063345891,0.75,0.9330127018921333
9365,0.5608989470375607,0.01,0.4123064043532859,0.8535533905915293,0.8535533905950181
9366,0.561999057,0.01,0.1417608483326357,0.9330127018896663,0.7500000000044218
9367,0.5568128241395569,0.4,0.067531743,0.9829629131444129,0.6294095225517132
9368,0.5571271412855574,0.9,0.032091530626482484,1,0.5000000000031077
9369,0.551469433,0.4,0.015766708525184876,0.9829629131460216,0.3705904774542905
9370,0.5462832,0.9,0.032091530626482484,0.9330127018927741,0.25
9371,0.5417256011315419,0.75,0.11273894237477326,0.8535533905959244,0.14644660940937687
9372,0.5341819896275344,0.75,0.4036556439235385,0.7500000000055318,0.066987298
9373,0.5293100738645298,0.4,0.8050788335426259,0.6294095225529512,0.017037086855918926
9374,0.5148514851485149,0.05,0.8343797962885446,0.5000000000043894,0
9375,0.5033789093195042,0.01,0.7986605274173294,0.3705904774485005,0.017037087
9376,0.5126512651265132,0.05,0.7574996511790149,0.25000000000207095,0.066987298
9377,0.5674996071035676,0.05,0.6190874843030556,0.14644660941028315,0.14644660940316928
9378,0.5910733930535916,0.05,0.666108553,0.066987298,0.2499999999996595
9379,0.6170045575986172,0.01,0.6708525184875122,0.017037087,0.37059047744581075
9380,0.6372780135156373,0.4,0.6796428073112878,0,0.4999999999943289
9381,0.655194091,0.4,0.7201060415794613,0.017037086855198225,0.6294095225502615
9382,0.663052019,0.4,0.8067531742709642,0.066987298,0.7499999999968191
9383,0.6696526795536699,0.4,0.9093065438816799,0.14644660940226306,0.8535533905888106
9384,0.6698098381266697,0.75,0.8805636947118738,0.2499999999985495,0.9330127018913819
9385,0.663052019,0.75,0.67071299,0.37059047744457274,0.9829629131434177
9386,0.6270627062706278,0.75,0.4656062508720525,0.5000000000003232,1
9387,0.6017601760176023,0.75,0.4188642388726106,0.6294095225490235,0.9829629131451335
9388,0.5934307716485931,0.01,0.35900655783451935,0.7499999999957091,0.9330127018946966
9389,0.5990884802765994,0.01,0.2510115808567044,0.8535533905930491,0.8535533905934984
9390,0.599402797,0.01,0.1818054974187247,0.933012702,0.7500000000025605
9391,0.5923306616375927,0.01,0.079670713,0.9829629131430859,0.6294095225566653
9392,0.5934307716485931,0.01,0.036975024,1,0.5000000000009585
9393,0.5934307716485931,0.01,0.021626901074368637,0.9829629131454652,0.37059047745221446
9394,0.5912305516265914,0.01,0.036975024,0.9330127018953376,0.25000000000540085
9395,0.5819581958195825,0.01,0.10980884610018139,0.8535533905944046,0.1464466094078571
9396,0.5808580858085812,0.01,0.3944467699176783,0.7500000000036704,0.066987298
9397,0.592173503,0.01,0.8188921445514162,0.6294095225508751,0.017037087
9398,0.5965739431085972,0.01,0.8971675736012278,0.5000000000022402,0
9399,0.6030174446016034,0.75,0.7969861866889911,0.3705904774534524,0.017037086854203076
9400,0.60458903,0.75,0.7565229524208176,0.2500000000002096,0.066987298
9401,0.612446959,0.75,0.63597042,0.14644660940876342,0.14644660940468907
9402,0.6338205249096345,0.75,0.6640156271801311,0.066987298,0.2499999999952196
9403,0.6606946408926615,0.75,0.7121529231198549,0.017037086855694383,0.3705904774478868
9404,0.6641521294986643,0.75,0.7125715083019394,0,0.49999999999647815
9405,0.6511079679396512,0.75,0.7436863401702246,0.017037087,0.6294095225453096
9406,0.6196762533396201,0.9,0.8401004604437002,0.066987298,0.7499999999986804
9407,0.5968882602545968,0.9,0.9433514720245569,0.1464466094037828,0.8535533905903303
9408,0.5684425585415691,0.9,0.8765173712850565,0.2500000000004108,0.9330127018924566
9409,0.5421970768505422,0.9,0.6613645876935956,0.3705904774466488,0.9829629131439739
9410,0.5285242809995281,0.9,0.5092786382028742,0.4999999999951965,1
9411,0.5227094137985229,0.9,0.43379377703362637,0.6294095225510996,0.9829629131445772
9412,0.507465032,0.9,0.5089995814148179,0.7499999999975704,0.9330127018936221
9413,0.49913562784849885,0.9,0.43323566345751363,0.853553391,0.8535533905971235
9414,0.49489234637749524,0.9,0.20985070461838984,0.9330127018918157,0.7500000000006992
9415,0.49284928492849334,0.9,0.079810241,0.9829629131436421,0.6294095225545893
9416,0.49064906490649074,0.9,0.044928142877075486,1,0.5000000000060851
9417,0.48939179632248964,0.9,0.023022185,0.9829629131449089,0.3705904774501384
9418,0.49002043061449063,0.9,0.036835496,0.9330127018942629,0.2500000000035395
9419,0.48782021059248803,0.9,0.1024138412166876,0.8535533905928849,0.14644660940633736
9420,0.49127769919849085,0.9,0.37561043672387334,0.7500000000018091,0.066987298
9421,0.49127769919849085,0.9,0.7315473698897725,0.6294095225558272,0.017037087
9422,0.48766305201948823,0.9,0.7630807869401423,0.5000000000000909,0
9423,0.48451988055948503,0.9,0.7040602762662201,0.3705904774513764,0.017037086854759298
9424,0.48341977054848373,0.9,0.6042974745360681,0.25000000000464945,0.066987298
9425,0.48341977054848373,0.9,0.584623971,0.14644660940724363,0.14644660940620885
9426,0.476661952,0.9,0.6407143853774243,0.066987298,0.24999999999708095
9427,0.476661952,0.9,0.7117343379377703,0.017037086857021266,0.37059047744293483
9428,0.4788621719314796,0.9,0.6947118738663318,0,0.49999999999862743
9429,0.4788621719314796,0.9,0.6986186688991209,0.017037087,0.6294095225473856
9430,0.48341977054848373,0.9,0.7717315473698897,0.066987298,0.7500000000005418
9431,0.48341977054848373,0.9,0.8299148876796428,0.14644660940530257,0.8535533905918501
9432,0.48341977054848373,0.9,0.7226175526719687,0.25,0.9330127018898932
9433,0.48546283199748563,0.9,0.6308078694014232,0.37059047744872486,0.9829629131445301
9434,0.48341977054848373,0.9,0.47230361378540536,0.4999999999973458,1
9435,0.48341977054848373,0.9,0.39877215,0.6294095225461476,0.9829629131459041
9436,0.47996228194248003,0.75,0.3895632761266918,0.7499999999994318,0.9330127018925474
9437,0.48231966053748243,0.9,0.34993721222268737,0.8535533905909438,0.8535533905956038
9438,0.4777620619204783,0.9,0.24822101297614066,0.9330127018892523,0.75
9439,0.476661952,0.9,0.17120133947258268,0.9829629131441985,0.6294095225525131
9440,0.4719471947194722,0.75,0.095297893,1,0.5000000000039359
9441,0.4688040232594699,0.01,0.061811079,0.9829629131462359,0.37059047745509044
9442,0.4633034732044634,0.01,0.036695968,0.9330127018931882,0.2500000000016782
9443,0.4609460946094619,0.4,0.039347007,0.853553391,0.14644660940996246
9444,0.4604746188904607,0.9,0.092228268,0.7499999999999478,0.066987298
9445,0.4634606317774641,0.9,0.1745500209292591,0.6294095225537512,0.017037086856133254
9446,0.4645607417884645,0.9,0.2758476349937212,0.5000000000052176,0
9447,0.4666038032374664,0.9,0.3958420538579601,0.3705904774493004,0.017037086855315575
9448,0.4666038032374664,0.9,0.49448862843588676,0.2500000000027882,0.066987298
9449,0.4697469746974696,0.9,0.5796009487930793,0.1464466094108688,0.1464466094025837
9450,0.4744617318874744,0.9,0.6864796986186689,0.066987298,0.24999999999894224
9451,0.476661952,0.9,0.6821543184037951,0.017037087,0.37059047744501084
9452,0.476033318,0.9,0.6379238174968606,0,0.49999999999350075
9453,0.476033318,0.9,0.6862006418306125,0.017037086854983896,0.6294095225494616
9454,0.4788621719314796,0.9,0.6832705455560206,0.066987298,0.7499999999961019
9455,0.4856199905704863,0.9,0.714524906,0.1464466094068223,0.8535533905933699
9456,0.48341977054848373,0.9,0.6687595925770894,0.2499999999978323,0.9330127018909677
9457,0.48231966053748243,0.75,0.6308078694014232,0.3705904774437728,0.9829629131432033
9458,0.4722615118654727,0.01,0.5209990233012418,0.5,1
9459,0.4573314474304575,0.2,0.4498395423468676,0.6294095225482236,0.9829629131453479
9460,0.454345435,0.05,0.5819729314915585,0.7499999999949919,0.9330127018951108
9461,0.4486877259154487,0.01,0.6066694572345472,0.8535533905924635,0.853553391
9462,0.4452302373094459,0.01,0.35914608622854755,0.9330127018903269,0.7500000000032776
9463,0.4486877259154487,0.01,0.21054834658853075,0.9829629131428717,0.6294095225574652
9464,0.4457017130284462,0.01,0.081345054,1,0.5000000000017867
9465,0.4532453245324537,0.01,0.046462955,0.9829629131456796,0.3705904774530144
9466,0.4532453245324537,0.01,0.044788614,0.9330127018921136,0.24999999999981687
9467,0.4530881659594539,0.75,0.033626343,0.8535533905949902,0.14644660940844273
9468,0.4508879459374513,0.75,0.050927864,0.7500000000043876,0.066987298
9469,0.4541882759704552,0.9,0.096135063,0.6294095225516751,0.017037086855576977
9470,0.4623605217664628,0.9,0.13213338914469094,0.5000000000030683,0
9471,0.4666038032374664,0.9,0.24096553648667504,0.3705904774542524,0.017037086853988692
9472,0.4761904761904767,0.9,0.32858936793637505,0.2500000000009268,0.066987298
9473,0.48451988055948503,0.9,0.41956188084275153,0.146446609,0.14644660940410348
9474,0.49457802923149474,0.9,0.4771871075763918,0.066987298,0.2499999999945024
9475,0.508093667,0.9,0.5525324403516115,0.017037086855908712,0.37059047744708684
9476,0.5294672324375296,0.9,0.5791823636109948,0,0.49999999999565004
9477,0.5371680025145378,0.9,0.594390959,0.017037086855540118,0.6294095225515377
9478,0.5506836397925512,0.9,0.614064462,0.066987298,0.7499999999979632
9479,0.5588558855885588,0.9,0.6119715362076182,0.1464466094031972,0.8535533905897448
9480,0.5588558855885588,0.4,0.610994837,0.24999999999969358,0.9330127018920424
9481,0.5557127141285556,0.9,0.5385796009487931,0.37059047744584883,0.9829629131437596
9482,0.5505264812195514,0.9,0.4598855867168969,0.49999999999436834,1
9483,0.5428257111425432,0.05,0.35440212083158923,0.6294095225502996,0.9829629131447916
9484,0.5242809995285245,0.9,0.27403376587135486,0.7499999999968532,0.9330127018940362
9485,0.5283671224265283,0.75,0.21598995395562998,0.8535533905888384,0.8535533905977091
9486,0.5388967468175392,0.9,0.2772429189340031,0.9330127018914016,0.7500000000014163
9487,0.5406254911205415,0.9,0.062787777,0.9829629131434279,0.6294095225553891
9488,0.5263240609775264,0.01,0.036556439,1,0.49999999999963735
9489,0.5148514851485149,0.4,0.025115110925073254,0.9829629131451233,0.37059047745093837
9490,0.5148514851485149,0.9,0.029719548,0.933012702,0.2500000000042567
9491,0.517994657,0.9,0.097669876,0.8535533905934705,0.14644660940692295
9492,0.5148514851485149,0.9,0.37798241942235244,0.7500000000025263,0.066987298
9493,0.5124941065535125,0.9,0.8031254360262313,0.6294095225566272,0.017037087
9494,0.508093667,0.9,0.8522394307241523,0.5,0
9495,0.49913562784849885,0.9,0.7969861866889911,0.3705904774521763,0.017037087
9496,0.49599245638849654,0.9,0.7011301799916283,0.2500000000053667,0.066987298
9497,0.5024359578815027,0.9,0.6095995535091391,0.14644660940782922,0.14644660940562326
9498,0.5085651422285085,0.9,0.6217385237895912,0.066987298,0.24999999999636374
9499,0.508093667,0.9,0.6694572345472304,0.017037086855352435,0.3705904774491629
9500,0.5148514851485149,0.9,0.6677828938188921,0,0.4999999999977993
9501,0.512808424,0.9,0.6895493232872889,0.017037087,0.6294095225465857
9502,0.5054219707685061,0.9,0.7792660806474118,0.066987298,0.7499999999998246
9503,0.49473518780449544,0.9,0.9052602204548625,0.14644660940471693,0.8535533905912644
9504,0.48907747917648914,0.9,0.8574019813031952,0.24999999999525374,0.9330127018894792
9505,0.48451988055948503,0.9,0.5955071857122924,0.37059047744792495,0.9829629131443158
9506,0.4777620619204783,0.9,0.3986326217385238,0.4999999999965176,1
9507,0.476661952,0.9,0.33179852099902335,0.6294095225453477,0.9829629131461184
9508,0.4697469746974696,0.9,0.28756802009208876,0.7499999999987146,0.9330127018929615
9509,0.4677039132484677,0.9,0.1954792800334868,0.8535533905903583,0.8535533905961893
9510,0.4677039132484677,0.9,0.12348262871494349,0.9330127018924762,0.75
9511,0.4598459845984597,0.9,0.060136738,0.9829629131439841,0.6294095225533131
9512,0.4587458745874584,0.9,0.031254360262313374,1,0.5000000000047641
9513,0.4551312274084558,0.9,0.014790009766987581,0.982962913,0.3705904774488623
9514,0.4574886060034582,0.9,0.032928700990651594,0.9330127018936023,0.2500000000023954
9515,0.4540311173974536,0.9,0.10590205106739221,0.8535533905970956,0.1464466094105481
9516,0.4519880559484517,0.9,0.39221431561322734,0.75,0.066987298
9517,0.4463303473204472,0.9,0.8169387470350216,0.6294095225545511,0.017037086856347583
9518,0.4463303473204472,0.9,0.8968885168131715,0.5000000000060457,0
9519,0.4403583215464413,0.9,0.8060555323008232,0.3705904774501003,0.017037086855101247
9520,0.4414584315574417,0.9,0.7662899400027905,0.2500000000035053,0.066987298
9521,0.4471161401854471,0.9,0.6221571089716758,0.1464466094063095,0.146446609
9522,0.4486877259154487,0.9,0.6454583507743825,0.066987298,0.24999999999822503
9523,0.4529310073864532,0.9,0.6803404492814288,0.017037086856679318,0.3705904774442109
9524,0.4587458745874584,0.9,0.6693177061532022,0,0.49999999999994854
9525,0.4688040232594699,0.75,0.7099204688154039,0.017037086854769512,0.6294095225486617
9526,0.4744617318874744,0.75,0.8057764755127668,0.066987298,0.7499999999953847
9527,0.48341977054848373,0.4,0.9588391237616855,0.14644660940623672,0.8535533905927843
9528,0.4777620619204783,0.9,0.826287149,0.24999999999711509,0.9330127018905537
9529,0.4777620619204783,0.75,0.5341146923398912,0.3705904774429729,0.9829629131429889
9530,0.4625176803394626,0.01,0.3940281847355937,0.4999999999986669,1
9531,0.442558542,0.2,0.3923538440072555,0.6294095225474237,0.9829629131455622
9532,0.430771649,0.01,0.5070461838984233,0.7499999999942748,0.9330127018955248
9533,0.4260568914034262,0.01,0.39347007115948096,0.853553391,0.8535533905946695
9534,0.4273141599874273,0.01,0.15459746058322868,0.9330127018899128,0.7500000000039948
9535,0.42039918277542077,0.01,0.079531185,0.9829629131445403,0.629409523
9536,0.41709885274241776,0.01,0.050090693,1,0.5000000000026148
9537,0.42165645135942276,0.01,0.032091530626482484,0.9829629131458939,0.37059047745381435
9538,0.4225994027974225,0.01,0.038649365,0.9330127018925276,0.2500000000005341
9539,0.4342291371994338,0.9,0.11218082879866052,0.8535533905955759,0.14644660940902832
9540,0.4441301272984437,0.9,0.3970978094042138,0.7500000000051048,0.066987298
9541,0.4485305673424489,0.9,0.7746616436444816,0.6294095225524751,0.017037086855791306
9542,0.4551312274084558,0.9,0.8307520580438119,0.5000000000038964,0
9543,0.458274399,0.9,0.8419143295660667,0.37059047745505236,0.017037086853774364
9544,0.4640892660694642,0.9,0.7291753871912934,0.25,0.066987298
9545,0.4677039132484677,0.9,0.6308078694014232,0.1464466094099346,0.1464466094035179
9546,0.4708470847084718,0.9,0.6513185433235663,0.066987298,0.2500000000000864
9547,0.48341977054848373,0.9,0.6690386493651458,0.017037087,0.3705904774462869
9548,0.49457802923149474,0.75,0.6829914887679642,0,0.49999999999482186
9549,0.49677824925349734,0.9,0.6617831728756802,0.017037087,0.6294095225507377
9550,0.48797736916548784,0.9,0.7276405748569834,0.066987298,0.75
9551,0.48436272198648433,0.9,0.8661922701269709,0.14644660940261162,0.8535533905891591
9552,0.48341977054848373,0.9,0.8015906236919212,0.24999999999897643,0.9330127018916283
9553,0.48656294200848693,0.9,0.5837868006139249,0.3705904774450489,0.9829629131435452
9554,0.49080622347949143,0.9,0.4090972512906377,0.4999999999935402,1
9555,0.49284928492849334,0.9,0.36151806892702665,0.6294095225494998,0.982962913
9556,0.49347791922049433,0.9,0.2917538719129343,0.7499999999961361,0.9330127018944502
9557,0.49803551783749844,0.9,0.22324543044509557,0.8535533905933977,0.8535533905931498
9558,0.500235738,0.9,0.13324961629691642,0.9330127018909875,0.7500000000021336
9559,0.500235738,0.9,0.06948514,0.9829629131432135,0.6294095225561891
9560,0.49693540782649714,0.9,0.03474257,1,0.5000000000004655
9561,0.49693540782649714,0.75,0.019673503557974047,0.9829629131453377,0.3705904774517383
9562,0.49363507779349414,0.4,0.037672666,0.933012702,0.2500000000049739
9563,0.49394939493949375,0.75,0.098646575,0.8535533905940561,0.14644660940750853
9564,0.49709256639949695,0.9,0.39081903167294546,0.7500000000032435,0.066987298
9565,0.49913562784849885,0.9,0.7759173991907353,0.629409523,0.017037087
9566,0.5011786892975008,0.75,0.8574019813031952,0.5000000000017472,0
9567,0.5011786892975008,0.75,0.8207060136737826,0.37059047745297624,0.017037087
9568,0.5069935564985069,0.9,0.7499651179014929,0.24999999999978273,0.066987298
9569,0.5137513751375136,0.9,0.626901074,0.1464466094084148,0.14644660940503768
9570,0.5227094137985229,0.75,0.6693177061532022,0.066987298,0.24999999999564654
9571,0.5263240609775264,0.75,0.691084136,0.017037086855566763,0.370590477
9572,0.5274241709885277,0.9,0.7174550020929259,0,0.49999999999697115
9573,0.5285242809995281,0.9,0.7415934142598019,0.017037086853998906,0.6294095225457857
9574,0.5272670124155279,0.9,0.8195897865215571,0.066987298,0.7499999999991074
9575,0.5264812195505262,0.9,0.9295381610157667,0.1464466094041314,0.8535533905906789
9576,0.5216093037875216,0.9,0.8894935119296776,0.24999999999453654,0.933012702
9577,0.5148514851485149,0.9,0.6885726245290916,0.370590477,0.9829629131441016
9578,0.5096652522395098,0.9,0.44956048555881123,0.49999999999568945,1
9579,0.5085651422285085,0.9,0.3813311008790289,0.6294095225515758,0.9829629131444497
9580,0.5065220807795066,0.9,0.4159341425980187,0.7499999999979974,0.9330127018933756
9581,0.5065220807795066,0.9,0.32077577787079675,0.8535533905897725,0.8535533905967749
9582,0.5046361779035053,0.9,0.17064322589646994,0.9330127018920622,0.7500000000002722
9583,0.5025931164545026,0.9,0.091391098,0.9829629131437698,0.629409523
9584,0.48766305201948823,0.01,0.044509558,1,0.5000000000055922
9585,0.4699041332704703,0.01,0.033626343,0.9829629131447813,0.3705904774496622
9586,0.4562313374194571,0.01,0.046183898,0.9330127018940164,0.25000000000311257
9587,0.4457017130284462,0.01,0.10171619924654668,0.8535533905976811,0.14644660941113363
9588,0.4383152600974385,0.01,0.3630528812613367,0.7500000000013822,0.066987298
9589,0.4279427942794283,0.01,0.7549881400865076,0.6294095225553511,0.017037086856561967
9590,0.42511393996542557,0.2,0.9042835216966653,0.49999999999959793,0
9591,0.41835612132641886,0.01,0.7912655225338356,0.37059047745090024,0.017037086854886918
9592,0.42385667138142447,0.75,0.6938747035021626,0.25000000000422257,0.066987298
9593,0.4441301272984437,0.01,0.6348541928282405,0.14644660940689508,0.1464466094065574
9594,0.4604746188904607,0.4,0.6786661085530905,0.066987298,0.24999999999750788
9595,0.4721043532924729,0.9,0.7381052044090972,0.017037086856893646,0.370590477
9596,0.48231966053748243,0.9,0.7494070043253802,0,0.4999999999991204
9597,0.48341977054848373,0.9,0.760569276,0.017037086854555183,0.6294095225478618
9598,0.48451988055948503,0.01,0.8018696804799776,0.066987298,0.7499999999946675
9599,0.4741474147414748,0.9,0.6938747035021626,0.14644660940565113,0.8535533905921986
9600,0.4617318874744618,0.9,0.7385237895911818,0.24999999999639788,0.9330127018901396
9601,0.4617318874744618,0.9,0.5865773684944886,0.37059047744920104,0.9829629131446578
9602,0.4620462046204623,0.9,0.46379238174968607,0.49999999999783873,1
9603,0.4620462046204623,0.9,0.3786800613924934,0.6294095225466237,0.9829629131457766
9604,0.4666038032374664,0.9,0.3548207060136738,0.7499999999998587,0.9330127018923009
9605,0.4711614018544714,0.75,0.3488209850704619,0.8535533905912924,0.8535533905952551
9606,0.476661952,0.75,0.21808287986605274,0.9330127018894988,0.75
9607,0.4755618418984757,0.75,0.12808706571787357,0.982962913,0.629409523
9608,0.476661952,0.9,0.076042975,1,0.5000000000034429
9609,0.48231966053748243,0.9,0.049811637,0.9829629131461082,0.37059047745461426
9610,0.48341977054848373,0.9,0.033347286,0.9330127018929417,0.2500000000012512
9611,0.48703441772748723,0.9,0.035998326,0.8535533905961614,0.1464466094096139
9612,0.49316360207449295,0.9,0.079112599,0.7499999999995208,0.066987298
9613,0.49190633349049184,0.9,0.15766708525184875,0.629409523,0.017037087
9614,0.49253496778249284,0.9,0.25729035858797267,0.5000000000047246,0
9615,0.49489234637749524,0.9,0.3735175108134506,0.37059047744882423,0.017037086855443195
9616,0.49709256639949695,0.9,0.4710478582391517,0.2500000000023612,0.066987298
9617,0.5033789093195042,0.9,0.5394167713129622,0.14644660941052018,0.1464466094029323
9618,0.5106082036775113,0.9,0.6209013534254221,0.066987298,0.24999999999936917
9619,0.5135942165645138,0.9,0.6591321333891447,0.017037087,0.370590477
9620,0.5256954266855254,0.9,0.6589926049951165,0,0.4999999999939937
9621,0.5283671224265283,0.9,0.6489465606250872,0.017037087,0.6294095225499378
9622,0.5338676724815348,0.9,0.6665271382726384,0.066987298,0.7499999999965288
9623,0.5409398082665411,0.9,0.6670852518487512,0.1464466094071709,0.8535533905937185
9624,0.5420399182775424,0.9,0.6531324124459327,0.24999999999825923,0.9330127018912142
9625,0.5420399182775424,0.9,0.599693038,0.370590477,0.9829629131433308
9626,0.5409398082665411,0.9,0.4615599274452351,0.5,1
9627,0.5420399182775424,0.9,0.36347146644342126,0.6294095225486998,0.9829629131452202
9628,0.5440829797265443,0.9,0.4746755964838845,0.7499999999954189,0.9330127018948642
9629,0.5451830897375456,0.9,0.5235105343937491,0.8535533905928121,0.8535533905937354
9630,0.5483262611975479,0.9,0.2691502720803684,0.9330127018905734,0.7500000000028508
9631,0.551469433,0.9,0.2010604157946142,0.9829629131429991,0.629409523
9632,0.5552412384095562,0.9,0.071996651,1,0.5000000000012936
9633,0.5557127141285556,0.9,0.034603042,0.9330127018955051,0.2500000000056911
9634,0.5563413484205566,0.9,0.018696804799776753,0.8535533905946416,0.14644660940809412
9635,0.5462832,0.9,0.024277940560904144,0.7500000000039607,0.066987298
9636,0.5253811095395258,0.9,0.049672108274033774,0.629409523,0.017037086855449413
9637,0.5115511551155119,0.9,0.09906516,0.5000000000025754,0
9638,0.5024359578815027,0.9,0.15292311985489046,0.3705904774537762,0.017037086854116312
9639,0.49237780920949303,0.9,0.2715222547788475,0.25000000000049993,0.066987298
9640,0.48687725915448743,0.9,0.39919073531463656,0.14644660940900045,0.14644660940445203
9641,0.48231966053748243,0.9,0.4854192828240547,0.066987298,0.24999999999492933
9642,0.4801194405154807,0.9,0.5443002651039486,0.017037087,0.370590477
9643,0.47917648907747923,0.9,0.5780661364587694,0,0.5
9644,0.4722615118654727,0.9,0.5854611413422631,0.017037086853784578,0.6294095225449858
9645,0.4788621719314796,0.9,0.584623971,0.066987298,0.7499999999983902
9646,0.4699041332704703,0.9,0.6155992744523511,0.14644660940354576,0.8535533905900933
9647,0.4620462046204623,0.9,0.6461559927445235,0.25000000000012057,0.9330127018922889
9648,0.4587458745874584,0.9,0.5751360401841774,0.370590477,0.9829629131438872
9649,0.4519880559484517,0.9,0.5095576949909306,0.49999999999486133,1
9650,0.4463303473204472,0.9,0.3871912934282127,0.6294095225507759,0.982962913
9651,0.4441301272984437,0.9,0.30138133110087906,0.7499999999972802,0.9330127018937896
9652,0.4373723086594379,0.9,0.2510115808567044,0.853553391,0.8535533905973605
9653,0.4321860757504319,0.75,0.16882935677410352,0.9330127018916481,0.7500000000009894
9654,0.4225994027974225,0.75,0.1043672387330822,0.9829629131435554,0.629409523
9655,0.41489863272041516,0.01,0.049672108274033774,1,0.5000000000064203
9656,0.40594059405940675,0.01,0.030277662,0.9829629131449957,0.3705904774504622
9657,0.39478233537639484,0.01,0.010185572764057484,0.9330127018944305,0.2500000000038298
9658,0.38692440672638684,0.01,0.030696246686200645,0.8535533905931219,0.1464466094065744
9659,0.3776520509193779,0.01,0.097111762,0.7500000000020994,0.066987298
9660,0.3734087694483734,0.01,0.3823077996372262,0.6294095225561509,0.017037086856776296
9661,0.3712085494263717,0.01,0.7985209990233012,0.5000000000004261,0
9662,0.3745088794593756,0.01,0.858797265,0.37059047745170015,0.017037087
9663,0.38173817381738173,0.75,0.8200083717036417,0.2500000000049397,0.066987298
9664,0.40374037403740415,0.75,0.6807590344635133,0.14644660940748067,0.14644660940597182
9665,0.41741316988841737,0.01,0.583926329,0.066987298,0.24999999999679062
9666,0.43171460003143247,0.75,0.6104367238733082,0.017037087,0.37059047744261103
9667,0.4477447744774481,0.75,0.6368075903446351,0,0.49999999999829225
9668,0.4603174603174609,0.75,0.6464350495325798,0.017037086854340855,0.6294095225470618
9669,0.4645607417884645,0.75,0.6800613924933724,0.066987298,0.7500000000002515
9670,0.4688040232594699,0.9,0.7735454164922562,0.14644660940506554,0.8535533905916131
9671,0.4688040232594699,0.9,0.911678527,0.24999999999568073,0.9330127018897256
9672,0.4625176803394626,0.9,0.8458211245988558,0.37059047744840107,0.9829629131444435
9673,0.4540311173974536,0.9,0.5635551834798381,0.4999999999970106,1
9674,0.4485305673424489,0.9,0.3915166736430864,0.6294095225458238,0.9829629131459909
9675,0.4373723086594379,0.75,0.2999860471605972,0.7499999999991416,0.933012702
9676,0.42621405,0.05,0.2645458350774383,0.8535533905907068,0.8535533905958408
9677,0.4306144900204312,0.9,0.18668899120971116,0.9330127018890848,0.7500000000054292
9678,0.4273141599874273,0.9,0.11832007813590066,0.9829629131441118,0.6294095225528369
9679,0.4293572214364292,0.9,0.062369192,1,0.5000000000042711
9680,0.4375294672324377,0.9,0.031533417050369744,0.9829629131444395,0.37059047744838614
9681,0.4350149300644355,0.9,0.018278219617692198,0.9330127018933558,0.2500000000019684
9682,0.4384724186704392,0.9,0.036835496,0.853553391,0.1464466094101995
9683,0.4408297972654407,0.9,0.1096693177061532,0.75,0.066987298
9684,0.4406726386924409,0.9,0.40714385377424306,0.6294095225540749,0.017037087
9685,0.4342291371994338,0.9,0.835356495,0.5000000000055528,0
9686,0.4362721986484366,0.75,0.8964699316310869,0.37059047744962414,0.017037086855228867
9687,0.42621405,0.75,0.8341007395004884,0.2500000000030784,0.066987298
9688,0.42369951280842466,0.9,0.7263848193107297,0.14644660941110577,0.14644660940234666
9689,0.4282571114254279,0.9,0.6146225756941537,0.066987298,0.24999999999865197
9690,0.4406726386924409,0.05,0.6401562718013115,0.017037086856551753,0.3705904774446871
9691,0.4574886060034582,0.05,0.663178457,0,0.5000000000004415
9692,0.4728901461574737,0.05,0.6959676294125854,0.017037086854897132,0.6294095225491378
9693,0.48656294200848693,0.05,0.7199665131854333,0.066987298,0.7499999999958116
9694,0.49017758918749044,0.05,0.7861029719547927,0.14644660940658527,0.8535533905931327
9695,0.48687725915448743,0.01,0.9197711734337938,0.24999999999754202,0.9330127018908002
9696,0.4741474147414748,0.01,0.8490302776615041,0.3705904774434491,0.9829629131431166
9697,0.4541882759704552,0.01,0.6010883214734198,0.49999999999915984,1
9698,0.441929907,0.05,0.41300404632342685,0.6294095225478998,0.9829629131454346
9699,0.4342291371994338,0.01,0.34435607646155997,0.7499999999947016,0.9330127018952783
9700,0.4320289171774321,0.01,0.3002651039486536,0.8535533905922266,0.8535533905943209
9701,0.4288857457174289,0.75,0.21180410213478443,0.9330127018901594,0.7500000000035679
9702,0.4337576614804344,0.75,0.13394725826705733,0.982962913,0.6294095225507609
9703,0.4384724186704392,0.9,0.060694851,1,0.5000000000021219
9704,0.441929907,0.01,0.030138133110087905,0.9829629131457663,0.3705904774533382
9705,0.5844727329875847,0.01,0.028603321,0.9330127018922811,0.25000000000010714
9706,0.4351720886374353,0.01,0.036277382,0.8535533905952273,0.1464466094086797
9707,0.4295143800094299,0.75,0.10952978931212502,0.7500000000046779,0.066987298
9708,0.42369951280842466,0.01,0.4007255476489466,0.6294095225519989,0.017037087
9709,0.4214992927864212,0.01,0.8389842332914748,0.5000000000034035,0
9710,0.42165645135942276,0.4,0.8929817217803823,0.3705904774545762,0.017037086853901984
9711,0.42055634134842057,0.01,0.8110785544858379,0.25000000000121714,0.066987298
9712,0.4392582115354391,0.01,0.7753592856146225,0.14644660940958604,0.14644660940386645
9713,0.4587458745874584,0.9,0.569554904,0.066987298,0.2500000000005133
9714,0.4706899261354702,0.2,0.6195060694851402,0.017037086855995476,0.3705904774467631
9715,0.48451988055948503,0.01,0.6239709780940421,0,0.49999999999531486
9716,0.508093667,0.01,0.6585740198130319,0.017037087,0.6294095225512139
9717,0.5283671224265283,0.4,0.6887121529231198,0.066987298,0.75
9718,0.5368536853685373,0.01,0.7727082461280871,0.14644660940296017,0.8535533905895077
9719,0.5368536853685373,0.01,0.9374912794753733,0.2499999999994033,0.9330127018918748
9720,0.5264812195505262,0.01,0.8339612111064602,0.3705904774455251,0.9829629131436728
9721,0.5043218607575048,0.01,0.6330403237058742,0.49999999999403316,1
9722,0.49190633349049184,0.4,0.4435607646155993,0.6294095225499758,0.9829629131448783
9723,0.4867201005814876,0.9,0.3867727082461281,0.75,0.9330127018942037
9724,0.49064906490649074,0.9,0.3253802148737268,0.8535533905886015,0.8535533905979461
9725,0.48546283199748563,0.75,0.22533835635551833,0.933012702,0.7500000000017066
9726,0.465503693,0.9,0.1368773545416492,0.982962913,0.6294095225557129
9727,0.4562313374194571,0.9,0.069903725,1,0.4999999999999725
9728,0.442558542,0.9,0.032789173,0.982962913,0.3705904774512621
9729,0.5844727329875847,0.01,0.028603321,0.9330127018948445,0.25
9730,0.42369951280842466,0.9,0.034603042,0.8535533905937075,0.14644660940715998
9731,0.41049819267641086,0.4,0.10659969303753314,0.7500000000028166,0.066987298
9732,0.383466918,0.75,0.3980745081624111,0.6294095225569509,0.017037086856990624
9733,0.3745088794593756,0.75,0.817217804,0.5000000000012542,0
9734,0.3554926921263557,0.9,0.8953537044788614,0.3705904774525001,0.017037087
9735,0.3534496306773538,0.75,0.7574996511790149,0.2500000000056569,0.066987298
9736,0.3482633977683487,0.4,0.7809404213757499,0.14644660940806625,0.14644660940538623
9737,0.3542354235423546,0.4,0.6436444816520162,0.066987298,0.24999999999607342
9738,0.3644507307873641,0.01,0.6853634714664434,0.017037087,0.37059047744883916
9739,0.3701084394153704,0.4,0.7029440491139947,0,0.4999999999974641
9740,0.3734087694483734,0.01,0.7293149155853216,0.017037086854126526,0.6294095225462619
9741,0.375608989,0.05,0.718292172,0.066987298,0.7499999999995343
9742,0.3723086594373721,0.05,0.7926608064741174,0.14644660940447995,0.8535533905910275
9743,0.3644507307873641,0.05,0.9126552253383563,0.24999999999496347,0.9330127018893115
9744,0.3498349834983494,0.05,0.8507046183898423,0.37059047744760115,0.982962913
9745,0.3345906019173346,0.01,0.6481093902609181,0.49999999999618244,1
9746,0.3231180260883231,0.05,0.46783870517650344,0.6294095225450239,0.9829629131462052
9747,0.31290271884331355,0.05,0.41844565369052605,0.7499999999984243,0.9330127018931291
9748,0.30630205877730665,0.01,0.3613785405329985,0.8535533905901211,0.8535533905964263
9749,0.29797265440829834,0.01,0.3802148737268034,0.9330127018923087,0.7499999999998453
9750,0.29168631148829194,0.01,0.18947955909027486,0.9829629131438974,0.6294095225536369
9751,0.28744303001728744,0.01,0.097530347,1,0.5000000000050993
9752,0.2842998585572851,0.01,0.04255616,0.9829629131446538,0.37059047744918605
9753,0.282413956,0.01,0.027626622017580576,0.933012702,0.2500000000026857
9754,0.27801351563727783,0.01,0.042695689,0.8535533905973327,0.14644660941078508
9755,0.27911362564827913,0.01,0.092507325,0.7500000000009552,0.066987298
9756,0.2759704541882759,0.01,0.36444816520161855,0.6294095225548748,0.017037086856434347
9757,0.28477133427628454,0.01,0.7591739919073531,0.5000000000063809,0
9758,0.29608675153229624,0.01,0.8903306822938468,0.37059047745042406,0.017037086855014483
9759,0.29687254439729704,0.01,0.7646155992744523,0.25000000000379563,0.066987298
9760,0.30740216878830706,0.75,0.687316869,0.14644660940654647,0.14644660940690596
9761,0.3283042589973282,0.75,0.6238314497000139,0.066987298,0.24999999999793476
9762,0.3430771648593436,0.4,0.6768522394307241,0.017037087,0.3705904774438871
9763,0.3523495206663525,0.01,0.6966652713827264,0,0.49999999999961336
9764,0.3620933521923626,0.01,0.743965397,0.017037086854682804,0.6294095225483379
9765,0.3688511708313693,0.9,0.7252685921585043,0.066987298,0.7499999999950944
9766,0.3778092094923786,0.4,0.7749407,0.14644660940599974,0.8535533905925472
9767,0.3845670281313853,0.9,0.829356774,0.24999999999682482,0.9330127018903862
9768,0.38912462674838943,0.9,0.7393609599553509,0.37059047744264917,0.9829629131429022
9769,0.39541096966839584,0.9,0.6409934421654806,0.4999999999983317,1
9770,0.39949709256639965,0.9,0.47328031254360264,0.6294095225470999,0.982962913
9771,0.40594059405940675,0.9,0.406306683,0.7500000000002855,0.9330127018920544
9772,0.41034103410341105,0.9,0.37993581693874706,0.853553391,0.8535533905949066
9773,0.40609775263240655,0.9,0.3284498395423469,0.9330127018897453,0.7500000000042851
9774,0.39918277542040004,0.9,0.22687316868982838,0.9829629131444537,0.6294095225515608
9775,0.40028288543140045,0.9,0.12501744104925352,1,0.5
9776,0.40704070407040804,0.9,0.074787219,0.9829629131459807,0.3705904774541381
9777,0.5844727329875847,0.01,0.028603321,0.9330127018926953,0.25000000000082434
9778,0.42778563570642847,0.9,0.059718153,0.8535533905958128,0.1464466094092653
9779,0.4339148200534342,0.9,0.06167155,0.75,0.066987298
9780,0.4474304573314476,0.9,0.13171480396260637,0.6294095225527988,0.017037087
9781,0.4477447744774481,0.9,0.20524626761545975,0.5000000000042316,0
9782,0.4519880559484517,0.9,0.3083577508022883,0.37059047744834805,0.017037087
9783,0.4568599717114572,0.9,0.46504813729593975,0.2500000000019343,0.066987298
9784,0.4603174603174609,0.9,0.5849030277661503,0.14644660941017157,0.14644660940328091
9785,0.4810623919534813,0.4,0.6386214594670016,0.066987298,0.2499999999997961
9786,0.49583529781549585,0.2,0.641970141,0.017037086856209804,0.3705904774459632
9787,0.5249096338205255,0.01,0.665410911,0,0.4999999999944867
9788,0.5418827597045426,0.01,0.6497837309892562,0.017037087,0.6294095225504139
9789,0.5597988370265603,0.05,0.6620622296637365,0.066987298,0.7499999999969558
9790,0.5641992770705646,0.05,0.6114134226315054,0.14644660940237458,0.8535533905889221
9791,0.561999057,0.05,0.6492256174131436,0.2499999999986861,0.9330127018914607
9792,0.5410969668395409,0.01,0.6182503139388865,0.3705904774447252,0.9829629131434585
9793,0.49017758918749044,0.2,0.5752755685782056,0.5,1
9794,0.4598459845984597,0.05,0.4635133249616297,0.6294095225491759,0.9829629131450927
9795,0.4475876159044483,0.05,0.3601227849867448,0.7499999999958458,0.9330127018946177
9796,0.4416155901304424,0.05,0.36040184177480117,0.8535533905931607,0.8535533905933868
9797,0.4273141599874273,0.01,0.3845402539416772,0.9330127018908199,0.7500000000024238
9798,0.42275656137042317,0.01,0.2955211385516953,0.9829629131431268,0.6294095225565128
9799,0.42275656137042317,0.01,0.1598995395562997,1,0.5000000000008007
9800,0.42055634134842057,0.01,0.082461281,0.9829629131454244,0.37059047745206203
9801,0.41159830268741127,0.01,0.085251849,0.9330127018952585,0.2500000000052642
9802,0.41049819267641086,0.01,0.053578903,0.8535533905942931,0.14644660940774556
9803,0.40484048404840456,0.01,0.054555602065020234,0.7500000000035338,0.066987298
9804,0.40861228980040876,0.01,0.069206083,0.6294095225507228,0.017037086855321792
9805,0.40924092409240975,0.01,0.11845960652992883,0.5000000000020823,0
9806,0.41332704699041356,0.2,0.16003906795032788,0.37059047745330004,0.017037086854243877
9807,0.40578343548640605,0.75,0.28184735593693316,0.25,0.066987298
9808,0.4320289171774321,0.01,0.3902609180968327,0.14644660940865178,0.14644660940480064
9809,0.4574886060034582,0.01,0.4781638063345891,0.066987298,0.24999999999535627
9810,0.4710042432814716,0.9,0.5225338356355518,0.017037086855653527,0.3705904774480392
9811,0.4733616218764731,0.9,0.5500209292591042,0,0.49999999999663597
9812,0.4788621719314796,0.9,0.5582531045067671,0.017037086853912198,0.6294095225454619
9813,0.48341977054848373,0.75,0.5650899958141481,0.066987298,0.7499999999988171
9814,0.49017758918749044,0.4,0.6107157806613646,0.14644660940389437,0.8535533905904419
9815,0.49803551783749844,0.4,0.6464350495325798,0.25000000000054745,0.9330127018925354
9816,0.48687725915448743,0.01,0.6647132691502721,0.37059047744680124,0.9829629131440147
9817,0.4645607417884645,0,0.7314078414957443,0.49999999999535427,1
9818,0.4384724186704392,0.05,0.42653830054416075,0.629409523,0.9829629131445363
9819,0.4306144900204312,0.05,0.32789172596623417,0.7499999999977071,0.9330127018935431
9820,0.42055634134842057,0.05,0.25198827961490167,0.8535533905895356,0.8535533905970119
9821,0.40908376551940995,0.01,0.17148039626063905,0.9330127018918946,0.7500000000005624
9822,0.40374037403740415,0.01,0.11385516952699874,0.982962913,0.6294095225544368
9823,0.40279742259940265,0.01,0.048555881121808295,1,0.5000000000059274
9824,0.40075436115040075,0.01,0.026370866471326918,0.9829629131448681,0.370590477
9825,0.39651107967939714,0.01,0.013115669038649365,0.933012702,0.25000000000340283
9826,0.39446801823039523,0.01,0.031393889,0.8535533905979182,0.14644660941137067
9827,0.39226779820839264,0.01,0.098507046,0.7500000000016724,0.066987298
9828,0.39745403111739774,0.01,0.38105204409097254,0.6294095225556748,0.017037086856648676
9829,0.39918277542040004,0.01,0.7739640016743407,0.4999999999999331,0
9830,0.41269841269841256,0.75,0.8918654946281568,0.37059047745122403,0.017037086854800154
9831,0.42385667138142447,0.75,0.8377284777452211,0.25000000000451283,0.066987298
9832,0.4403583215464413,0.75,0.7083856564810939,0.14644660940713206,0.14644660940632043
9833,0.4739902561684741,0.75,0.6059718152644062,0.066987298,0.24999999999721761
9834,0.5189376080465196,0.9,0.625366262,0.017037087,0.3705904774430872
9835,0.5388967468175392,0.9,0.6580159062369192,0,0.49999999999878525
9836,0.558698727,0.9,0.6510394865355099,0.017037087,0.629409523
9837,0.561999057,0.75,0.6885726245290916,0.066987298,0.7499999999943772
9838,0.574414584,0.75,0.7696386214594669,0.1464466094054141,0.8535533905919617
9839,0.5712714128555718,0.75,0.9056788056369471,0.2499999999961076,0.9330127018899721
9840,0.5641992770705646,0.75,0.8124738384261196,0.37059047744887724,0.982962913
9841,0.5473833097595482,0.75,0.568020092,0.49999999999750355,1
9842,0.5326104038975328,0.9,0.4039347007115948,0.629409523,0.9829629131458633
9843,0.5272670124155279,0.9,0.33821682712431983,0.7499999999995683,0.9330127018924685
9844,0.5274241709885277,0.9,0.2699874424445375,0.8535533905910554,0.8535533905954922
9845,0.5233380480905239,0.9,0.19324682572903584,0.9330127018893313,0.7500000000050023
9846,0.5222379380795226,0.9,0.12097111762243616,0.9829629131442392,0.6294095225523607
9847,0.5242809995285245,0.9,0.051625506,1,0.5000000000037781
9848,0.5283671224265283,0.9,0.029021905957862425,0.982962913,0.370590477
9849,0.5274241709885277,0.9,0.014371424584903026,0.9330127018931094,0.25000000000154154
9850,0.5285242809995281,0.9,0.032510116,0.8535533905963983,0.14644660940985088
9851,0.5305673424485309,0.9,0.10576252267336403,0.7499999999998112,0.066987298
9852,0.5316674524595322,0.9,0.4035161155295103,0.6294095225535987,0.017037086856092398
9853,0.5294672324375296,0.9,0.7699176782475233,0.5000000000050598,0
9854,0.5316674524595322,0.9,0.8509836751778986,0.37059047744914797,0.017037087
9855,0.5316674524595322,0.9,0.7992186409934421,0.2500000000026515,0.066987298
9856,0.5368536853685373,0.9,0.7559648388447049,0.14644660941075716,0.14644660940269527
9857,0.5451830897375456,0.9,0.5978791684107716,0.066987298,0.2499999999990789
9858,0.5525695426685533,0.9,0.6386214594670016,0.017037086856424133,0.37059047744516327
9859,0.5630991670595642,0.9,0.6693177061532022,0,0.4999999999936585
9860,0.5640421184975639,0.9,0.6751778987023859,0.017037086855024697,0.629409523
9861,0.5692283514065699,0.9,0.6998744244453746,0.066987298,0.7499999999962386
9862,0.5733144743045737,0.9,0.7837309892563137,0.14644660940693388,0.8535533905934813
9863,0.574414584,0.9,0.9214455141621319,0.24999999999796896,0.9330127018910467
9864,0.5682853999685684,0.9,0.8341007395004884,0.37059047744392526,0.9829629131432441
9865,0.5651422285085661,0.9,0.5941119017720106,0.49999999999965283,1
9866,0.5640421184975639,0.9,0.43100320915306267,0.629409523,0.982962913
9867,0.5630991670595642,0.9,0.37184317008511236,0.7499999999951286,0.9330127018950318
9868,0.561999057,0.9,0.5035579740477186,0.8535533905925752,0.8535533905939724
9869,0.5682853999685684,0.9,0.316450398,0.9330127018904059,0.75
9870,0.5692283514065699,0.9,0.1882238035440212,0.9829629131429124,0.6294095225573128
9871,0.5693855099795697,0.9,0.069066555,1,0.5000000000016288
9872,0.5714285714285716,0.9,0.028603321,0.9829629131456388,0.370590477
9873,0.5844727329875847,0.01,0.028603321,0.9330127018920347,0.24999999999968026
9874,0.577714914,0.9,0.033626343,0.8535533905948787,0.14644660940833115
9875,0.5692283514065699,0.9,0.11134365843449141,0.75,0.066987298
9876,0.5651422285085661,0.9,0.40435328589367936,0.6294095225515227,0.017037087
9877,0.5535124941065539,0.75,0.8234965815543462,0.5000000000029106,0
9878,0.5399968568285405,0.75,0.9023301241802707,0.37059047745409995,0.017037087
9879,0.5231808895175232,0.75,0.8359146086228547,0.25000000000079015,0.066987298
9880,0.512808424,0.9,0.7347565229524208,0.14644660940923743,0.14644660940421506
9881,0.49347791922049433,0.9,0.638202874,0.066987298,0.24999999999463907
9882,0.48341977054848373,0.9,0.6712711036695967,0.017037086855867856,0.3705904774472393
9883,0.4725758290114723,0.9,0.6878749825589507,0,0.4999999999958078
9884,0.4700612918434701,0.9,0.6742011999441886,0.017037086855580974,0.629409523
9885,0.47854785478547823,0.9,0.7127110366959676,0.066987298,0.7499999999980999
9886,0.4761904761904767,0.9,0.8101018557276406,0.14644660940330878,0.8535533905898562
9887,0.4719471947194722,0.9,0.950188363,0.24999999999983025,0.9330127018921213
9888,0.458274399,0.9,0.8667503837030835,0.37059047744600127,0.9829629131438005
9889,0.4488448844884494,0.9,0.6344356076461559,0.49999999999452616,1
9890,0.4463303473204472,0.9,0.43295660666945723,0.629409523,0.9829629131447508
9891,0.442558542,0.9,0.39081903167294546,0.75,0.9330127018939571
9892,0.4362721986484366,0.9,0.3276126691781778,0.8535533905889501,0.8535533905975975
9893,0.4362721986484366,0.9,0.25729035858797267,0.9330127018914804,0.7500000000012796
9894,0.4331290271884334,0.9,0.17957304311427374,0.9829629131434687,0.6294095225552367
9895,0.4328147100424329,0.9,0.068508441,1,0.4999999999994796
9896,0.4328147100424329,0.9,0.034323985,0.9829629131450824,0.37059047745078594
9897,0.43171460003143247,0.9,0.021068787498255897,0.9330127018945981,0.25000000000412004
9898,0.4373723086594379,0.9,0.036556439,0.8535533905933589,0.14644660940681137
9899,0.4395725286814405,0.9,0.11204130040463235,0.7500000000023896,0.066987298
9900,0.4372151500864372,0.9,0.3982140365564393,0.6294095225564748,0.017037087
9901,0.4383152600974385,0.9,0.8133110087902888,0.5000000000007613,0
9902,0.4372151500864372,0.9,0.916980606,0.37059047745202395,0.017037086854585826
9903,0.4342291371994338,0.9,0.8254499790707409,0.25000000000523004,0.066987298
9904,0.4362721986484366,0.9,0.7526161573880285,0.14644660940771764,0.14644660940573478
9905,0.4403583215464413,0.9,0.6369471187386633,0.066987298,0.24999999999650035
9906,0.4430300172874433,0.9,0.6739221431561322,0.017037087,0.3705904774493153
9907,0.4508879459374513,0.9,0.6786661085530905,0,0.4999999999979571
9908,0.4560741788464564,0.9,0.7072694293288684,0.017037087,0.6294095225467381
9909,0.4609460946094619,0.9,0.7258267057346169,0.066987298,0.7499999999999611
9910,0.4656608517994658,0.9,0.8324263987721501,0.1464466094048285,0.853553391
9911,0.4644035832154647,0.9,0.9132133389144691,0.2499999999953904,0.933012702
9912,0.4631463146314636,0.9,0.8388447048974466,0.3705904774480773,0.9829629131443567
9913,0.4666038032374664,0.9,0.6433654248639598,0.4999999999966754,1
9914,0.4721043532924729,0.9,0.47788474954653276,0.6294095225455001,0.9829629131460776
9915,0.4733616218764731,0.9,0.42123622157108975,0.7499999999988511,0.9330127018928827
9916,0.4755618418984757,0.4,0.4124459327473141,0.8535533905904698,0.8535533905960777
9917,0.4788621719314796,0.75,0.4925352309194922,0.9330127018889172,0.7500000000057195
9918,0.48231966053748243,0.01,0.2853355657876378,0.982962913,0.6294095225531606
9919,0.48797736916548784,0.01,0.090274871,1,0.5000000000046063
9920,0.49017758918749044,0.4,0.049672108274033774,0.9829629131445261,0.3705904774487099
9921,0.49394939493949375,0.01,0.028324264,0.9330127018935235,0.25000000000225875
9922,0.49489234637749524,0.01,0.040742291,0.853553391,0.14644660941043652
9923,0.49489234637749524,0.01,0.10297195479280034,0.7500000000005284,0.066987298
9924,0.5000785792865003,0.75,0.3761685502999861,0.6294095225543986,0.017037086856306782
9925,0.5054219707685061,0.9,0.7756383424026789,0.5,0
9926,0.508093667,0.9,0.8003348681456676,0.3705904774499479,0.017037086855142103
9927,0.5069935564985069,0.9,0.7298730291614344,0.25000000000336875,0.066987298
9928,0.5024359578815027,0.9,0.7002930096274591,0.1464466094113428,0.14644660940210968
9929,0.5043218607575048,0.9,0.6408539137714525,0.066987298,0.2499999999983617
9930,0.5102938865315108,0.9,0.6997348960513464,0.017037087,0.37059047744436335
9931,0.5102938865315108,0.9,0.7248500069764197,0,0.5000000000001064
9932,0.5112368379695114,0.9,0.6965257429886982,0.017037086854810368,0.6294095225488141
9933,0.5137513751375136,0.9,0.7499651179014929,0.066987298,0.7499999999955214
9934,0.5205091937765203,0.9,0.8082879866052741,0.1464466094063483,0.8535533905928958
9935,0.5181518151815188,0.9,0.9091670154876517,0.2499999999972517,0.9330127018906327
9936,0.5170517051705175,0.9,0.8165201618529371,0.37059047744312534,0.9829629131430297
9937,0.5137513751375136,0.9,0.6958281010185573,0.49999999999882466,1
9938,0.5126512651265132,0.9,0.5108134505371843,0.6294095225475761,0.9829629131455213
9939,0.512808424,0.9,0.4135621598995396,0.7499999999944114,0.9330127018954459
9940,0.5069935564985069,0.9,0.4070043253802149,0.8535533905919895,0.853553391
9941,0.507465032,0.75,0.351192968,0.9330127018899919,0.7500000000038582
9942,0.5043218607575048,0.9,0.35496023440770197,0.9829629131445812,0.6294095225510846
9943,0.5011786892975008,0.9,0.15473698897725685,1,0.5
9944,0.49347791922049433,0.9,0.083158923,0.982962913,0.3705904774536619
9945,0.49190633349049184,0.75,0.053439374912794754,0.9330127018924488,0.2500000000003974
9946,0.49127769919849085,0.9,0.044649086089019116,0.8535533905954642,0.14644660940891674
9947,0.49080622347949143,0.75,0.038928422,0.7500000000049682,0.066987298
9948,0.48907747917648914,0.9,0.095995535,0.6294095225523226,0.017037086855750505
9949,0.48341977054848373,0.9,0.17748011720385098,0.5000000000037387,0
9950,0.4749332076064756,0.4,0.27933584484442586,0.3705904774548999,0.017037087
9951,0.4677039132484677,0.4,0.4217943351472025,0.25000000000150735,0.066987298
9952,0.4653465346534653,0.01,0.4971396679224222,0.14644660940982301,0.14644660940362947
9953,0.4609460946094619,0.01,0.5470908329845123,0.066987298,0.25000000000022304
9954,0.48121955052648113,0.2,0.6144830473001256,0.017037087,0.37059047744643936
9955,0.49190633349049184,0.01,0.62466862,0,0.4999999999949797
9956,0.49677824925349734,0.05,0.6645737407562439,0.017037086855366645,0.6294095225508901
9957,0.500235738,0.4,0.6440630668341008,0.066987298,0.7499999999973826
9958,0.48970611346849013,0.4,0.6475512766848053,0.1464466094027232,0.8535533905892707
9959,0.4739902561684741,0.4,0.6733640295800195,0.24999999999911304,0.9330127018917073
9960,0.4541882759704552,0.01,0.6612250592995674,0.37059047744520135,0.9829629131435861
9961,0.4362721986484366,0.4,0.6199246546672248,0.5,1
9962,0.42778563570642847,0.4,0.5050927863820287,0.6294095225496521,0.9829629131449651
9963,0.40939808266540956,0.05,0.4280731128784708,0.7499999999962728,0.9330127018943712
9964,0.38912462674838943,0.05,0.40435328589367936,0.8535533905935093,0.8535533905930383
9965,0.3787521609303792,0.01,0.45276963862145947,0.9330127018910663,0.7500000000019968
9966,0.3745088794593756,0.01,0.45123482628714945,0.9829629131432543,0.6294095225560367
9967,0.3691654879773698,0.01,0.1975722059439096,1,0.5000000000003078
9968,0.3628791450573634,0.01,0.12320357192688712,0.9829629131452968,0.3705904774515859
9969,0.3587930221593596,0.01,0.085530906,0.9330127018950121,0.2500000000048373
9970,0.3520352035203529,0.01,0.045486256453188226,0.8535533905939445,0.14644660940739695
9971,0.3492063492063493,0.01,0.041021348,0.7500000000031068,0.066987298
9972,0.3462203363193468,0.01,0.087205246,0.6294095225572747,0.017037086857077388
9973,0.3385195662423386,0.01,0.14301660387888934,0.5000000000015894,0
9974,0.3334904919063342,0.01,0.19324682572903584,0.37059047745282386,0.017037086854371497
9975,0.3363193462203369,0.01,0.29314915585321616,0.24999999999964606,0.066987298
9976,0.3554926921263557,0.01,0.4630947397795452,0.14644660940830329,0.1464466094051492
9977,0.3837812352663845,0.01,0.606529929,0.066987298,0.24999999999578315
9978,0.41835612132641886,0.4,0.569554904,0.017037086855525962,0.37059047744851537
9979,0.4474304573314476,0.01,0.5681596204827682,0,0.4999999999971289
9980,0.4744617318874744,0.75,0.5583926329007953,0.017037086854039762,0.6294095225459382
9981,0.5024359578815027,0.4,0.5592298032649644,0.066987298,0.7499999999992439
9982,0.5247524752475248,0.4,0.5882517092228268,0.14644660940424292,0.8535533905907904
9983,0.5354392582115355,0.4,0.6197851262731966,0.2499999999946732,0.9330127018891439
9984,0.5170517051705175,0.4,0.6128087065717873,0.3705904774472774,0.9829629131441424
9985,0.4771334276284773,0.4,0.4809543742151528,0.49999999999584727,1
9986,0.4688040232594699,0.05,0.4012836612250593,0.6294095225517282,0.9829629131444089
9987,0.4750903661794754,0.05,0.32984512348262873,0.75,0.9330127018932967
9988,0.4771334276284773,0.05,0.24905818334030974,0.8535533905898842,0.8535533905966632
9989,0.48341977054848373,0.01,0.18138691223664014,0.933012702,0.7500000000001357
9990,0.4749332076064756,0.01,0.12250592995674621,0.9829629131438107,0.6294095225539607
9991,0.4754046833254759,0.01,0.051765034184456535,1,0.5000000000054344
9992,0.4688040232594699,0.01,0.030417189898144275,0.9829629131447406,0.3705904774495098
9993,0.4571742888574577,0.01,0.017580578,0.9330127018939375,0.25000000000297595
9994,0.4508879459374513,0.01,0.036277382,0.8535533905975696,0.1464466094110221
9995,0.4499449944994498,0.01,0.10255336961071579,0.7500000000012454,0.066987298
9996,0.4486877259154487,0.01,0.3820287428491698,0.6294095225551987,0.017037087
9997,0.4508879459374513,0.01,0.7108971675736012,0.4999999999994401,0
9998,0.4452302373094459,0.01,0.9051206920608343,0.37059047745074786,0.017037086854927774
9999,0.4435014930064436,0.01,0.8099623273336124,0.2500000000040859,0.066987298
10000,0.4574886060034582,0.01,0.6846658294963025,0.1464466094067835,0.14644660940666898
10001,0.49174917491749204,0.01,0.6236919213059857,0.066987298,0.2499999999976445
10002,0.5181518151815188,0.9,0.6199246546672248,0.017037086856852846,0.3705904774435634
10003,0.5451830897375456,0.01,0.655643924,0,0.4999999999992782
10004,0.5574414584315579,0.9,0.663178457,0.017037087,0.6294095225480142
10005,0.569856986,0.9,0.6951304590484163,0.066987298,0.7499999999948042
10006,0.5755146943265754,0.9,0.7891725966234129,0.1464466094057627,0.8535533905923103
10007,0.5799151343705806,0.75,0.9091670154876517,0.24999999999653455,0.9330127018902186
10008,0.5797579757975799,0.75,0.823217525,0.3705904774493534,0.9829629131446986
10009,0.574414584,0.75,0.564950467,0.49999999999799655,1
10010,0.5720572057205726,0.75,0.4068647969861867,0.6294095225467762,0.9829629131457357
10011,0.5597988370265603,0.75,0.3486814566764337,0.7499999999999953,0.9330127018922221
10012,0.5641992770705646,0.75,0.34630947397795453,0.8535533905914039,0.8535533905951436
10013,0.5588558855885588,0.01,0.44021208315892285,0.9330127018895777,0.7500000000045755
10014,0.5599559955995601,0.01,0.148039626,0.9829629131443669,0.6294095225518845
10015,0.5552412384095562,0.01,0.062369192,1,0.5000000000032851
10016,0.5337105139085341,0.01,0.036277382,0.9829629131460674,0.37059047745446183
10017,0.5085651422285085,0.01,0.018696804799776753,0.9330127018928629,0.2500000000011146
10018,0.4856199905704863,0.01,0.03739361,0.8535533905960498,0.14644660940950233
10019,0.4644035832154647,0.75,0.10520440909725129,0.7500000000056853,0.066987298
10020,0.4394153701084398,0.4,0.389702805,0.6294095225531225,0.017037086855964834
10021,0.42778563570642847,0.9,0.7925212780800893,0.5000000000045668,0
10022,0.426842684,0.9,0.9324682572903585,0.3705904774486718,0.017037087
10023,0.41112682696841185,0.75,0.811915725,0.25000000000222455,0.066987298
10024,0.39761118969039755,0.75,0.7312683131017161,0.1464466094104086,0.14644660940304388
10025,0.38912462674838943,0.75,0.6375052323147761,0.066987298,0.24999999999950584
10026,0.40374037403740415,0.75,0.6647132691502721,0.017037087,0.37059047744563944
10027,0.41332704699041356,0.4,0.6915027208036835,0,0.4999999999941515
10028,0.42464246424642527,0.2,0.7192688712152923,0.017037086855152317,0.6294095225500902
10029,0.4299858557284302,0.05,0.7256871773405887,0.066987298,0.7499999999966654
10030,0.4430300172874433,0.05,0.7967071299009348,0.1464466094021376,0.8535533905886852
10031,0.4362721986484366,0.05,0.9147481512487791,0.24999999999839584,0.9330127018912932
10032,0.42479962281942507,0.01,0.8742849169806055,0.37059047744440143,0.9829629131433717
10033,0.41049819267641086,0.05,0.6358308915864378,0.5000000000001458,1
10034,0.39745403111739774,0.01,0.43184037951723175,0.6294095225488522,0.9829629131451794
10035,0.38818167531038794,0.05,0.3758894935119297,0.7499999999955554,0.9330127018947854
10036,0.3734087694483734,0.05,0.3446351332496163,0.8535533905929238,0.8535533905936238
10037,0.3639792550683647,0.01,0.24208176363890052,0.9330127018906523,0.75
10038,0.3534496306773538,0.01,0.13924933724012836,0.982962913,0.6294095225568366
10039,0.3482633977683487,0.01,0.072554765,1,0.5000000000011359
10040,0.3377337733773378,0.01,0.043114274,0.9829629131455111,0.3705904774523858
10041,0.32736130755932846,0.01,0.028882378,0.9330127018954262,0.25000000000555445
10042,0.3286185761433287,0.01,0.037254081,0.8535533905945301,0.14644660940798254
10043,0.32264655036932277,0.01,0.1043672387330822,0.75,0.066987298
10044,0.31164545025931245,0.01,0.3694711873866332,0.6294095225510465,0.017037086855408556
10045,0.30740216878830706,0.01,0.7355936933165899,0.5000000000024175,0
10046,0.30111582586830155,0.05,0.8190316729454443,0.37059047745362383,0.017037087
10047,0.29907276441929964,0.01,0.7392214315613227,0.25000000000036326,0.066987298
10048,0.3284614175703289,0.01,0.6868982838007535,0.14644660940888882,0.14644660940456367
10049,0.3608360836083615,0.75,0.6581554346309474,0.066987298,0.25
10050,0.3785950023573794,0.75,0.7048974466303892,0.017037087,0.37059047744771545
10051,0.39022473675939073,0.9,0.7494070043253802,0,0.4999999999963008
10052,0.40154015401540155,0.9,0.7725687177340589,0.017037086853825434,0.6294095225451382
10053,0.41316988841741376,0.9,0.809683271,0.066987298,0.7499999999985267
10054,0.41819896275341817,0.4,0.7925212780800893,0.14644660940365734,0.8535533905902049
10055,0.43092880716643167,0.75,0.8258685642528254,0.2500000000002572,0.9330127018923677
10056,0.4372151500864372,0.75,0.7065717873587275,0.37059047744647744,0.9829629131439279
10057,0.4392582115354391,0.9,0.5907632203153341,0.4999999999950191,1
10058,0.4457017130284462,0.9,0.42779405609041443,0.6294095225509282,0.9829629131446231
10059,0.4529310073864532,0.9,0.3832844983954235,0.7499999999974168,0.9330127018937107
10060,0.4592173503064596,0.9,0.35230919492116647,0.8535533905892986,0.853553391
10061,0.458274399,0.9,0.27403376587135486,0.9330127018917269,0.7500000000008528
10062,0.4551312274084558,0.9,0.1898981442723594,0.9829629131435963,0.6294095225547606
10063,0.4486877259154487,0.01,0.16896888516813172,1,0.5000000000062625
10064,0.4329718686154336,0.01,0.068089856,0.9829629131449549,0.37059047745030976
10065,0.40908376551940995,0.01,0.042277103,0.9330127018943515,0.25000000000369316
10066,0.39965425113939945,0.4,0.028882378,0.8535533905930104,0.1464466094064628
10067,0.38912462674838943,0.01,0.021347844286312267,0.7500000000019628,0.066987298
10068,0.38708156529938664,0.01,0.043253802148737266,0.6294095225559986,0.017037087
10069,0.37969511236837983,0.01,0.1005999720943212,0.5000000000002682,0
10070,0.3768662580543771,0.05,0.12250592995674621,0.3705904774515478,0.017037087
10071,0.367122427,0.05,0.1610157667085252,0.2500000000048031,0.066987298
10072,0.40028288543140045,0.05,0.2949630249755826,0.1464466094073691,0.1464466094060834
10073,0.4485305673424489,0.05,0.37728477745221156,0.066987298,0.24999999999692735
10074,0.48231966053748243,0.05,0.45123482628714945,0.017037086857067174,0.37059047744276347
10075,0.5126512651265132,0.05,0.42639877215013255,0,0.4999999999984501
10076,0.5409398082665411,0.05,0.4096553648667504,0.017037087,0.6294095225472143
10077,0.5608989470375607,0.05,0.39374912794753736,0.066987298,0.7500000000003881
10078,0.5745717428885748,0.01,0.44160736709920473,0.14644660940517712,0.8535533905917246
10079,0.5755146943265754,0.4,0.4323984930933445,0.24999999999581735,0.9330127018898045
10080,0.5608989470375607,0.75,0.45025812752895217,0.3705904774485535,0.9829629131444843
10081,0.535753575,0.4,0.44007255476489465,0.4999999999971684,1
10082,0.5370108439415371,0.4,0.4298869820008372,0.6294095225459763,0.9829629131459501
10083,0.5377966368065379,0.4,0.4012836612250593,0.7499999999992781,0.9330127018926361
10084,0.5399968568285405,0.2,0.3651458071717595,0.8535533905908184,0.8535533905957291
10085,0.5462832,0.01,0.2579880005581136,0.9330127018891636,0.7500000000052927
10086,0.5662423385195665,0.01,0.16743407283382167,0.9829629131441526,0.6294095225526846
10087,0.5766148043375767,0.01,0.091670155,1,0.5000000000041133
10088,0.5829011472575831,0.01,0.049393051485977404,0.9829629131443987,0.3705904774482337
10089,0.5808580858085812,0.01,0.022045486,0.933012702,0.25000000000183187
10090,0.5808580858085812,0.01,0.020092088740058602,0.8535533905966355,0.1464466094100879
10091,0.5764576457645769,0.01,0.040463234,0.7500000000001015,0.066987298
10092,0.5714285714285716,0.01,0.13004046323426816,0.6294095225539225,0.017037086856179162
10093,0.5723715228665731,0.01,0.2773824473280313,0.5,0
10094,0.5709570957095713,0.01,0.32175247662899403,0.3705904774494717,0.017037086855269667
10095,0.5692283514065699,0.01,0.3302637086647133,0.25000000000294176,0.066987298
10096,0.5891874901775895,0.01,0.3901213897028045,0.1464466094109942,0.1464466094024583
10097,0.6111896903976111,0.4,0.45932747314078415,0.066987298,0.24999999999878858
10098,0.6489077479176495,0.4,0.5447188502860332,0.017037086856510897,0.37059047744483953
10099,0.6753103881816762,0.01,0.5871354820706013,0,0.5000000000005993
10100,0.6817538896746815,0.01,0.5889493511929678,0.017037087,0.6294095225492903
10101,0.7023416627377022,0.4,0.6468536347146644,0.066987298,0.7499999999959482
10102,0.6762533396196768,0.9,0.6394586298311706,0.1464466094066969,0.8535533905932444
10103,0.6542511393996544,0.9,0.6095995535091391,0.2499999999976787,0.9330127018908791
10104,0.6269055476976271,0.75,0.6620622296637365,0.3705904774436015,0.9829629131431574
10105,0.5924878202105925,0.05,0.7272219896748988,0.49999999999931766,1
10106,0.5821153543925823,0.05,0.44174689549323287,0.6294095225480523,0.9829629131453937
10107,0.577714914,0.05,0.38105204409097254,0.7499999999948384,0.9330127018951995
10108,0.5641992770705646,0.01,0.3751918515417888,0.8535533905923381,0.8535533905942094
10109,0.5577557755775584,0.01,0.3047300125575555,0.9330127018902383,0.7500000000034313
10110,0.5431400282885437,0.01,0.21333891446909445,0.9829629131428257,0.6294095225576365
10111,0.5379537953795386,0.01,0.13478442863122644,1,0.5
10112,0.5294672324375296,0.01,0.07562439,0.9829629131457255,0.37059047745318574
10113,0.5220807795065228,0.01,0.056229943,0.9330127018922023,0.24999999999997052
10114,0.517994657,0.01,0.036137854,0.8535533905951156,0.14644660940856813
10115,0.5065220807795066,0.01,0.029300962745918795,0.7500000000045413,0.066987298
10116,0.49599245638849654,0.01,0.067252686,0.6294095225518465,0.017037086855622885
10117,0.48656294200848693,0.01,0.1251569694432817,0.5000000000032457,0
10118,0.47996228194248003,0.05,0.1989674898841914,0.37059047745442375,0.017037086853942784
10119,0.4697469746974696,0.01,0.28184735593693316,0.25000000000108047,0.066987298
10120,0.4739902561684741,0.05,0.41035300683689135,0.1464466094094744,0.14644660940397808
10121,0.48341977054848373,0.05,0.5303474257011301,0.066987298,0.2499999999943488
10122,0.49489234637749524,0.05,0.6447607088042416,0.017037087,0.37059047744691553
10123,0.5069935564985069,0.05,0.7051765034184456,0,0.4999999999954726
10124,0.5102938865315108,0.2,0.6751778987023859,0.017037087,0.6294095225513663
10125,0.5238095238095242,0.2,0.6066694572345472,0.066987298,0.7499999999978095
10126,0.5260097438315268,0.4,0.5909027487093623,0.14644660940307175,0.8535533905896193
10127,0.5211378280685213,0.75,0.5953676573182642,0.24999999999953998,0.9330127018919537
10128,0.500235738,0.75,0.6107157806613646,0.3705904774456775,0.9829629131437136
10129,0.476033318,0.4,0.5487651737128505,0.5,1
10130,0.4584315574414588,0.05,0.4674201199944189,0.6294095225501283,0.9829629131448374
10131,0.4395725286814405,0.05,0.4035161155295103,0.7499999999966996,0.9330127018941248
10132,0.42055634134842057,0.05,0.3749127947537324,0.853553391,0.8535533905978345
10133,0.41018387553041036,0.01,0.35719268871215293,0.9330127018913129,0.75
10134,0.39525381109539603,0.01,0.3447746616436445,0.9829629131433819,0.6294095225555605
10135,0.39478233537639484,0.01,0.17761964559787916,1,0.49999999999981476
10136,0.39148200534339184,0.01,0.11511092507325242,0.9829629131451691,0.37059047745110973
10137,0.39478233537639484,0.01,0.082042696,0.9330127018947656,0.25000000000441036
10138,0.40154015401540155,0.01,0.055811358,0.8535533905935959,0.1464466094070484
10139,0.41159830268741127,0.01,0.047579182,0.75,0.066987298
10140,0.41568442558541596,0.01,0.068229385,0.6294095225567985,0.017037086856949768
10141,0.4273141599874273,0.01,0.1188781917120134,0.5000000000010965,0
10142,0.4361150400754359,0.4,0.15724850006976418,0.3705904774523477,0.017037087
10143,0.4446016030174449,0.01,0.23105902051067392,0.25000000000552036,0.066987298
10144,0.4699041332704703,0.4,0.3196595507185713,0.14644660940795468,0.1464466094054978
10145,0.5024359578815027,0.01,0.44188642388726107,0.066987298,0.2499999999962101
10146,0.5409398082665411,0.4,0.526440631,0.017037086855398342,0.37059047744899154
10147,0.5703284614175703,0.4,0.5840658574019812,0,0.4999999999976219
10148,0.5923306616375927,0.4,0.6623412864517929,0.017037086854167327,0.6294095225464142
10149,0.6146471790036148,0.75,0.663876099,0.066987298,0.7499999999996709
10150,0.6159044475876159,0.01,0.6810380912515697,0.14644660940459153,0.853553391
10151,0.603960396,0.75,0.6725268592158504,0.24999999999510014,0.9330127018893903
10152,0.5923306616375927,0.01,0.6531324124459327,0.37059047744775353,0.9829629131442699
10153,0.5536696526795537,0.75,0.5970419980466024,0.4999999999963402,1
10154,0.5285242809995281,0.01,0.45039765592298037,0.6294095225451763,0.9829629131461644
10155,0.5211378280685213,0.01,0.3803544021208316,0.7499999999985609,0.9330127018930502
10156,0.5065220807795066,0.75,0.34003069624668625,0.8535533905902328,0.8535533905963147
10157,0.49473518780449544,0.75,0.21305985768103808,0.9330127018923875,0.7499999999997087
10158,0.476661952,0.01,0.12501744104925352,0.9829629131439381,0.6294095225534844
10159,0.4688040232594699,0.01,0.059439096,1,0.5000000000049415
10160,0.4587458745874584,0.01,0.028463792381749686,0.9829629131446129,0.3705904774490336
10161,0.4463303473204472,0.01,0.013952839402818475,0.933012702,0.25
10162,0.449787836,0.01,0.029998605,0.853553391,0.1464466094106735
10163,0.4645607417884645,0.01,0.097251291,0.7500000000008187,0.066987298
10164,0.4721043532924729,0.01,0.38537742430584626,0.6294095225547225,0.017037087
10165,0.48451988055948503,0.01,0.7706153202176642,0.5000000000062231,0
10166,0.5024359578815027,0.4,0.9129342821264127,0.3705904774502716,0.017037087
10167,0.5063649222065068,0.75,0.8084275149993023,0.25000000000365896,0.066987298
10168,0.5200377180575209,0.01,0.6906655504395144,0.1464466094064349,0.1464466094070176
10169,0.5566556655665571,0.75,0.5932747314078415,0.066987298,0.24999999999807143
10170,0.5986170045575991,0.75,0.6139249337240128,0.017037086856725225,0.37059047744403956
10171,0.6404211849756405,0.75,0.6725268592158504,0,0.4999999999997712
10172,0.6698098381266697,0.75,0.6342960792521278,0.017037086854723604,0.6294095225484904
10173,0.6949552098066953,0.75,0.6814566764336543,0.066987298,0.75
10174,0.70705642,0.75,0.7862425003488209,0.14644660940611126,0.8535533905926588
10175,0.6988841741316993,0.75,0.9154457932189201,0.24999999999696143,0.933012702
10176,0.6844255854156844,0.01,0.8126133668201478,0.37059047744280155,0.982962913
10177,0.6677667766776678,0.75,0.5662062229663736,0.4999999999984895,1
10178,0.6605374823196608,0.01,0.4005860192549184,0.6294095225472524,0.9829629131456081
10179,0.6531510293886531,0.4,0.31896190874843033,0.7500000000004223,0.9330127018919756
10180,0.6562942008486563,0.01,0.270406028,0.8535533905917525,0.853553391
10181,0.6517366022316522,0.01,0.18389842332914746,0.9330127018898242,0.7500000000041485
10182,0.6583372622976582,0.01,0.11748290777173155,0.9829629131444945,0.6294095225514085
10183,0.6511079679396512,0.01,0.063624948,1,0.5000000000027922
10184,0.6353921106396352,0.01,0.028463792381749686,0.9829629131459399,0.37059047745398566
10185,0.6196762533396201,0.01,0.019673503557974047,0.9330127018926164,0.25000000000068767
10186,0.598774163,0.01,0.033347286,0.8535533905957012,0.14644660940915372
10187,0.588244539,0.01,0.10185572764057486,0.7500000000052585,0.066987298
10188,0.5797579757975799,0.01,0.4109111204130041,0.6294095225526464,0.017037086855837213
10189,0.5799151343705806,0.01,0.8098227989395842,0.5000000000040739,0
10190,0.5755146943265754,0.75,0.9119575833682154,0.3705904774481956,0.017037086855611616
10191,0.5662423385195665,0.75,0.8318682851960374,0.2500000000017977,0.066987298
10192,0.5703284614175703,0.75,0.7265243477047579,0.14644660941006005,0.14644660940339244
10193,0.5734716328775735,0.01,0.6111343658434492,0.066987298,0.24999999999993278
10194,0.5871444287285876,0.4,0.6726663876098786,0.017037086856168948,0.3705904774461156
10195,0.6001885902875999,0.01,0.6790846937351751,0,0.4999999999946445
10196,0.6338205249096345,0.01,0.6591321333891447,0.017037087,0.6294095225505664
10197,0.6427785635706438,0.2,0.6852239430724152,0.066987298,0.7499999999970924
10198,0.6280056577086284,0.01,0.7873587275010464,0.14644660940248622,0.8535533905890338
10199,0.6133899104196137,0.01,0.9233989116785265,0.24999999999882278,0.9330127018915397
10200,0.6072607260726071,0.01,0.8105204409097251,0.3705904774448776,0.9829629131434994
10201,0.5682853999685684,0.01,0.6455978791684107,0.5000000000006387,1
10202,0.551469433,0.05,0.4254220733919353,0.6294095225493284,0.9829629131450518
10203,0.5388967468175392,0.05,0.3576112738942375,0.7499999999959824,0.9330127018945389
10204,0.5216093037875216,0.05,0.31603181247383844,0.8535533905932723,0.8535533905932753
10205,0.5033789093195042,0.01,0.19799079112599413,0.9330127018908988,0.7500000000022872
10206,0.48970611346849013,0.01,0.1162271522254779,0.9829629131431676,0.6294095225563604
10207,0.4750903661794754,0.01,0.061252965,1,0.5000000000006429
10208,0.458274399,0.01,0.027487094,0.9829629131453835,0.37059047745190965
10209,0.442558542,0.01,0.022464071,0.9330127018951797,0.25000000000512757
10210,0.4328147100424329,0.01,0.036695968,0.8535533905941814,0.146446609
10211,0.40059720257740095,0.01,0.10743686340170225,0.7500000000033971,0.066987298
10212,0.38912462674838943,0.01,0.40756243895632766,0.6294095225575984,0.017037086857164152
10213,0.383466918,0.01,0.8152644063066834,0.5000000000019246,0
10214,0.38582429671538643,0.05,0.9084693735175108,0.37059047745314766,0.017037086854284733
10215,0.383466918,0.4,0.8241942235244872,0.24999999999993633,0.066987298
10216,0.41364136413641317,0.4,0.7280591600390679,0.14644660940854026,0.14644660940491222
10217,0.4603174603174609,0.4,0.6386214594670016,0.066987298,0.24999999999549288
10218,0.48970611346849013,0.75,0.6497837309892562,0.017037087,0.3705904774481916
10219,0.5211378280685213,0.75,0.6793637505232315,0,0.49999999999679373
10220,0.5462832,0.01,0.6795032789172596,0.017037087,0.6294095225456144
10221,0.5720572057205726,0.4,0.712990093,0.066987298,0.7499999999989537
10222,0.5788150243595793,0.75,0.802148737,0.14644660940400595,0.8535533905905535
10223,0.5741002671695745,0.75,0.916980606,0.24999999999438294,0.9330127018889763
10224,0.5607417884645609,0.75,0.8698200083717036,0.3705904774469536,0.9829629131440556
10225,0.5451830897375456,0.01,0.6698758197293149,0.4999999999955121,1
10226,0.5373251610875376,0.01,0.5027208036835495,0.6294095225514045,0.9829629131444956
10227,0.535124941,0.01,0.3831449700013953,0.7499999999978437,0.9330127018934642
10228,0.539053905,0.4,0.33179852099902335,0.8535533905896472,0.8535533905969004
10229,0.5428257111425432,0.01,0.23259383284498394,0.9330127018919734,0.7500000000004259
10230,0.5530410183875527,0.01,0.3831449700013953,0.9829629131437239,0.6294095225542844
10231,0.5608989470375607,0.01,0.086368076,1,0.5000000000057696
10232,0.565928021,0.01,0.040184177,0.9829629131448272,0.37059047744983364
10233,0.566556656,0.9,0.023859355,0.933012702,0.2500000000032662
10234,0.5574414584315579,0.75,0.039347007,0.8535533905978067,0.1464466094112591
10235,0.5487977369165491,0.01,0.1134365843449142,0.7500000000015358,0.066987298
10236,0.5305673424485309,0.01,0.3982140365564393,0.6294095225555224,0.017037086856607875
10237,0.5256954266855254,0.01,0.802148737,0.4999999999997753,0
10238,0.508879459,0.05,0.8827961490163247,0.3705904774510716,0.017037087
10239,0.5022787993085029,0.05,0.796149016,0.25000000000437617,0.066987298
10240,0.5058934464875056,0.05,0.7541509697223384,0.14644660940702048,0.14644660940643195
10241,0.5172088637435173,0.05,0.6320636249476769,0.066987298,0.24999999999735423
10242,0.5420399182775424,0.05,0.6942932886842472,0.017037086856939554,0.3705904774432396
10243,0.5651422285085661,0.05,0.6915027208036835,0,0.5
10244,0.5818010372465827,0.05,0.7011301799916283,0.017037086854509276,0.6294095225476903
10245,0.5934307716485931,0.01,0.7290358587972652,0.066987298,0.7499999999945138
10246,0.5901304416155901,0.05,0.779545137,0.14644660940552573,0.8535533905920732
10247,0.5866729530095873,0.05,0.9058183340309752,0.24999999999624428,0.9330127018900509
10248,0.5673424485305678,0.01,0.8550299986047161,0.3705904774490296,0.9829629131446118
10249,0.5263240609775264,0.01,0.6355518347983814,0.49999999999766137,1
10250,0.5085651422285085,0.01,0.455420678,0.6294095225464524,0.9829629131458224
10251,0.48451988055948503,0.4,0.4176084833263569,0.7499999999997051,0.9330127018923896
10252,0.454345435,0.4,0.48918654946281576,0.853553391,0.8535533905953806
10253,0.441929907,0.01,0.3984930933444956,0.9330127018894101,0.7500000000048657
10254,0.4387867358164388,0.01,0.17720106041579461,0.9829629131442801,0.6294095225522083
10255,0.4362721986484366,0.01,0.084833264,1,0.5000000000036203
10256,0.438629577,0.01,0.044370029300962746,0.9829629131461541,0.37059047745478557
10257,0.42967153858243057,0.01,0.024836054137016884,0.9330127018930304,0.2500000000014049
10258,0.4306144900204312,0.01,0.042835217,0.8535533905962869,0.1464466094097393
10259,0.4299858557284302,0.01,0.10004185851820846,0.7499999999996745,0.066987298
10260,0.434071979,0.01,0.3850983675177899,0.6294095225534464,0.017037086856051598
10261,0.4468018230394466,0.01,0.7725687177340589,0.5,0
10262,0.4519880559484517,0.01,0.9201897586158783,0.37059047744899554,0.017037086855397288
10263,0.4598459845984597,0.75,0.7895911818054974,0.2500000000025149,0.066987298
10264,0.4777620619204783,0.01,0.7286172736151807,0.14644660941064563,0.14644660940280685
10265,0.5024359578815027,0.75,0.6652713827263848,0.066987298,0.24999999999921557
10266,0.5420399182775424,0.75,0.7079670712990093,0.017037086856383277,0.3705904774453157
10267,0.5799151343705806,0.01,0.7406167155016046,0,0.49999999999381634
10268,0.5934307716485931,0.01,0.7607088042416632,0.017037086855065553,0.6294095225497665
10269,0.60458903,0.01,0.7810799497697781,0.066987298,0.7499999999963751
10270,0.6174760333176175,0.01,0.86102972,0.14644660940704546,0.853553391
10271,0.6091466289486092,0.9,0.886702944,0.24999999999810557,0.9330127018911256
10272,0.5997171145686004,0.9,0.8214036556439235,0.3705904774440777,0.982962913
10273,0.5800722929435804,0.9,0.6870378121947817,0.4999999999998106,1
10274,0.5654565456545657,0.9,0.5543463094739779,0.6294095225485284,0.9829629131452662
10275,0.5555555555555558,0.75,0.469792103,0.7499999999952652,0.933012702
10276,0.535124941,0.75,0.4088181945025813,0.8535533905926866,0.8535533905938608
10277,0.5069935564985069,0.75,0.41035300683689135,0.9330127018904848,0.7500000000030044
10278,0.5013358478705023,0.2,0.4870936235523929,0.9829629131429533,0.6294095225571603
10279,0.48451988055948503,0.01,0.19059578624250034,1,0.5
10280,0.4688040232594699,0.01,0.1050648807032231,0.9829629131455979,0.37059047745270957
10281,0.4571742888574577,0.01,0.072833822,0.9330127018919558,0.2499999999995436
10282,0.4518308973754519,0.01,0.052462676,0.8535533905947671,0.14644660940821957
10283,0.442558542,0.01,0.059439096,0.7500000000041143,0.066987298
10284,0.42621405,0.01,0.12069206083437979,0.6294095225513703,0.017037087
10285,0.41599874273141646,0.01,0.2166875959257709,0.5000000000027527,0
10286,0.41222693697941226,0.05,0.3171480396260639,0.3705904774539476,0.017037086854070405
10287,0.40892660694640925,0.2,0.4506767127110367,0.25000000000065353,0.066987298
10288,0.43171460003143247,0.01,0.5579740477187107,0.14644660940912585,0.14644660940432663
10289,0.4686468646864683,0.01,0.6207618250313939,0.066987298,0.24999999999477573
10290,0.507465032,0.4,0.6895493232872889,0.017037086855827055,0.3705904774473917
10291,0.5461260411755462,0.4,0.7434072833821682,0,0.4999999999959656
10292,0.5800722929435804,0.4,0.7538719129342821,0.017037087,0.6294095225518425
10293,0.5945308816595953,0.4,0.7065717873587275,0.066987298,0.7499999999982365
10294,0.5976740531195985,0.4,0.7484303055671829,0.14644660940342036,0.8535533905899679
10295,0.5923306616375927,0.05,0.7372680340449281,0.24999999999996692,0.9330127018922002
10296,0.5568128241395569,0.01,0.7988000558113576,0.3705904774461537,0.9829629131438413
10297,0.512808424,0.05,0.7502441746895493,0.4999999999946839,1
10298,0.4779192204934781,0.05,0.5618808427514999,0.6294095225506044,0.982962913
10299,0.457645765,0.05,0.5468117761964559,0.7499999999971265,0.9330127018938783
10300,0.4441301272984437,0.05,0.428212641,0.8535533905890615,0.8535533905974859
10301,0.4318717586044323,0.01,0.3502162690107437,0.9330127018915594,0.7500000000011431
10302,0.4299858557284302,0.01,0.25477884749546537,0.9829629131435096,0.6294095225550843
10303,0.4284142699984286,0.01,0.16199246546672247,1,0.5000000000065977
10304,0.4353292472104351,0.01,0.082600809,0.9829629131450417,0.37059047745063356
10305,0.4414584315574417,0.01,0.064741175,0.9330127018945191,0.25000000000398337
10306,0.4435014930064436,0.75,0.032091530626482484,0.8535533905932473,0.14644660940669985
10307,0.4519880559484517,0.01,0.024556997348960514,0.7500000000022531,0.066987298
10308,0.4529310073864532,0.2,0.050648807,0.6294095225563223,0.017037086856822203
10309,0.4609460946094619,0.01,0.097669876,0.5000000000006034,0
10310,0.4571742888574577,0.01,0.14203990512069206,0.37059047745187157,0.017037086854626682
10311,0.4642464246424649,0.4,0.25436026231338077,0.25000000000509337,0.066987298
10312,0.4699041332704703,0.01,0.3792381749686061,0.14644660940760612,0.14644660940584636
10313,0.49803551783749844,0.01,0.4746755964838845,0.066987298,0.24999999999663702
10314,0.5214521452145218,0.9,0.5581135761127389,0.017037086857153938,0.37059047744243967
10315,0.5450259311645449,0.9,0.5751360401841774,0,0.49999999999811484
10316,0.5676567656765674,0.01,0.6143435189060974,0.017037086854294947,0.6294095225468905
10317,0.592173503,0.01,0.5957862425003488,0.066987298,0.7500000000000978
10318,0.5945308816595953,0.01,0.6668061950606948,0.1464466094049401,0.8535533905914876
10319,0.5979883702655981,0.9,0.6765731826426677,0.24999999999552708,0.9330127018896368
10320,0.588873173,0.9,0.6838286591321333,0.3705904774482297,0.9829629131443975
10321,0.5788150243595793,0.9,0.5472303613785405,0.4999999999968332,1
10322,0.5851013672795857,0.9,0.40184177480117206,0.6294095225456524,0.9829629131460368
10323,0.5923306616375927,0.9,0.3376587135482071,0.7499999999989879,0.9330127018928036
10324,0.5945308816595953,0.9,0.28212641272498956,0.8535533905905814,0.8535533905959661
10325,0.6012887002986012,0.9,0.23287288963304031,0.933012702,0.7500000000055829
10326,0.6056891403426063,0.4,0.13841216687595925,0.9829629131440658,0.6294095225530083
10327,0.612446959,0.01,0.064183061,1,0.5000000000044484
10328,0.6181046676096185,0.01,0.034184457,0.9829629131444854,0.3705904774485575
10329,0.6237623762376239,0.01,0.018696804799776753,0.9330127018934445,0.2500000000021221
10330,0.6270627062706278,0.4,0.041021348,0.8535533905968724,0.14644660941032495
10331,0.6371208549426375,0.9,0.11190177201060415,0.7500000000003917,0.066987298
10332,0.6393210749646392,0.9,0.3941677131296219,0.6294095225542462,0.017037086856265926
10333,0.637435172,0.75,0.7333612390121389,0.5000000000057302,0
10334,0.6342920006286348,0.4,0.6896888516813171,0.37059047744979545,0.017037087
10335,0.6385352820996384,0.9,0.7452211525045347,0.2500000000032321,0.066987298
10336,0.6382209649536388,0.9,0.7060136737826147,0.14644660941123117,0.14644660940222126
10337,0.6416784535596425,0.4,0.6326217385237896,0.066987298,0.2499999999984983
10338,0.6495363822096505,0.9,0.6317845681596205,0.017037087,0.37059047744451573
10339,0.6573943108596585,0.9,0.6407143853774243,0,0.5000000000002641
10340,0.6617947509036619,0.9,0.6824333751918515,0.017037086854851224,0.6294095225489665
10341,0.6688668866886691,0.9,0.7048974466303892,0.066987298,0.7499999999956579
10342,0.6657237152286659,0.9,0.7748011720385098,0.14644660940645987,0.8535533905930074
10343,0.6550369322646552,0.9,0.89577229,0.24999999999738842,0.9330127018907115
10344,0.6154329718686156,0.9,0.8091251569694432,0.3705904774432777,0.9829629131430706
10345,0.5788150243595793,0.9,0.5950886005302078,0.4999999999989825,1
10346,0.5464403583215467,0.9,0.41565508580996235,0.6294095225477285,0.9829629131454805
10347,0.5233380480905239,0.9,0.34086786661085533,0.75,0.933012702
10348,0.49190633349049184,0.9,0.2842193386354123,0.8535533905921011,0.8535533905944463
10349,0.4667609618104662,0.9,0.2148737268034045,0.9330127018900707,0.7500000000037216
10350,0.4452302373094459,0.9,0.23022185014650481,0.982962913,0.6294095225509322
10351,0.4299858557284302,0.9,0.080926469,1,0.5000000000022992
10352,0.41426999842841417,0.9,0.029859076322031535,0.9829629131458122,0.3705904774535095
10353,0.39949709256639965,0.9,0.023022185,0.933012702,0.2500000000002608
10354,0.39242495678139333,0.9,0.039207479,0.8535533905953527,0.14644660940880516
10355,0.3776520509193779,0.75,0.10325101158085671,0.7500000000048315,0.066987298
10356,0.3639792550683647,0.9,0.35216966652713827,0.6294095225521702,0.017037087
10357,0.356592802,0.9,0.49448862843588676,0.5000000000035809,0
10358,0.345434543,0.01,0.3098925631365983,0.3705904774547475,0.017037086853856076
10359,0.3352192362093356,0.75,0.2856146225756942,0.2500000000013707,0.066987298
10360,0.33066163759233147,0.75,0.34393749127947537,0.14644660940971144,0.14644660940374105
10361,0.3356907119283359,0.9,0.5013255197432678,0.066987298,0.25000000000035966
10362,0.3388338833883391,0.9,0.4981163666806195,0.017037086856041384,0.3705904774465918
10363,0.3451202263083455,0.9,0.5410911120413003,0,0.49999999999513745
10364,0.3534496306773538,0.75,0.5643923538440072,0.017037087,0.6294095225510425
10365,0.3586358635863589,0.75,0.5957862425003488,0.066987298,0.7499999999975193
10366,0.6871758604431872,0.4,0.7595228128924236,0.14644660940283477,0.8535533905893823
10367,0.6854785478547858,0.56,0.8568438677270824,0.2499999999992497,0.9330127018917862
10368,0.6801037246581809,0.4,0.7865215571368773,0.3705904774453538,0.9829629131436268
10369,0.3587930221593596,0.01,0.5334170503697502,0.4999999999938558,1
10370,0.3576929121483574,0.01,0.39221431561322734,0.6294095225498045,0.9829629131449242
10371,0.3587930221593596,0.05,0.3256592716617832,0.7499999999964093,0.9330127018942924
10372,0.3543925821153544,0.01,0.302078973,0.8535533905936209,0.8535533905929267
10373,0.3452773848813462,0.01,0.20119994418864237,0.9330127018911454,0.7500000000018603
10374,0.3441772748703449,0.01,0.12571508301939444,0.9829629131432952,0.6294095225558842
10375,0.3430771648593436,0.01,0.088042417,1,0.5
10376,0.3430771648593436,0.01,0.065857402,0.982962913,0.3705904774514335
10377,0.3419770548483423,0.01,0.041300405,0.9330127018949332,0.2500000000047006
10378,0.3374194562313382,0.01,0.058741454,0.853553391,0.14644660940728538
10379,0.3358478705013357,0.01,0.13380772987302916,0.7500000000029703,0.066987298
10380,0.3347477604903353,0.01,0.4121668759592577,0.6294095225571222,0.017037086857036532
10381,0.3322332233223322,0.01,0.7488488907492674,0.5000000000014316,0
10382,0.3286185761433287,0.05,0.7174550020929259,0.3705904774526715,0.017037086854412298
10383,0.3298758447273298,0.05,0.6976419701409237,0.24999999999950945,0.066987298
10384,0.3334904919063342,0.2,0.7495465327194084,0.14644660940819165,0.14644660940526077
10385,0.3419770548483423,0.75,0.6500627877773126,0.066987298,0.24999999999591982
10386,0.3468489706113469,0.9,0.6624808148458211,0.017037086855485106,0.3705904774486678
10387,0.3534496306773538,0.9,0.6795032789172596,0,0.4999999999972867
10388,0.3520352035203529,0.9,0.6920608343797963,0.017037087,0.6294095225460905
10389,0.3525066792393523,0.9,0.7035021626901075,0.066987298,0.7499999999993806
10390,0.3441772748703449,0.9,0.7488488907492674,0.1464466094043545,0.8535533905909021
10391,0.337576615,0.9,0.7835914608622855,0.24999999999480987,0.9330127018892228
10392,0.3399339933993395,0.9,0.7092228268452629,0.3705904774474298,0.9829629131441832
10393,0.340876945,0.9,0.5624389563276126,0.49999999999600503,1
10394,0.346063178,0.9,0.41132970559508863,0.6294095225518805,0.982962913
10395,0.348734873,0.9,0.3683549602344077,0.7499999999982707,0.9330127018932177
10396,0.3509350935093516,0.75,0.32593832844983955,0.8535533905899957,0.8535533905965518
10397,0.3451202263083455,0.4,0.2147341984093763,0.933012702,0.7499999999999989
10398,0.3419770548483423,0.01,0.13673782614762103,0.9829629131438515,0.6294095225538082
10399,0.3352192362093356,0.01,0.068229385,1,0.5000000000052767
10400,0.32406097752632457,0.01,0.034044928,0.9829629131446997,0.3705904774493574
10401,0.31573157315731626,0.01,0.024138412,0.9330127018938585,0.2500000000028393
10402,0.30598774163130615,0.01,0.036695968,0.8535533905974579,0.14644660941091053
10403,0.29388653151029365,0.01,0.11357611273894237,0.7500000000011089,0.066987298
10404,0.2759704541882759,0.75,0.4089577228966095,0.6294095225550462,0.017037086856480255
10405,0.2701555869872698,0.01,0.6899679084693735,0.5000000000065583,0
10406,0.2589973283042597,0.4,0.7909864657457792,0.3705904774505954,0.017037086854968575
10407,0.2520823510922523,0.4,0.7528952141760848,0.2500000000039493,0.066987298
10408,0.26544083,0.75,0.6760150690665551,0.14644660940667192,0.14644660940678056
10409,0.2769134056262774,0.75,0.6101576670852518,0.066987298,0.24999999999778116
10410,0.29797265440829834,0.01,0.650341845,0.017037087,0.37059047744371576
10411,0.31777463460631816,0.75,0.6792242221292033,0,0.5
10412,0.3356907119283359,0.4,0.6867587554067253,0.017037086854636896,0.6294095225481666
10413,0.3429200062863429,0.75,0.7231756662480815,0.066987298,0.7499999999949408
10414,0.3482633977683487,0.4,0.7789870238593554,0.14644660940587428,0.8535533905924217
10415,0.348734873,0.01,0.8516813171480396,0.24999999999667116,0.9330127018902974
10416,0.340876945,0.4,0.8025673224501185,0.3705904774424778,0.9829629131428563
10417,0.3407197862643412,0.01,0.6416910841356216,0.4999999999981543,1
10418,0.3485777149143492,0.75,0.46490860890191155,0.6294095225469285,0.9829629131456948
10419,0.3620933521923626,0.9,0.40212083158922846,0.75,0.9330127018921431
10420,0.3660223165173666,0.9,0.39360959955350916,0.8535533905915156,0.853553391
10421,0.3680653779663685,0.9,0.2525463931910144,0.9330127018896566,0.7500000000044387
10422,0.3767090994813773,0.9,0.14497000139528393,0.9829629131444078,0.6294095225517322
10423,0.3837812352663845,0.9,0.075066276,1,0.5000000000031274
10424,0.3837812352663845,0.9,0.038091252,0.9829629131460266,0.3705904774543094
10425,0.38598145528838623,0.75,0.028742849169806056,0.933012702,0.25000000000097794
10426,0.38598145528838623,0.9,0.038928422,0.8535533905959383,0.14644660940939075
10427,0.39022473675939073,0.4,0.10492535230919492,0.7500000000055487,0.066987298
10428,0.38598145528838623,0.9,0.39109808846100186,0.6294095225529701,0.017037086855923977
10429,0.38362407669338383,0.4,0.7203850983675177,0.5,0
10430,0.38016658808738013,0.9,0.8327054555602065,0.37059047744851936,0.017037086855524852
10431,0.3806380638063813,0.9,0.7443839821403655,0.25000000000208794,0.066987298
10432,0.38173817381738173,0.75,0.6940142318961908,0.14644660941029702,0.14644660940315546
10433,0.40719786264340785,0.4,0.6499232593832844,0.066987298,0.24999999999964245
10434,0.41489863272041516,0.75,0.6934561183200781,0.017037086856255712,0.3705904774457919
10435,0.42275656137042317,0.9,0.723594251,0,0.4999999999943093
10436,0.4299858557284302,0.4,0.74019813,0.017037086855193173,0.6294095225502426
10437,0.4320289171774321,0.75,0.7410353006836891,0.066987298,0.7499999999968021
10438,0.4351720886374353,0.9,0.8117761964559788,0.14644660940224913,0.8535533905887966
10439,0.4362721986484366,0.9,0.8423329147481512,0.2499999999985325,0.9330127018913721
10440,0.4362721986484366,0.9,0.7552671968745639,0.37059047744455387,0.9829629131434126
10441,0.4373723086594379,0.9,0.6210408818194503,0.5000000000003035,1
10442,0.4414584315574417,0.9,0.4908608901911539,0.6294095225490046,0.9829629131451385
10443,0.4477447744774481,0.9,0.42932886842472445,0.7499999999956921,0.9330127018947065
10444,0.4571742888574577,0.9,0.42207339193525883,0.8535533905930353,0.8535533905935122
10445,0.458274399,0.9,0.3648667503837031,0.9330127018907313,0.7500000000025775
10446,0.4598459845984597,0.9,0.24180270685084412,0.9829629131430808,0.6294095225566841
10447,0.4466446644664468,0.9,0.16924794195618809,1,0.5000000000009781
10448,0.4306144900204312,0.9,0.099483745,0.9829629131454702,0.3705904774522334
10449,0.41631305987741696,0.9,0.068089856,0.9330127018953474,0.25000000000541783
10450,0.40279742259940265,0.9,0.038509837,0.8535533905944185,0.14644660940787096
10451,0.39431085965739454,0.9,0.049951165062090144,0.7500000000036874,0.066987298
10452,0.38912462674838943,0.9,0.10659969303753314,0.6294095225508941,0.017037087
10453,0.3754518308973753,0.9,0.18529370726942931,0.5000000000022597,0
10454,0.3688511708313693,0.9,0.28505650899958146,0.3705904774534714,0.017037087
10455,0.3609932421813613,0.9,0.4061671550160458,0.2500000000002266,0.066987298
10456,0.3543925821153544,0.9,0.5283940281847356,0.1464466094087773,0.1464466094046752
10457,0.3540782649693548,0.9,0.602762662,0.066987298,0.24999999999520262
10458,0.3523495206663525,0.75,0.6718292172457094,0.017037086855699435,0.3705904774478679
10459,0.3631934622033639,0.75,0.7185712292451514,0,0.49999999999645856
10460,0.3649222065063653,0.9,0.7078275429049812,0.017037087,0.6294095225452906
10461,0.3723086594373721,0.9,0.7174550020929259,0.066987298,0.7499999999986634
10462,0.3723086594373721,0.75,0.6940142318961908,0.1464466094037689,0.8535533905903164
10463,0.37906647807637883,0.75,0.7041998046602483,0.25000000000039385,0.9330127018924468
10464,0.3691654879773698,0.75,0.7566624808148458,0.3705904774466299,0.9829629131439688
10465,0.3712085494263717,0.01,0.6197851262731966,0.4999999999951769,1
10466,0.3778092094923786,0.9,0.4654667224780243,0.6294095225510806,0.9829629131445823
10467,0.3806380638063813,0.9,0.4070043253802149,0.7499999999975535,0.9330127018936318
10468,0.38173817381738173,0.4,0.43909585600669737,0.8535533905894102,0.8535533905971373
10469,0.38802451673738814,0.75,0.4123064043532859,0.9330127018918059,0.7500000000007161
10470,0.39116768819739134,0.9,0.25198827961490167,0.982962913,0.6294095225546081
10471,0.38708156529938664,0.01,0.1753871912934282,1,0.5000000000061048
10472,0.3774948923463781,0.01,0.11120413004046324,0.982962913,0.3705904774501574
10473,0.3734087694483734,0.01,0.073670992,0.9330127018942727,0.2500000000035565
10474,0.3633506207763637,0.01,0.038788894,0.8535533905928987,0.14644660940635124
10475,0.367122427,0.4,0.038928422,0.7500000000018261,0.066987298
10476,0.3734087694483734,0.01,0.072833822,0.6294095225558461,0.017037086856694583
10477,0.39886845827439865,0.75,0.11287847076880146,0.5000000000001105,0
10478,0.40059720257740095,0.9,0.14497000139528393,0.3705904774513954,0.017037086854754246
10479,0.40829797265440826,0.9,0.24501185991349236,0.25000000000466643,0.066987298
10480,0.41804180418041836,0.9,0.36723873308218224,0.1464466094072575,0.14644660940619497
10481,0.4284142699984286,0.9,0.48876796428073116,0.066987298,0.24999999999706396
10482,0.434071979,0.9,0.5458350774382587,0.017037086857026318,0.37059047744291584
10483,0.4351720886374353,0.9,0.5791823636109948,0,0.49999999999860784
10484,0.4394153701084398,0.9,0.5914608622854751,0.017037086854422512,0.6294095225473666
10485,0.4466446644664468,0.9,0.5939723733779824,0.066987298,0.7500000000005247
10486,0.4474304573314476,0.9,0.6486675038370308,0.1464466094052887,0.8535533905918362
10487,0.4486877259154487,0.4,0.6266220175805777,0.24999999999595401,0.9330127018898834
10488,0.4351720886374353,0.2,0.5918794474675596,0.3705904774487059,0.9829629131445251
10489,0.40594059405940675,0.05,0.503837031,0.4999999999973262,1
10490,0.3818953323903824,0.05,0.3980745081624111,0.6294095225461287,0.9829629131459092
10491,0.3644507307873641,0.01,0.34142598018696807,0.7499999999994148,0.9330127018925571
10492,0.3576929121483574,0.01,0.2729175387191294,0.8535533905909299,0.8535533905956176
10493,0.3767090994813773,0.01,0.22589646993163107,0.9330127018892425,0.75
10494,0.38896746817538874,0.9,0.12362215710897169,0.9829629131441934,0.6294095225525321
10495,0.40358321546440346,0.4,0.059857681,1,0.5000000000039555
10496,0.41379852270941475,0.9,0.023440770196735034,0.982962913,0.3705904774551093
10497,0.41599874273141646,0.9,0.023161713408678664,0.933012702,0.2500000000016952
10498,0.41835612132641886,0.9,0.033486814566764334,0.8535533905965238,0.14644660940997634
10499,0.4288857457174289,0.9,0.10994837449420956,0.7499999999999648,0.066987298
10500,0.43092880716643167,0.9,0.3898423329147482,0.6294095225537701,0.017037086856138306
10501,0.4362721986484366,0.9,0.690386494,0.5000000000052371,0
10502,0.442558542,0.9,0.5493232872889633,0.3705904774493193,0.017037086855310524
10503,0.4457017130284462,0.9,0.5910422771033905,0.25000000000280515,0.066987298
10504,0.4565456545654567,0.9,0.6447607088042416,0.1464466094108826,0.14644660940256982
10505,0.4598459845984597,0.9,0.5491837588949351,0.066987298,0.2499999999989253
10506,0.48121955052648113,0.9,0.5829496302497558,0.017037087,0.3705904774449919
10507,0.48860600345748884,0.9,0.6054137016882936,0,0.49999999999348116
10508,0.49174917491749204,0.9,0.6133668201479001,0.017037087,0.6294095225494427
10509,0.48766305201948823,0.9,0.6573182642667783,0.066987298,0.7499999999960849
10510,0.4801194405154807,0.9,0.7517789870238594,0.14644660940680843,0.8535533905933559
10511,0.4689611818324697,0.9,0.8320078135900656,0.2499999999978153,0.933012702
10512,0.4397296872544403,0.9,0.7812194781638063,0.37059047744375395,0.9829629131431983
10513,0.42055634134842057,0.75,0.5479280033486814,0.4999999999994754,1
10514,0.40704070407040804,0.4,0.38802846379238176,0.6294095225482047,0.9829629131453529
10515,0.38692440672638684,0.05,0.3154736988977257,0.7499999999949749,0.9330127018951205
10516,0.3702655979883702,0.05,0.2671968745639738,0.8535533905924497,0.8535533905940977
10517,0.3534496306773538,0.01,0.18417748011720383,0.9330127018903172,0.7500000000032947
10518,0.340876945,0.01,0.11790149295381612,0.9829629131428665,0.6294095225574841
10519,0.325161088,0.01,0.060694851,1,0.5000000000018062
10520,0.30630205877730665,0.01,0.039347007,0.9829629131456846,0.3705904774530333
10521,0.29278642149929235,0.01,0.019952560346030417,0.9330127018921234,0.24999999999983386
10522,0.2813138456702817,0.01,0.031533417050369744,0.8535533905950041,0.14644660940845655
10523,0.2696841112682704,0.01,0.11525045346728059,0.7500000000044047,0.066987298
10524,0.2633977683482631,0.01,0.39765592298032654,0.629409523,0.017037086855582084
10525,0.2555398396982551,0.01,0.818752616,0.5000000000030879,0
10526,0.247681911,0.05,0.8113576112738942,0.3705904774542713,0.017037087
10527,0.2376237623762374,0.4,0.7808008929817217,0.2500000000009438,0.066987298
10528,0.2580543768662582,0.75,0.7075484861169248,0.14644660940936288,0.1464466094040896
10529,0.27487034417727463,0.75,0.6164364448165202,0.066987298,0.24999999999448547
10530,0.29467232437529445,0.75,0.641970141,0.017037086855913763,0.37059047744706797
10531,0.31777463460631816,0.9,0.6746197851262732,0,0.49999999999563044
10532,0.3325475404683327,0.9,0.6635970419980466,0.017037086855535066,0.6294095225515187
10533,0.3418198962753416,0.9,0.683549602,0.066987298,0.7499999999979463
10534,0.3509350935093516,0.9,0.7727082461280871,0.14644660940318333,0.8535533905897309
10535,0.356592802,0.9,0.8781917120133947,0.24999999999967665,0.9330127018920327
10536,0.3609932421813613,0.9,0.8106599693037533,0.37059047744582996,0.9829629131437545
10537,0.3639792550683647,0.75,0.6019254918375889,0.49999999999434874,1
10538,0.3631934622033639,0.75,0.44216548067531747,0.6294095225502807,0.9829629131447967
10539,0.3721515008643723,0.9,0.35719268871215293,0.7499999999968363,0.933012702
10540,0.38676724815338703,0.75,0.3775638342402679,0.8535533905888246,0.853553391
10541,0.39855414112839904,0.01,0.43951444118878197,0.9330127018913918,0.7500000000014333
10542,0.41112682696841185,0.75,0.13492395702525464,0.9829629131434228,0.629409523
10543,0.42055634134842057,0.75,0.073670992,1,0.49999999999965694
10544,0.42369951280842466,0.01,0.038788894,0.9829629131451283,0.3705904774509573
10545,0.4398868458274401,0.4,0.021626901074368637,0.9330127018946868,0.2500000000042737
10546,0.441929907,0.75,0.039347007,0.8535533905934843,0.14644660940693682
10547,0.4447587615904447,0.4,0.11148318682851961,0.7500000000025433,0.066987298
10548,0.4435014930064436,0.01,0.4178875401144133,0.6294095225566461,0.017037086856908967
10549,0.4306144900204312,0.01,0.8088461001813869,0.5000000000009387,0
10550,0.42385667138142447,0.9,0.8248918654946281,0.3705904774521953,0.017037086854539918
10551,0.41709885274241776,0.9,0.6394586298311706,0.25000000000538364,0.066987298
10552,0.41144114411441146,0.9,0.7068508441467839,0.1464466094078431,0.14644660940560933
10553,0.41709885274241776,0.48,0.5907632203153341,0.066987298,0.24999999999634676
10554,0.41489863272041516,0.88,0.6122505929956746,0.017037086855357486,0.370590477
10555,0.40814081408140845,0.9,0.6521557136877354,0,0.49999999999777966
10556,0.40374037403740415,0.9,0.6739221431561322,0.017037086854208183,0.6294095225465667
10557,0.40484048404840456,0.9,0.6887121529231198,0.066987298,0.7499999999998075
10558,0.40374037403740415,0.9,0.7714524905818334,0.1464466094047031,0.8535533905912507
10559,0.40374037403740415,0.9,0.9080507883354262,0.2499999999952368,0.9330127018894693
10560,0.40374037403740415,0.9,0.8214036556439235,0.37059047744790596,0.9829629131443107
10561,0.39431085965739454,0.9,0.5939723733779824,0.5,1
10562,0.39022473675939073,0.9,0.42221292032928703,0.6294095225453287,0.9829629131461235
10563,0.37702341662737693,0.4,0.37170364169108416,0.7499999999986976,0.9330127018929713
10564,0.3666509508093676,0.05,0.31477605692758476,0.8535533905903443,0.8535533905962032
10565,0.3531353135313533,0.9,0.24780242779405606,0.9330127018924664,0.75
10566,0.3441772748703449,0.9,0.1472024556997349,0.982962913,0.629409523
10567,0.3353763947823363,0.9,0.063904004,1,0.5000000000047836
10568,0.325161088,0.9,0.038928422,0.9829629131445721,0.37059047744888124
10569,0.3374194562313382,0.9,0.025812753,0.9330127018936121,0.2500000000024124
10570,0.3443344334433447,0.9,0.036137854,0.8535533905971096,0.14644660941056192
10571,0.3385195662423386,0.9,0.11092507325240687,0.7500000000006819,0.066987298
10572,0.3363193462203369,0.9,0.3930514859773964,0.629409523,0.017037087
10573,0.3262611975483263,0.4,0.7946142039905121,0.5000000000060654,0
10574,0.3309759547383311,0.01,0.856564811,0.37059047745011925,0.017037086855096195
10575,0.32877573471632937,0.75,0.7618250313938886,0.2500000000035223,0.066987298
10576,0.32406097752632457,0.75,0.7321054834658853,0.1464466094063233,0.1464466094071291
10577,0.3452773848813462,0.9,0.6270406027626622,0.066987298,0.24999999999820804
10578,0.3576929121483574,0.9,0.6652713827263848,0.017037086856684425,0.37059047744419193
10579,0.3669652679553672,0.9,0.6899679084693735,0,0.49999999999992895
10580,0.3754518308973753,0.9,0.6845263011022743,0.017037087,0.6294095225486427
10581,0.38016658808738013,0.9,0.7418724710478583,0.066987298,0.7499999999953677
10582,0.3800094295143803,0.9,0.8070322310590204,0.1464466094062229,0.8535533905927704
10583,0.3837812352663845,0.9,0.9270266499232593,0.24999999999709815,0.9330127018905439
10584,0.38173817381738173,0.9,0.8272638481931073,0.3705904774429539,0.9829629131429839
10585,0.38173817381738173,0.9,0.6361099483744942,0.4999999999986473,1
10586,0.38126669809838143,0.9,0.45821124598855867,0.6294095225474048,0.9829629131455673
10587,0.39022473675939073,0.9,0.4104925352309195,0.7500000000005589,0.9330127018918966
10588,0.39321074964639413,0.9,0.48067531742709646,0.8535533905918642,0.8535533905946835
10589,0.39006757818639004,0.9,0.4632342681735733,0.933012702,0.7500000000040119
10590,0.38802451673738814,0.9,0.21864099344216548,0.9829629131445353,0.6294095225512559
10591,0.38598145528838623,0.9,0.096274592,1,0.5000000000026343
10592,0.38488134527738493,0.75,0.052602204548625645,0.982962913,0.3705904774538332
10593,0.38708156529938664,0.9,0.034184457,0.9330127018925375,0.25000000000055106
10594,0.38912462674838943,0.9,0.03823078,0.8535533905955897,0.14644660940904214
10595,0.39022473675939073,0.9,0.10087902888237757,0.7500000000051218,0.066987298
10596,0.39352506679239374,0.9,0.3711455281149714,0.629409523,0.017037086855796413
10597,0.38912462674838943,0.9,0.7524766289940003,0.5000000000039161,0
10598,0.38488134527738493,0.9,0.8642388726105762,0.37059047745507123,0.017037086853769312
10599,0.3774948923463781,0.9,0.7655922980326496,0.25,0.066987298
10600,0.3754518308973753,0.9,0.7128505650899958,0.14644660940994841,0.14644660940350407
10601,0.38173817381738173,0.75,0.6747593135203014,0.066987298,0.2500000000000694
10602,0.38692440672638684,0.75,0.729593972,0.017037086856128147,0.370590477
10603,0.39226779820839264,0.9,0.7332217106181108,0,0.49999999999480227
10604,0.39949709256639965,0.9,0.7357332217106181,0.017037086855320738,0.6294095225507188
10605,0.40798365550840865,0.9,0.7756383424026789,0.066987298,0.75
10606,0.41819896275341817,0.9,0.8281010185572764,0.14644660940259774,0.8535533905891453
10607,0.42055634134842057,0.9,0.9147481512487791,0.2499999999989594,0.9330127018916186
10608,0.41945623133741927,0.9,0.7748011720385098,0.37059047744503004,0.9829629131435402
10609,0.42165645135942276,0.9,0.6506209013534254,0.49999999999352057,1
10610,0.42165645135942276,0.9,0.47955909,0.6294095225494808,0.982962913
10611,0.41254125412541276,0.9,0.3817496860611135,0.7499999999961191,0.9330127018944601
10612,0.41709885274241776,0.9,0.3841216687595926,0.8535533905933839,0.8535533905931636
10613,0.41819896275341817,0.9,0.34058881,0.9330127018909777,0.7500000000021505
10614,0.4288857457174289,0.9,0.2373377982419422,0.9829629131432085,0.629409523
10615,0.434071979,0.4,0.16213199386075067,1,0.5000000000004852
10616,0.4351720886374353,0.4,0.098227989,0.9829629131453428,0.3705904774517572
10617,0.4397296872544403,0.9,0.074368634,0.9330127018951009,0.2500000000049909
10618,0.4362721986484366,0.4,0.041858518,0.853553391,0.1464466094075224
10619,0.42574257425742656,0.4,0.045765313241244596,0.7500000000032605,0.066987298
10620,0.42055634134842057,0.01,0.09557695,0.629409523,0.017037086857123296
10621,0.40908376551940995,0.01,0.16478303334728617,0.5000000000017668,0
10622,0.40264026402640285,0.9,0.23705874145388586,0.3705904774529952,0.017037087
10623,0.40798365550840865,0.9,0.347425701,0.24999999999979972,0.066987298
10624,0.40704070407040804,0.9,0.46421096693177066,0.14644660940842869,0.1464466094050238
10625,0.41206977840641246,0.9,0.5367657318264266,0.066987298,0.24999999999562955
10626,0.42464246424642527,0.75,0.584623971,0.017037087,0.37059047744834406
10627,0.4273141599874273,0.9,0.654806753,0,0.49999999999695155
10628,0.4314002828854311,0.75,0.6460164643504953,0.017037086853993855,0.6294095225457668
10629,0.4362721986484366,0.9,0.666945723,0.066987298,0.7499999999990904
10630,0.4328147100424329,0.9,0.7443839821403655,0.14644660940411752,0.853553391
10631,0.434071979,0.9,0.8384261197153621,0.2499999999945196,0.9330127018890553
10632,0.4331290271884334,0.9,0.69415376,0.37059047744710605,0.9829629131440965
10633,0.42479962281942507,0.9,0.6260639040044649,0.49999999999566985,1
10634,0.41537010843941546,0.4,0.4742570113017999,0.6294095225515568,0.9829629131444547
10635,0.41269841269841256,0.9,0.4227710339053998,0.7499999999979804,0.9330127018933854
10636,0.40829797265440826,0.01,0.40323705874145394,0.8535533905897588,0.8535533905967887
10637,0.39918277542040004,0.4,0.40560904143993304,0.9330127018920524,0.7500000000002892
10638,0.39022473675939073,0.01,0.2864517929398633,0.9829629131437647,0.629409523
10639,0.38016658808738013,0.4,0.15585321612948233,1,0.5000000000056118
10640,0.37906647807637883,0.4,0.090135343,0.9829629131447865,0.3705904774496812
10641,0.3644507307873641,0.01,0.061950607,0.9330127018940262,0.25000000000312955
10642,0.3633506207763637,0.9,0.038788894,0.8535533905976951,0.1464466094111475
10643,0.3660223165173666,0.75,0.028882378,0.7500000000013991,0.066987298
10644,0.3713657079993715,0.9,0.054137017,0.629409523,0.017037087
10645,0.3768662580543771,0.01,0.11413422631505511,0.49999999999961753,0
10646,0.3818953323903824,0.9,0.16324822101297612,0.3705904774509192,0.017037086854881867
10647,0.38173817381738173,0.9,0.2624529091670155,0.2500000000042395,0.066987298
10648,0.39022473675939073,0.9,0.4371424584903028,0.1464466094069089,0.14644660940654358
10649,0.39745403111739774,0.9,0.5980186968047998,0.066987298,0.2499999999974909
10650,0.40704070407040804,0.9,0.5417887540114413,0.017037086856898753,0.370590477
10651,0.41694169416941707,0.9,0.5540672526859216,0,0.49999999999910083
10652,0.42055634134842057,0.4,0.5391377145249058,0.017037086854550132,0.6294095225478428
10653,0.42479962281942507,0.9,0.5444397934979768,0.066987298,0.7499999999946505
10654,0.4329718686154336,0.9,0.5779266080647412,0.14644660940563725,0.8535533905921848
10655,0.4306144900204312,0.9,0.6111343658434492,0.2499999999963809,0.9330127018901299
10656,0.4306144900204312,0.9,0.5678805636947118,0.37059047744918205,0.9829629131446527
10657,0.4284142699984286,0.9,0.48067531742709646,0.49999999999781913,1
10658,0.42165645135942276,0.9,0.3877494070043254,0.6294095225466048,0.9829629131457815
10659,0.42055634134842057,0.9,0.3311008790288824,0.7499999999998417,0.9330127018923107
10660,0.41945623133741927,0.9,0.2718013115669039,0.8535533905912785,0.853553391
10661,0.41725601131541756,0.9,0.2203153341705037,0.933012702,0.75
10662,0.42055634134842057,0.9,0.12083158922840799,0.9829629131443209,0.629409523
10663,0.41945623133741927,0.4,0.05818334,1,0.5000000000034626
10664,0.41945623133741927,0.01,0.027487094,0.9829629131461133,0.3705904774546332
10665,0.42165645135942276,0.9,0.020510673922143157,0.9330127018929515,0.2500000000012682
10666,0.42165645135942276,0.75,0.030556718,0.8535533905961752,0.14644660940962773
10667,0.42165645135942276,0.4,0.1105064880703223,0.7499999999995378,0.066987298
10668,0.42055634134842057,0.75,0.382168271,0.6294095225532939,0.017037087
10669,0.42055634134842057,0.4,0.7443839821403655,0.5000000000047442,0
10670,0.42055634134842057,0.01,0.8490302776615041,0.37059047744884316,0.017037086855438144
10671,0.41835612132641886,0.75,0.687316869,0.2500000000023782,0.066987298
10672,0.42369951280842466,0.75,0.6680619506069485,0.14644660941053406,0.14644660940291843
10673,0.4452302373094459,0.9,0.6115529510255336,0.066987298,0.24999999999935218
10674,0.4677039132484677,0.01,0.6179712571508301,0.017037086856342476,0.3705904774454681
10675,0.48436272198648433,0.75,0.6623412864517929,0,0.4999999999939741
10676,0.49284928492849334,0.9,0.6542486395981582,0.017037087,0.6294095225499189
10677,0.49913562784849885,0.9,0.707688015,0.066987298,0.7499999999965118
10678,0.503536068,0.01,0.8017301520859494,0.14644660940715704,0.8535533905937045
10679,0.511393997,0.9,0.8914469094460723,0.24999999999824224,0.9330127018912044
10680,0.5137513751375136,0.9,0.8226594111901772,0.3705904774442301,0.9829629131433257
10681,0.5181518151815188,0.9,0.6029021905957862,0.4999999999999684,1
10682,0.5263240609775264,0.75,0.4118878191712014,0.6294095225486809,0.9829629131452253
10683,0.5409398082665411,0.9,0.31868285196037394,0.7499999999954019,0.9330127018948741
10684,0.5409398082665411,0.75,0.2807311287847077,0.8535533905927983,0.8535533905937492
10685,0.5238095238095242,0.01,0.2018975861587833,0.9330127018905636,0.7500000000028677
10686,0.5220807795065228,0.01,0.1324124459327473,0.9829629131429941,0.6294095225570079
10687,0.5038503850385037,0.01,0.066694572,1,0.5000000000013133
10688,0.5024359578815027,0.01,0.035998326,0.9829629131455571,0.37059047745255713
10689,0.5013358478705023,0.4,0.023022185,0.9330127018955149,0.2500000000057081
10690,0.5124941065535125,0.4,0.034323985,0.8535533905946555,0.146446609
10691,0.5065220807795066,0.01,0.10548346588530766,0.7500000000039777,0.066987298
10692,0.49913562784849885,0.01,0.3996093204967211,0.629409523,0.017037086855454464
10693,0.48766305201948823,0.01,0.7912655225338356,0.5000000000025949,0
10694,0.4744617318874744,0.2,0.8620064183061252,0.37059047745379514,0.017037086854111205
10695,0.4688040232594699,0.4,0.7922422212920329,0.25000000000051686,0.066987298
10696,0.4677039132484677,0.75,0.6987581972931491,0.14644660940901427,0.1464466094044382
10697,0.4802765990884805,0.4,0.6437840100460444,0.066987298,0.24999999999491235
10698,0.48436272198648433,0.75,0.6785265801590623,0.017037087,0.37059047744754414
10699,0.49080622347949143,0.75,0.6990372540812055,0,0.4999999999961234
10700,0.48782021059248803,0.75,0.6814566764336543,0.017037086853779526,0.6294095225449668
10701,0.49064906490649074,0.75,0.7355936933165899,0.066987298,0.7499999999983732
10702,0.47996228194248003,0.75,0.8000558113576113,0.14644660940353194,0.8535533905900794
10703,0.4782335376394786,0.75,0.9158643784010045,0.2500000000001036,0.9330127018922791
10704,0.4636177903504639,0.75,0.8161015766708525,0.37059047744630613,0.9829629131438821
10705,0.4457017130284462,0.4,0.5955071857122924,0.49999999999484174,1
10706,0.4353292472104351,0.05,0.447886145,0.6294095225507569,0.9829629131446691
10707,0.42165645135942276,0.75,0.3740756243895633,0.7499999999972632,0.9330127018937995
10708,0.41835612132641886,0.75,0.3276126691781778,0.8535533905891732,0.8535533905973743
10709,0.40688354549740646,0.01,0.2508720524626762,0.9330127018916383,0.7500000000010064
10710,0.39431085965739454,0.01,0.14413283103111482,0.9829629131435504,0.6294095225549319
10711,0.39258211535439314,0.01,0.072833822,1,0.5
10712,0.38598145528838623,0.01,0.04255616,0.9829629131450008,0.3705904774504811
10713,0.3823668081093827,0.01,0.02692898,0.9330127018944403,0.25000000000384676
10714,0.3734087694483734,0.01,0.037114553,0.8535533905931357,0.1464466094065882
10715,0.3636649379223633,0.75,0.1105064880703223,0.7500000000021163,0.066987298
10716,0.3542354235423546,0.75,0.39612111064601646,0.6294095225561699,0.017037086856781347
10717,0.3498349834983494,0.75,0.7982419422352448,0.5000000000004456,0
10718,0.3471632877573474,0.75,0.8975861587833124,0.37059047745171914,0.017037086854667483
10719,0.3452773848813462,0.9,0.778707967,0.2500000000049567,0.066987298
10720,0.3429200062863429,0.9,0.7337798241942235,0.1464466094074945,0.14644660940595794
10721,0.3482633977683487,0.9,0.6682014790009767,0.066987298,0.2499999999967737
10722,0.3503064592173506,0.9,0.6947118738663318,0.017037086857113082,0.3705904774425921
10723,0.3523495206663525,0.9,0.6944328170782754,0,0.49999999999827266
10724,0.3525066792393523,0.9,0.6496442025952281,0.017037086854335803,0.6294095225470429
10725,0.3443344334433447,0.9,0.6855029998604716,0.066987298,0.7500000000002345
10726,0.3407197862643412,0.9,0.7584763499372122,0.14644660940505166,0.8535533905915992
10727,0.3443344334433447,0.9,0.8733082182224082,0.2499999999956637,0.9330127018897157
10728,0.3455917020273458,0.9,0.7703362634296079,0.37059047744838214,0.9829629131444384
10729,0.3476347634763477,0.9,0.5934142598018697,0.49999999999699096,1
10730,0.348734873,0.9,0.43895632761266923,0.629409523,0.9829629131459959
10731,0.3503064592173506,0.9,0.35370447886144835,0.7499999999991245,0.9330127018927248
10732,0.3531353135313533,0.9,0.3376587135482071,0.8535533905906929,0.8535533905958546
10733,0.3498349834983494,0.9,0.2514301660387889,0.9330127018890749,0.7500000000054463
10734,0.3498349834983494,0.9,0.15222547788474955,0.9829629131441067,0.6294095225528559
10735,0.3531353135313533,0.9,0.070880424,1,0.5000000000042907
10736,0.3543925821153544,0.9,0.03906795,0.9829629131444445,0.37059047744840506
10737,0.3545497406883542,0.9,0.023440770196735034,0.9330127018933656,0.2500000000019854
10738,0.356592802,0.9,0.037533138,0.8535533905967608,0.14644660941021337
10739,0.3576929121483574,0.9,0.10994837449420956,0.7500000000002551,0.066987298
10740,0.3576929121483574,0.9,0.38370308357750804,0.6294095225540939,0.017037087
10741,0.3597359735973593,0.9,0.7533137993581693,0.5000000000055723,0
10742,0.3597359735973593,0.9,0.804381192,0.3705904774496431,0.017037087
10743,0.3597359735973593,0.9,0.7251290637644761,0.2500000000030954,0.066987298
10744,0.3576929121483574,0.75,0.6783870517650341,0.14644660941111964,0.14644660940233284
10745,0.3609932421813613,0.75,0.6528533556578764,0.066987298,0.24999999999863498
10746,0.3702655979883702,0.75,0.6729454443979349,0.017037086856556805,0.37059047744466816
10747,0.3734087694483734,0.9,0.7014092367796846,0,0.5000000000004219
10748,0.3779663680653784,0.01,0.7009906515976001,0.017037087,0.629409523
10749,0.38708156529938664,0.75,0.7506627598716339,0.066987298,0.7499999999957947
10750,0.38912462674838943,0.75,0.8078694014231896,0.14644660940657145,0.853553391
10751,0.39022473675939073,0.9,0.8982838007534533,0.24999999999752504,0.9330127018907903
10752,0.38802451673738814,0.9,0.8110785544858379,0.3705904774434301,0.9829629131431115
10753,0.38912462674838943,0.9,0.6169945583926328,0.49999999999914024,1
10754,0.38598145528838623,0.75,0.43658434491419007,0.6294095225478809,0.9829629131454396
10755,0.38488134527738493,0.9,0.38663317985209994,0.7499999999946847,0.9330127018952881
10756,0.38016658808738013,0.75,0.3711455281149714,0.8535533905922127,0.8535533905943349
10757,0.37906647807637883,0.4,0.30431142737547096,0.9330127018901495,0.7500000000035849
10758,0.3745088794593756,0.01,0.186549463,0.9829629131446629,0.6294095225507799
10759,0.3723086594373721,0.9,0.091809683,1,0.5000000000021414
10760,0.3644507307873641,0.4,0.05036975,0.9829629131457713,0.37059047745335705
10761,0.3633506207763637,0.9,0.030138133110087905,0.9330127018922909,0.2500000000001241
10762,0.3520352035203529,0.75,0.037533138,0.853553391,0.14644660940869358
10763,0.3531353135313533,0.9,0.09125157,0.7500000000046949,0.066987298
10764,0.3498349834983494,0.9,0.32314776056927585,0.6294095225520178,0.017037086855668793
10765,0.3542354235423546,0.9,0.5950886005302078,0.5,0
10766,0.3542354235423546,0.9,0.6755964838844705,0.37059047745459506,0.017037086853896877
10767,0.3514065692283519,0.9,0.6133668201479001,0.2500000000012341,0.066987298
10768,0.3528209963853528,0.9,0.6142039905120692,0.14644660940959986,0.14644660940385262
10769,0.349363508,0.9,0.6250872052462676,0.066987298,0.2500000000004963
10770,0.3575357535753576,0.4,0.7012697083856565,0.017037086856000527,0.37059047744674417
10771,0.3642935722143643,0.4,0.7442444537463373,0,0.49999999999529526
10772,0.3785950023573794,0.01,0.7305706711315753,0.017037086855448302,0.629409523
10773,0.39242495678139333,0.01,0.762941259,0.066987298,0.75
10774,0.40814081408140845,0.01,0.7530347425701129,0.14644660940294635,0.8535533905894939
10775,0.40594059405940675,0.4,0.7301520859494907,0.24999999999938638,0.933012702
10776,0.40028288543140045,0.75,0.663876099,0.3705904774455062,0.9829629131436677
10777,0.38173817381738173,0.4,0.5569973489605134,0.49999999999401357,1
10778,0.3767090994813773,0.9,0.46755964838844705,0.629409523,0.9829629131448834
10779,0.3778092094923786,0.9,0.39891167852658016,0.75,0.9330127018942135
10780,0.375608989,0.9,0.4162131993860751,0.8535533905937325,0.8535533905928151
10781,0.37906647807637883,0.9,0.3447746616436445,0.9330127018912242,0.7500000000017236
10782,0.3682225365393683,0.9,0.23245430445095577,0.982962913,0.6294095225557318
10783,0.3556498506993555,0.9,0.1434351890609739,1,0.4999999999999922
10784,0.3388338833883391,0.01,0.081624111,0.9829629131452151,0.37059047745128104
10785,0.5844727329875847,0.01,0.028603321,0.9330127018948544,0.25
10786,0.32060348892032087,0.9,0.038788894,0.8535533905937214,0.14644660940717386
10787,0.31683168316831756,0.9,0.034323985,0.7500000000028335,0.066987298
10788,0.30740216878830706,0.4,0.067392214,0.6294095225569698,0.017037086856995676
10789,0.29938708156529925,0.01,0.1259941398074508,0.5000000000012739,0
10790,0.2802137356592813,0.01,0.1781777591739919,0.37059047745251905,0.017037086854453154
10791,0.274556027,0.05,0.2644063066834101,0.2500000000056739,0.066987298
10792,0.2759704541882759,0.05,0.3775638342402679,0.14644660940808013,0.14644660940537235
10793,0.29247210435329274,0.01,0.4551416213199386,0.066987298,0.24999999999605643
10794,0.31981769605532007,0.05,0.5426259243756104,0.017037087,0.37059047744882023
10795,0.3396196762533399,0.05,0.5667643365424864,0,0.4999999999974445
10796,0.3587930221593596,0.2,0.6086228547509418,0.017037087,0.6294095225462429
10797,0.3699512808423706,0.05,0.5849030277661503,0.066987298,0.7499999999995173
10798,0.37969511236837983,0.05,0.5572764057485698,0.14644660940446608,0.8535533905910136
10799,0.37969511236837983,0.01,0.5624389563276126,0.24999999999494654,0.9330127018893017
10800,0.3682225365393683,0.05,0.5415096972233849,0.3705904774475822,0.982962913
10801,0.3520352035203529,0.2,0.4770475791823636,0.49999999999616285,1
10802,0.3419770548483423,0.9,0.3957025254639319,0.6294095225450049,0.9829629131462103
10803,0.3367908219393372,0.75,0.32189200502302223,0.7499999999984073,0.9330127018931389
10804,0.3399339933993395,0.01,0.32593832844983955,0.8535533905901074,0.8535533905964401
10805,0.340876945,0.4,0.31519464210966935,0.9330127018922989,0.7499999999998623
10806,0.3356907119283359,0.75,0.24096553648667504,0.9829629131438923,0.6294095225536558
10807,0.3341191261983343,0.9,0.14427235942514302,1,0.5000000000051188
10808,0.3352192362093356,0.9,0.11859913492395703,0.9829629131446589,0.37059047744920504
10809,0.3397768348263397,0.9,0.1043672387330822,0.9330127018937797,0.2500000000027026
10810,0.3308187961653313,0.4,0.036416911,0.8535533905973465,0.14644660941079896
10811,0.32736130755932846,0.75,0.026510394865355103,0.7500000000009722,0.066987298
10812,0.3371051390853368,0.9,0.058043812,0.6294095225548938,0.017037086856439454
10813,0.3374194562313382,0.9,0.10129761406446212,0.5000000000064005,0
10814,0.3407197862643412,0.9,0.1187386633179852,0.37059047745044305,0.017037087
10815,0.3394625176803401,0.9,0.19031672945444397,0.2500000000038126,0.066987298
10816,0.3396196762533399,0.9,0.2981721780382308,0.14644660940656035,0.14644660940689214
10817,0.340876945,0.9,0.3929119575833682,0.066987298,0.24999999999791778
10818,0.3514065692283519,0.9,0.43072415236500633,0.017037086856771133,0.3705904774438682
10819,0.3576929121483574,0.9,0.5002092925910423,0,0.49999999999959377
10820,0.3688511708313693,0.9,0.45862983117064327,0.017037086854677697,0.629409523
10821,0.3734087694483734,0.9,0.49965117901492956,0.066987298,0.7499999999950775
10822,0.3754518308973753,0.4,0.5215571368773545,0.14644660940598586,0.8535533905925334
10823,0.3691654879773698,0.05,0.4766289940002791,0.24999999999680783,0.9330127018903763
10824,0.3576929121483574,0.01,0.4301660387888936,0.3705904774426302,0.9829629131428972
10825,0.3430771648593436,0.75,0.33989116785265805,0.49999999999831213,1
10826,0.3262611975483263,0.75,0.31059020510673924,0.629409523,0.982962913
10827,0.31164545025931245,0.75,0.3274731407841496,0.7500000000002687,0.9330127018920642
10828,0.29027188433129103,0.75,0.34365843449141903,0.853553391,0.8535533905949204
10829,0.2770705641992772,0.4,0.30514859773964004,0.9330127018897355,0.7500000000043021
10830,0.2511393996542517,0.01,0.20259522812892422,0.9829629131444486,0.6294095225515798
10831,0.22882288228822878,0.01,0.13659829775359283,1,0.5000000000029695
10832,0.21310702498821277,0.01,0.077159202,0.9829629131459857,0.370590477
10833,0.20257740059720275,0.9,0.052183619,0.933012702,0.2500000000008413
10834,0.20367751060820405,0.9,0.032928700990651594,0.8535533905958267,0.14644660940927917
10835,0.19707685054219715,0.4,0.031533417050369744,0.7500000000054121,0.066987298
10836,0.19314788621719314,0.75,0.056788056,0.6294095225528178,0.017037086855883177
10837,0.20053433914820085,0.9,0.09557695,0.5000000000042513,0
10838,0.19424799622819444,0.9,0.11566903864936516,0.370590477,0.017037087
10839,0.18356121326418373,0.4,0.16003906795032788,0.2500000000019512,0.066987298
10840,0.16454502593116516,0.2,0.22980326496442025,0.14644660941018545,0.14644660940326704
10841,0.157787207,0.2,0.30403237058741456,0.066987298,0.24999999999977912
10842,0.1601445858871604,0.75,0.35440212083158923,0.017037086856214856,0.37059047744594426
10843,0.1612446958981617,0.2,0.3968187526161574,0,0.4999999999944671
10844,0.16910262454816927,0.75,0.40044649086089024,0.017037086855233974,0.6294095225503951
10845,0.17130284457017142,0.4,0.3818892144551416,0.066987298,0.7499999999969388
10846,0.17334590601917332,0.4,0.3654248639598158,0.14644660940236076,0.8535533905889083
10847,0.17114568599717161,0.4,0.4090972512906377,0.24999999999866912,0.9330127018914509
10848,0.1590444758761591,0.4,0.4215152783591461,0.37059047744470625,0.9829629131434534
10849,0.1612446958981617,0.4,0.42681735733221715,0.5000000000004614,1
10850,0.15998742731416016,0.05,0.41677131296218783,0.629409523,0.9829629131450978
10851,0.1546440358321548,0.05,0.38537742430584626,0.7499999999958288,0.9330127018946276
10852,0.1510293886531513,0.05,0.3196595507185713,0.8535533905931469,0.8535533905934007
10853,0.14725758290114754,0.01,0.23510534393749125,0.9330127018908101,0.7500000000024407
10854,0.1442715700141446,0.01,0.14427235942514302,0.9829629131431217,0.6294095225565317
10855,0.13531353135313573,0.01,0.059439096,1,0.5000000000008203
10856,0.13311331133113358,0.01,0.029719548,0.9829629131454294,0.37059047745208096
10857,0.12415527267012427,0.01,0.013952839402818475,0.9330127018952684,0.25000000000528116
10858,0.12195505264812212,0.01,0.020650202316171342,0.8535533905943069,0.1464466094077594
10859,0.12195505264812212,0.01,0.054974187,0.7500000000035507,0.066987298
10860,0.11629734402011627,0.01,0.22994279335844844,0.6294095225507417,0.017037087
10861,0.11063963539211086,0.01,0.4068647969861867,0.5,0
10862,0.1084394153701087,0.05,0.43114273754709087,0.37059047745331897,0.017037086854238825
10863,0.11268269684111276,0.2,0.40030696246686204,0.25,0.066987298
10864,0.11346849,0.01,0.40463234268173576,0.14644660940866566,0.14644660940478677
10865,0.12179789407512187,0.05,0.4580717175945305,0.066987298,0.24999999999533928
10866,0.13751375137513744,0.05,0.5399748848890749,0.017037087,0.3705904774480203
10867,0.15558698727015585,0.01,0.5698339612111064,0,0.4999999999966164
10868,0.16910262454816927,0.01,0.610297195,0.017037087,0.629409523
10869,0.17916077322017943,0.01,0.657876378,0.066987298,0.7499999999988001
10870,0.18811881188118873,0.01,0.7058741453885865,0.1464466094038805,0.853553391
10871,0.19204777620619273,0.05,0.7212222687316868,0.25000000000053046,0.9330127018925256
10872,0.18481848184818483,0.05,0.6206222966373657,0.3705904774467823,0.9829629131440096
10873,0.17570328461417573,0.05,0.4862564531882238,0.4999999999953347,1
10874,0.1651736602231657,0.01,0.3813311008790289,0.6294095225512331,0.9829629131445414
10875,0.14992927864215044,0.05,0.31477605692758476,0.7499999999976901,0.933012702
10876,0.1593587930221596,0.05,0.2676154597460583,0.8535533905895217,0.8535533905970258
10877,0.146628949,0.01,0.24682572903585878,0.9330127018918848,0.7500000000005795
10878,0.14207134999214244,0.01,0.13283103111483185,0.9829629131436779,0.6294095225544557
10879,0.13279899418513308,0.01,0.06599693,1,0.5
10880,0.12415527267012427,0.01,0.036975024,0.9829629131448732,0.37059047745000495
10881,0.12069778406412102,0.01,0.022185014650481377,0.9330127018941938,0.2500000000034198
10882,0.11456859971711486,0.01,0.030277662,0.853553391,0.14644660941138454
10883,0.1051390853371057,0.01,0.083577508,0.7500000000016894,0.066987298
10884,0.1013672795851015,0.01,0.3033347286172736,0.6294095225556937,0.017037086856653783
10885,0.092723558,0.75,0.5772289660946002,0.4999999999999527,0
10886,0.094137985,0.05,0.6055532300823218,0.37059047745124296,0.017037086854795103
10887,0.092880717,0.05,0.5596483884470489,0.2500000000045298,0.066987298
10888,0.095238095,0.01,0.5353704478861449,0.14644660940714593,0.14644660940630655
10889,0.13028445701713087,0.05,0.5225338356355518,0.066987298,0.24999999999720063
10890,0.15212949866415215,0.05,0.5982977535928561,0.017037087,0.3705904774430683
10891,0.18026088323118072,0.05,0.64727222,0,0.49999999999876565
10892,0.19550526481219554,0.2,0.6589926049951165,0.017037086854463368,0.629409523
10893,0.21719314788621746,0.2,0.7167573601227849,0.066987298,0.7499999999943603
10894,0.22505107653622458,0.4,0.7374075624389563,0.14644660940540027,0.8535533905919478
10895,0.21986484362722036,0.4,0.82098507,0.24999999999609063,0.9330127018899623
10896,0.22285085651422287,0.01,0.7372680340449281,0.3705904774488583,0.982962913
10897,0.20037718057520015,0.75,0.5835077438258686,0.49999999999748396,1
10898,0.20320603488920375,0.75,0.39458629831170644,0.629409523,0.9829629131458684
10899,0.19393367908219394,0.4,0.33054276545276967,0.7499999999995515,0.9330127018924783
10900,0.19440515480119425,0.4,0.39877215,0.8535533905910415,0.8535533905955061
10901,0.20053433914820085,0.01,0.413143575,0.9330127018893214,0.7500000000050193
10902,0.21232123212321197,0.01,0.16701548765173713,0.9829629131442342,0.6294095225523797
10903,0.21012101210121026,0.4,0.086368076,1,0.5000000000037977
10904,0.21059248782021145,0.75,0.04171899,0.9829629131462001,0.37059047745495693
10905,0.21735030645921816,0.9,0.024417469,0.9330127018931191,0.25000000000155853
10906,0.21845041647021946,0.9,0.036277382,0.8535533905964123,0.14644660940986476
10907,0.22143642935722196,0.9,0.087902888,0.7499999999998281,0.066987298
10908,0.22065063649222116,0.9,0.2935677410353007,0.6294095225536177,0.017037086856097505
10909,0.21860757504321926,0.9,0.5419282824054695,0.5000000000050794,0
10910,0.22347949080622387,0.9,0.5003488209850704,0.3705904774491669,0.017037087
10911,0.22285085651422287,0.9,0.36723873308218224,0.2500000000026685,0.066987298
10912,0.22630834512022657,0.9,0.4766289940002791,0.14644660941077103,0.14644660940268145
10913,0.23432343234323438,0.9,0.4812334310032092,0.066987298,0.24999999999906192
10914,0.2402954581172403,0.75,0.4632342681735733,0.017037087,0.37059047744514434
10915,0.2509822410812519,0.9,0.5415096972233849,0,0.4999999999936389
10916,0.2621405,0.9,0.5327194083996093,0.017037086855019645,0.629409523
10917,0.2655979883702666,0.9,0.5853216129482349,0.066987298,0.7499999999962216
10918,0.2681125255382679,0.9,0.6142039905120692,0.14644660940692006,0.8535533905934676
10919,0.2742417098852745,0.9,0.7015487651737128,0.24999999999795197,0.9330127018910369
10920,0.2712556969982711,0.9,0.6149016324822101,0.37059047744390633,0.9829629131432391
10921,0.2729844413012734,0.9,0.5094181665969024,0.49999999999963324,1
10922,0.2710985384252713,0.9,0.3817496860611135,0.6294095225483571,0.9829629131453121
10923,0.2655979883702666,0.9,0.30500906934561184,0.7499999999951116,0.9330127018950416
10924,0.2682696841112686,0.9,0.28840519045625784,0.8535533905925612,0.8535533905939863
10925,0.2610403897532616,0.9,0.2515696944328171,0.933012702,0.75
10926,0.2453245324532456,0.9,0.14845821124598854,0.9829629131429074,0.6294095225573317
10927,0.23526638378123588,0.75,0.087623831,1,0.5000000000016485
10928,0.21499292786421487,0.75,0.045207199665131856,0.9829629131456439,0.37059047745288093
10929,0.20053433914820085,0.01,0.034184457,0.9330127018920444,0.2499999999996972
10930,0.19141914191419174,0.2,0.037672666,0.8535533905948925,0.14644660940834497
10931,0.18261826182618313,0.01,0.081065997,0.7500000000042679,0.066987298
10932,0.18230394468018263,0.4,0.2921724570950189,0.6294095225515417,0.017037086855541228
10933,0.17633191890617672,0.01,0.5249058183340309,0.5000000000029301,0
10934,0.16784535596416816,0.9,0.5629970699037253,0.3705904774541189,0.017037086854024497
10935,0.17507465032217562,0.9,0.527975443,0.25000000000080713,0.066987298
10936,0.17507465032217562,0.01,0.5207199665131854,0.14644660940925125,0.14644660940420123
10937,0.17680339462517702,0.9,0.5575554625366261,0.066987298,0.24999999999462208
10938,0.18120383466918133,0.9,0.5904841635272777,0.017037086855872963,0.37059047744722035
10939,0.19031903190319044,0.9,0.6115529510255336,0,0.4999999999957882
10940,0.19440515480119425,0.9,0.6084833263569136,0.017037086855575923,0.6294095225516712
10941,0.20053433914820085,0.9,0.6469931631086926,0.066987298,0.7499999999980829
10942,0.20776363350620786,0.9,0.6493651458071718,0.1464466094032949,0.8535533905898425
10943,0.20729215778720755,0.9,0.6622017580577647,0.24999999999981332,0.9330127018921115
10944,0.20729215778720755,0.9,0.6210408818194503,0.37059047744598234,0.9829629131437954
10945,0.20776363350620786,0.9,0.5324403516115529,0.49999999999450656,1
10946,0.20650636492220675,0.9,0.4050509278638203,0.6294095225504331,0.9829629131447558
10947,0.19707685054219715,0.9,0.32886842472443145,0.75,0.933012702
10948,0.18371837183718442,0.4,0.34058881,0.8535533905889362,0.8535533905976114
10949,0.17696055319817772,0.01,0.5039765592298032,0.9330127018914707,0.7500000000012967
10950,0.16234480590916256,0.01,0.21919910701827822,0.9829629131434636,0.6294095225552556
10951,0.15008643721515025,0.01,0.13659829775359283,1,0.4999999999994992
10952,0.13201320132013228,0.01,0.077159202,0.9829629131450875,0.37059047745080487
10953,0.12069778406412102,0.01,0.052183619,0.9330127018946078,0.25
10954,0.1107967939651111,0.01,0.032928700990651594,0.8535533905933728,0.14644660940682525
10955,0.099009901,0.01,0.031533417050369744,0.7500000000024067,0.066987298
10956,0.089266069,0.01,0.068089856,0.6294095225564936,0.017037087
10957,0.079365079,0.01,0.12459885586716897,0.5000000000007808,0
10958,0.069935565,0.05,0.15389981861308774,0.3705904774520429,0.017037086854580774
10959,0.061291843,0.05,0.21878052183619365,0.25,0.066987298
10960,0.059091623448059405,0.05,0.32077577787079675,0.14644660940773152,0.14644660940572096
10961,0.069149772,0.05,0.4290498116366681,0.066987298,0.24999999999648342
10962,0.085651422,0.05,0.5027208036835495,0.017037086855316685,0.3705904774492964
10963,0.096495364,0.05,0.5646714106320636,0,0.4999999999979375
10964,0.10985384252711006,0.01,0.5698339612111064,0.017037087,0.6294095225467191
10965,0.12745560270312772,0.05,0.5427654527696386,0.066987298,0.7499999999999443
10966,0.13044161559013068,0.01,0.5187665689967909,0.14644660940481463,0.8535533905913621
10967,0.13028445701713087,0.4,0.5825310450676713,0.24999999999537342,0.9330127018895482
10968,0.12808423699512828,0.4,0.5948095437421514,0.3705904774480584,0.9829629131443516
10969,0.11346849,0.01,0.614064462,0.4999999999966558,1
10970,0.1111111111111116,0.4,0.45583926329007957,0.6294095225454811,0.9829629131460826
10971,0.11456859971711486,0.4,0.3465885307660109,0.7499999999988343,0.9330127018928924
10972,0.12321232123212322,0.75,0.30110227431282266,0.853553391,0.8535533905960916
10973,0.12195505264812212,0.01,0.31240407422910565,0.9330127018925454,0.7499999999994353
10974,0.12556969982712562,0.01,0.35816938747035026,0.9829629131440198,0.6294095225531796
10975,0.12195505264812212,0.01,0.12376168550299986,1,0.5000000000046259
10976,0.11975483262611997,0.01,0.08343798,0.9829629131445312,0.37059047744872886
10977,0.11849756404211886,0.01,0.056648528,0.9330127018935332,0.25000000000227574
10978,0.109539525,0.01,0.026510394865355103,0.8535533905969979,0.14644660941045035
10979,0.10372465818010435,0.01,0.023998883772847774,0.7500000000005453,0.066987298
10980,0.090523338,0.01,0.047997767545695555,0.6294095225544176,0.017037086856311834
10981,0.077322018,0.01,0.096972234,0.5000000000059075,0
10982,0.059091623448059405,0.05,0.11804102134784429,0.3705904774499668,0.017037087
10983,0.046676096,0.05,0.16827124319799078,0.2500000000033857,0.066987298
10984,0.043375766,0.01,0.3168689828380076,0.14644660941135662,0.1464466094020958
10985,0.051705170517052146,0.05,0.47314078414957444,0.066987298,0.2499999999983447
10986,0.062549112,0.01,0.459187945,0.017037087,0.37059047744434437
10987,0.090366179,0.05,0.46393191014371427,0,0.5000000000000867
10988,0.1073393053591074,0.05,0.4323984930933445,0.017037086854805317,0.6294095225487951
10989,0.12195505264812212,0.01,0.4600251151109251,0.066987298,0.7499999999955044
10990,0.13421342134213443,0.01,0.4914190037672667,0.14644660940633442,0.8535533905928819
10991,0.14254282571114274,0.01,0.5147202455699734,0.24999999999723477,0.9330127018906228
10992,0.13531353135313573,0.01,0.4743965396958281,0.37059047744310636,0.9829629131430246
10993,0.11834040546911861,0.05,0.451653411,0.49999999999880507,1
10994,0.1013672795851015,0.01,0.40212083158922846,0.6294095225475571,0.9829629131455264
10995,0.1005814867201007,0.05,0.3652853355657877,0.7499999999943944,0.9330127018954557
10996,0.097752632,0.05,0.33068229384679787,0.8535533905919757,0.8535533905945718
10997,0.096023888,0.01,0.2690107436863402,0.933012702,0.7500000000038751
10998,0.095238095,0.01,0.204688154,0.9829629131445762,0.6294095225511036
10999,0.093823668,0.01,0.19045625784847214,1,0.5000000000024766
11000,0.089423228,0.01,0.18068927026649922,0.9829629131458582,0.37059047745368084
11001,0.085965739,0.01,0.11413422631505511,0.9330127018924586,0.25000000000041434
11002,0.083765519,0.01,0.065857402,0.8535533905954782,0.14644660940893056
11003,0.079207921,0.01,0.03739361,0.7500000000049851,0.066987298
11004,0.073550212,0.01,0.044788614,0.6294095225523416,0.017037086855755557
11005,0.074807481,0.01,0.07994977,0.5000000000037582,0
11006,0.068678296,0.01,0.078694014,0.37059047745491885,0.017037086853810113
11007,0.063806381,0.05,0.097390819,0.25000000000152434,0.066987298
11008,0.063492063,0.01,0.14078414957443838,0.1464466094098369,0.1464466094036156
11009,0.086751532,0.01,0.22673364029580018,0.066987298,0.25000000000020606
11010,0.11409712399811456,0.01,0.3220315334170504,0.017037087,0.37059047744642043
11011,0.13515637278013548,0.01,0.3899818613087764,0,0.4999999999949601
11012,0.15558698727015585,0.01,0.4007255476489466,0.017037086855361594,0.6294095225508712
11013,0.17916077322017943,0.05,0.4326775498814009,0.066987298,0.7499999999973657
11014,0.18969039761119033,0.01,0.4600251151109251,0.14644660940270932,0.8535533905892569
11015,0.19487663052019544,0.05,0.44328170782754295,0.2499999999990961,0.9330127018916974
11016,0.18481848184818483,0.01,0.41384121668759594,0.3705904774451824,0.982962913
11017,0.16454502593116516,0.05,0.3876098786102972,0.4999999999936784,1
11018,0.15590130441615635,0.01,0.2910562299427934,0.6294095225496332,0.9829629131449702
11019,0.14207134999214244,0.05,0.22673364029580018,0.7499999999962557,0.933012702
11020,0.13091309130913098,0.01,0.20119994418864237,0.8535533905934953,0.8535533905930521
11021,0.12792707842212803,0.01,0.1534812334310032,0.9330127018910566,0.75
11022,0.11959767405311972,0.01,0.10004185851820846,0.9829629131432494,0.6294095225560555
11023,0.12179789407512187,0.01,0.050788335426259254,1,0.5000000000003273
11024,0.12069778406412102,0.01,0.023161713408678664,0.9829629131453019,0.3705904774516048
11025,0.11739745403111801,0.01,0.012836612250592995,0.933012702,0.25000000000485423
11026,0.11739745403111801,0.01,0.025952281289242363,0.8535533905939583,0.14644660940741083
11027,0.11519723400911541,0.01,0.085949491,0.7500000000031238,0.066987298
11028,0.11063963539211086,0.01,0.3391935258825171,0.6294095225572935,0.017037087
11029,0.10985384252711006,0.01,0.654109111,0.5,0
11030,0.1027817067421033,0.05,0.7789870238593554,0.3705904774528428,0.017037087
11031,0.10403897532610396,0.01,0.6680619506069485,0.24999999999966305,0.066987298
11032,0.10859657394310895,0.01,0.5687177340588809,0.1464466094083171,0.14644660940513532
11033,0.1431714600031433,0.01,0.551416213,0.066987298,0.24999999999576616
11034,0.18921892189219003,0.75,0.5663457513604018,0.017037086855531014,0.3705904774484965
11035,0.22740845513122787,0.75,0.6048555881121808,0,0.4999999999971093
11036,0.2710985384252713,0.9,0.6172736151806892,0.017037087,0.6294095225459192
11037,0.28807166430928843,0.9,0.639737687,0.066987298,0.7499999999992271
11038,0.29482948294829514,0.01,0.7142458490302777,0.1464466094042291,0.8535533905907766
11039,0.29702970297029774,0.9,0.768103809,0.24999999999465627,0.9330127018891341
11040,0.29828697155429884,0.9,0.7067113157527557,0.3705904774472585,0.9829629131441373
11041,0.29954424013829994,0.9,0.49002371982698484,0.49999999999582767,1
11042,0.30928807166430916,0.9,0.3566345751360402,0.6294095225517092,0.9829629131444139
11043,0.31274556027031375,0.9,0.27110366959676296,0.7499999999981171,0.9330127018933064
11044,0.31651736602231617,0.9,0.37965676015069066,0.8535533905898703,0.8535533905966772
11045,0.30724501021530726,0.9,0.37281986884330964,0.9330127018921313,0.7500000000001525
11046,0.30001571585730025,0.9,0.14022603599832564,0.9829629131438056,0.6294095225539795
11047,0.28917177432028973,0.9,0.067810799,1,0.5
11048,0.274556027,0.9,0.033486814566764334,0.9829629131447456,0.3705904774495288
11049,0.2619833411912622,0.9,0.023719826984791404,0.9330127018939474,0.25000000000299294
11050,0.24092409240924129,0.4,0.034184457,0.8535533905975835,0.14644660941103593
11051,0.23196605374823198,0.01,0.097390819,0.7500000000012625,0.066987298
11052,0.21389281785321446,0.01,0.36640156271801316,0.6294095225552175,0.017037086856526162
11053,0.20729215778720755,0.01,0.7132691502720804,0.4999999999994597,0
11054,0.19707685054219715,0.4,0.8237756383424026,0.3705904774507668,0.017037086854922667
11055,0.18921892189219003,0.05,0.7374075624389563,0.25000000000410283,0.066987298
11056,0.18607575043218594,0.01,0.701688294,0.14644660940679738,0.1464466094066551
11057,0.19943422913719955,0.05,0.5551834798381471,0.066987298,0.2499999999976275
11058,0.20179160773220195,0.4,0.5881121808287987,0.017037086856857897,0.37059047744354445
11059,0.21845041647021946,0.4,0.6260639040044649,0,0.4999999999992586
11060,0.22850856514222917,0.4,0.6248081484582112,0.017037086854590988,0.6294095225479952
11061,0.2355807009272355,0.2,0.6795032789172596,0.066987298,0.7499999999947872
11062,0.2368379695112366,0.05,0.7640574856983395,0.14644660940574888,0.8535533905922964
11063,0.2368379695112366,0.05,0.8656341565508581,0.24999999999651756,0.9330127018902088
11064,0.22080779506522097,0.05,0.8145667643365425,0.3705904774493345,0.9829629131446935
11065,0.20163444915920214,0.05,0.5911818054974187,0.49999999999797695,1
11066,0.19377652050919414,0.05,0.422910562,0.6294095225467572,0.9829629131457407
11067,0.17963224893917973,0.05,0.30779963722617554,0.7499999999999784,0.9330127018922318
11068,0.17020273455917057,0.05,0.27794056090414404,0.8535533905913901,0.8535533905951574
11069,0.16077322017916096,0.01,0.19589786521557137,0.933012702,0.7500000000045923
11070,0.1590444758761591,0.01,0.12250592995674621,0.9829629131443618,0.6294095225519035
11071,0.14820053433914815,0.01,0.058043812,1,0.5000000000033047
11072,0.15448687725915455,0.9,0.032091530626482484,0.9829629131460724,0.37059047745448076
11073,0.16454502593116516,0.9,0.018696804799776753,0.9330127018928727,0.2500000000011316
11074,0.16454502593116516,0.4,0.029580019533975165,0.8535533905960637,0.1464466094095162
11075,0.15448687725915455,0.4,0.099623273,0.7500000000057023,0.066987298
11076,0.146628949,0.01,0.36891307381052046,0.6294095225531415,0.017037086855969885
11077,0.13751375137513744,0.01,0.7269429328868424,0.5000000000045864,0
11078,0.146628949,0.4,0.8800055811357611,0.3705904774486907,0.017037086855478945
11079,0.13751375137513744,0.9,0.6090414399330264,0.25000000000224154,0.066987298
11080,0.1570014144271572,0.9,0.6658294963024975,0.14644660941042248,0.146446609
11081,0.16438786735816446,0.75,0.5784847216408538,0.066987298,0.24999999999948885
11082,0.17130284457017142,0.9,0.6045765313241245,0.017037087,0.37059047744562046
11083,0.18481848184818483,0.4,0.6453188223803543,0,0.4999999999941319
11084,0.19833411912619825,0.4,0.6338774940700432,0.017037087,0.6294095225500713
11085,0.20776363350620786,0.4,0.6949909306543881,0.066987298,0.7499999999966485
11086,0.21310702498821277,0.4,0.7435468117761964,0.14644660940212373,0.8535533905886712
11087,0.21829325789721787,0.4,0.8841914329566066,0.24999999999837885,0.9330127018912834
11088,0.20886374351720915,0.4,0.8204269568857262,0.3705904774443825,0.9829629131433666
11089,0.19519094766619594,0.4,0.5949490721361796,0.5000000000001262,1
11090,0.18921892189219003,0.2,0.41272498953537046,0.6294095225488333,0.9829629131451845
11091,0.16690240452616711,0.05,0.35342542207339195,0.7499999999955385,0.9330127018947951
11092,0.15432971868615475,0.05,0.5329984651876657,0.8535533905929098,0.8535533905936377
11093,0.13861386138613918,0.01,0.3221710618110786,0.9330127018906426,0.75
11094,0.12509822410812532,0.01,0.14957443839821402,0.9829629131430349,0.6294095225568554
11095,0.11566870972811572,0.01,0.07213618,1,0.5000000000011555
11096,0.10199591387710205,0.01,0.037114553,0.9829629131455162,0.3705904774524047
11097,0.1051390853371057,0.01,0.026231338077298733,0.933012702,0.25000000000557143
11098,0.1005814867201007,0.01,0.030975303474257015,0.8535533905945439,0.14644660940799642
11099,0.088323118,0.01,0.097669876,0.75,0.066987298
11100,0.098381267,0.01,0.3510534393749128,0.6294095225510655,0.017037086855413663
11101,0.096652522,0.01,0.6821543184037951,0.5000000000024372,0
11102,0.094137985,0.05,0.8082879866052741,0.3705904774536427,0.017037087
11103,0.084865629,0.05,0.6458769359564671,0.25000000000038025,0.066987298
11104,0.088165959,0.01,0.6405748569833961,0.1464466094089027,0.1464466094045498
11105,0.11519723400911541,0.05,0.5812752895214176,0.066987298,0.24999999999504902
11106,0.13657079993713683,0.05,0.6213199386075066,0.017037086855745343,0.3705904774476965
11107,0.1574728901461575,0.4,0.6803404492814288,0,0.4999999999962812
11108,0.18261826182618313,0.4,0.6774103530068368,0.017037086853820327,0.6294095225451193
11109,0.19723400911519784,0.01,0.7258267057346169,0.066987298,0.7499999999985099
11110,0.20257740059720275,0.4,0.8028463792381749,0.1464466094036435,0.8535533905901911
11111,0.20572057205720595,0.01,0.8917259662341286,0.2500000000002402,0.933012702
11112,0.19534810623919574,0.4,0.8472164085391377,0.3705904774464585,0.9829629131439229
11113,0.18246110325318243,0.4,0.627598716,0.4999999999949995,1
11114,0.1601445858871604,0.4,0.49379098646574576,0.6294095225509093,0.9829629131446282
11115,0.13657079993713683,0.01,0.3860750662759872,0.7499999999973999,0.9330127018937205
11116,0.11566870972811572,0.05,0.37700572066415516,0.8535533905892847,0.8535533905972628
11117,0.10419613389910465,0.01,0.3997488488907493,0.9330127018917171,0.7500000000008697
11118,0.090523338,0.01,0.23608204269568858,0.9829629131435912,0.6294095225547794
11119,0.082193934,0.01,0.12418027068508443,1,0.5000000000062822
11120,0.066949552,0.01,0.078135901,0.982962913,0.3705904774503287
11121,0.069621248,0.01,0.051625506,0.9330127018943614,0.2500000000037101
11122,0.062234795,0.01,0.028742849169806056,0.8535533905930242,0.1464466094064767
11123,0.059091623448059405,0.01,0.037672666,0.7500000000019797,0.066987298
11124,0.059091623448059405,0.01,0.081065997,0.6294095225560175,0.017037087
11125,0.057991513,0.01,0.1417608483326357,0.5000000000002879,0
11126,0.060034574886060454,0.05,0.22533835635551833,0.3705904774515667,0.017037087
11127,0.066478076,0.05,0.3312404074229106,0.2500000000048201,0.066987298
11128,0.073707371,0.01,0.4092367796846659,0.14644660940738297,0.14644660940606952
11129,0.12069778406412102,0.2,0.4855588112180829,0.066987298,0.2499999999969103
11130,0.18261826182618313,0.2,0.5551834798381471,0.017037086857072226,0.37059047744274454
11131,0.21955052648121987,0.2,0.6129482349658155,0,0.4999999999984304
11132,0.2465818010372467,0.01,0.6122505929956746,0.017037086854376604,0.6294095225471953
11133,0.2643407197862646,0.9,0.6619227012697083,0.066987298,0.75
11134,0.2734559170202737,0.75,0.6147621040881819,0.14644660940516324,0.8535533905917108
11135,0.27911362564827913,0.4,0.6101576670852518,0.24999999999580036,0.9330127018897947
11136,0.2756561370422763,0.01,0.617134087,0.37059047744853457,0.9829629131444793
11137,0.2756561370422763,0.9,0.5145807171759452,0.4999999999971488,1
11138,0.27487034417727463,0.9,0.4270964141202735,0.6294095225459573,0.9829629131459551
11139,0.28115668709728103,0.9,0.34086786661085533,0.7499999999992611,0.933012702
11140,0.2831997485462838,0.9,0.32789172596623417,0.8535533905908045,0.8535533905957431
11141,0.28854314002828874,0.75,0.3750523231477606,0.9330127018891539,0.7500000000053095
11142,0.29168631148829194,0.9,0.2757081065996931,0.9829629131441475,0.6294095225527034
11143,0.29797265440829834,0.75,0.13115669038649364,1,0.5000000000041329
11144,0.30708785164230745,0.75,0.074647691,0.9829629131444036,0.3705904774482527
11145,0.30944523023730985,0.9,0.059578624,0.9330127018932868,0.2500000000018488
11146,0.31478862171931565,0.4,0.027905678805636946,0.8535533905966493,0.1464466094101018
11147,0.31840326889831827,0.4,0.020510673922143157,0.7500000000001183,0.066987298
11148,0.32170359893132217,0.4,0.045904842,0.6294095225539414,0.017037087
11149,0.31997485462831987,0.75,0.091530626,0.5000000000054146,0
11150,0.3325475404683327,0.9,0.12711036695967629,0.3705904774494907,0.017037086855264616
11151,0.3363193462203369,0.75,0.22073391935258824,0.25000000000295874,0.066987298
11152,0.3441772748703449,0.01,0.33528673084972793,0.14644660941100807,0.14644660940244442
11153,0.3576929121483574,0.75,0.43853774243058463,0.066987298,0.24999999999877165
11154,0.3745088794593756,0.01,0.4963024975582531,0.017037087,0.37059047744482054
11155,0.39745403111739774,0.75,0.5521138551695269,0,0.5000000000005798
11156,0.41631305987741696,0.75,0.551416213,0.017037087,0.6294095225492713
11157,0.42369951280842466,0.75,0.5994139807450816,0.066987298,0.7499999999959313
11158,0.4306144900204312,0.75,0.5537881958978652,0.14644660940668303,0.8535533905932305
11159,0.4373723086594379,0.4,0.5493232872889633,0.2499999999976617,0.9330127018908694
11160,0.438629577,0.75,0.5561601785963444,0.37059047744358253,0.9829629131431523
11161,0.4295143800094299,0.75,0.45695549044230505,0.49999999999929806,1
11162,0.4273141599874273,0.75,0.3721222268731687,0.6294095225480333,0.9829629131453989
11163,0.434071979,0.75,0.29970699037254084,0.7499999999948214,0.9330127018952092
11164,0.4475876159044483,0.75,0.23538440072554764,0.8535533905923243,0.8535533905942232
11165,0.4552883859814556,0.4,0.18417748011720383,0.9330127018902284,0.7500000000034484
11166,0.4584315574414588,0.75,0.13394725826705733,0.9829629131428206,0.6294095225576555
11167,0.4552883859814556,0.4,0.047718710757639185,1,0.5000000000019836
11168,0.4372151500864372,0.01,0.024556997348960514,0.9829629131457305,0.37059047745320467
11169,0.42165645135942276,0.01,0.014929538161015766,0.9330127018922121,0.24999999999998745
11170,0.41835612132641886,0.01,0.034603042,0.8535533905951296,0.146446609
11171,0.41741316988841737,0.01,0.098646575,0.7500000000045582,0.066987298
11172,0.41929907276441947,0.01,0.3761685502999861,0.6294095225518654,0.017037086855627992
11173,0.41002671695741055,0.01,0.7082461280870657,0.5000000000032653,0
11174,0.40924092409240975,0.05,0.8281010185572764,0.3705904774544427,0.017037086853937733
11175,0.40704070407040804,0.01,0.7866610855309055,0.2500000000010974,0.066987298
11176,0.40154015401540155,0.4,0.6439235384400726,0.14644660940948828,0.1464466094039642
11177,0.41945623133741927,0.01,0.5616017859634436,0.066987298,0.2499999999943318
11178,0.4518308973754519,0.75,0.5875540672526859,0.017037087,0.3705904774468966
11179,0.4587458745874584,0.01,0.6137854053299846,0,0.5
11180,0.48121955052648113,0.2,0.6520161852937072,0.017037087,0.6294095225513474
11181,0.49017758918749044,0.01,0.6651318543323566,0.066987298,0.7499999999977927
11182,0.5000785792865003,0.4,0.7385237895911818,0.14644660940305793,0.8535533905896054
11183,0.5051076536225048,0.4,0.8853076601088321,0.24999999999952305,0.933012702
11184,0.48656294200848693,0.4,0.784010046,0.3705904774456586,0.9829629131437085
11185,0.4519880559484517,0.4,0.6045765313241245,0.4999999999941714,1
11186,0.42055634134842057,0.2,0.37993581693874706,0.6294095225501094,0.9829629131448425
11187,0.40374037403740415,0.4,0.3213338914469095,0.7499999999966827,0.9330127018941345
11188,0.40154015401540155,0.01,0.27389423747732666,0.8535533905886992,0.8535533905978483
11189,0.39541096966839584,0.01,0.1908748430305567,0.933012702,0.75
11190,0.38912462674838943,0.01,0.11650620901353427,0.9829629131433768,0.6294095225555794
11191,0.39886845827439865,0.01,0.062369192,1,0.49999999999983435
11192,0.39541096966839584,0.75,0.031952002,0.9829629131451743,0.3705904774511286
11193,0.41002671695741055,0.75,0.017580578,0.9330127018947754,0.25000000000442735
11194,0.42464246424642527,0.4,0.030835775,0.8535533905936098,0.14644660940706228
11195,0.4351720886374353,0.4,0.10032091530626483,0.75,0.066987298
11196,0.4441301272984437,0.9,0.39891167852658016,0.6294095225568174,0.017037086856954875
11197,0.4552883859814556,0.75,0.7759173991907353,0.5,0
11198,0.4574886060034582,0.4,0.8533556578763778,0.3705904774523666,0.017037087
11199,0.4620462046204623,0.75,0.8165201618529371,0.2500000000055373,0.066987298
11200,0.4666038032374664,0.9,0.6991767824752336,0.1464466094079685,0.14644660940548393
11201,0.4802765990884805,0.75,0.5909027487093623,0.066987298,0.24999999999619316
11202,0.49489234637749524,0.4,0.6083437979628854,0.017037087,0.37059047744897267
11203,0.5157944365865155,0.4,0.6866192270126971,0,0.4999999999976023
11204,0.5293100738645298,0.4,0.6517371285056509,0.017037086854162276,0.6294095225463954
11205,0.551469433,0.4,0.6909446072275708,0.066987298,0.7499999999996539
11206,0.5557127141285556,0.75,0.7640574856983395,0.14644660940457765,0.8535533905911252
11207,0.5495835297815499,0.75,0.8994000279056787,0.24999999999508316,0.9330127018893806
11208,0.5440829797265443,0.75,0.8359146086228547,0.37059047744773466,0.9829629131442649
11209,0.5305673424485309,0.75,0.5988558671689689,0.4999999999963206,1
11210,0.5216093037875216,0.75,0.40295800195339754,0.6294095225451574,0.9829629131461695
11211,0.515951595,0.75,0.3475652295242082,0.7499999999985439,0.933012702
11212,0.511393997,0.75,0.3931910143714246,0.8535533905902188,0.8535533905963286
11213,0.5104510451045106,0.01,0.4709083298451235,0.9330127018923777,0.7499999999997256
11214,0.5069935564985069,0.01,0.14120273475652295,0.9829629131439331,0.6294095225535034
11215,0.49913562784849885,0.01,0.065578345,1,0.5
11216,0.49457802923149474,0.01,0.029859076322031535,0.982962913,0.3705904774490526
11217,0.48907747917648914,0.01,0.021905957862425007,0.9330127018937008,0.25000000000256595
11218,0.48341977054848373,0.9,0.031114832,0.8535533905972348,0.14644660941068738
11219,0.48907747917648914,0.01,0.10799497697781499,0.7500000000008356,0.066987298
11220,0.49174917491749204,0.01,0.395004883,0.6294095225547414,0.017037086856398598
11221,0.49394939493949375,0.4,0.7675456955490442,0.5000000000062427,0
11222,0.49284928492849334,0.9,0.8532161294823496,0.3705904774502906,0.017037086855050287
11223,0.49599245638849654,0.9,0.7993581693874703,0.25000000000367595,0.066987298
11224,0.49599245638849654,0.9,0.7021068787498256,0.14644660940644877,0.1464466094070037
11225,0.49803551783749844,0.9,0.619366541,0.066987298,0.24999999999805445
11226,0.500235738,0.9,0.6292730570671131,0.017037086856730332,0.3705904774440206
11227,0.508093667,0.9,0.6694572345472304,0,0.4999999999997516
11228,0.5091937765205095,0.9,0.6715501604576531,0.017037086854718553,0.6294095225484714
11229,0.5117083136885117,0.75,0.7258267057346169,0.066987298,0.75
11230,0.5117083136885117,0.9,0.7768940979489326,0.14644660940609744,0.8535533905926449
11231,0.5087223008015092,0.9,0.9053997488488907,0.2499999999969445,0.9330127018904553
11232,0.5115511551155119,0.9,0.8392632900795312,0.3705904774427826,0.982962913
11233,0.5033789093195042,0.9,0.6149016324822101,0.4999999999984699,1
11234,0.5013358478705023,0.9,0.4008650760429748,0.6294095225472334,0.9829629131456132
11235,0.5013358478705023,0.9,0.3528673084972792,0.7500000000004052,0.9330127018919854
11236,0.500235738,0.9,0.3110087902888238,0.8535533905917387,0.8535533905948088
11237,0.49913562784849885,0.9,0.20692060834379797,0.9330127018898144,0.7500000000041654
11238,0.49913562784849885,0.9,0.1398074508162411,0.9829629131444895,0.6294095225514273
11239,0.49583529781549585,0.9,0.063485419,1,0.5000000000028118
11240,0.49457802923149474,0.9,0.033347286,0.9829629131459449,0.37059047745400464
11241,0.48231966053748243,0.9,0.024836054137016884,0.9330127018926262,0.25000000000070466
11242,0.4578029231494578,0.9,0.038788894,0.8535533905957151,0.1464466094091676
11243,0.4225994027974225,0.9,0.10353006836891308,0.7500000000052754,0.066987298
11244,0.40154015401540155,0.9,0.3845402539416772,0.6294095225526654,0.017037087
11245,0.3779663680653784,0.9,0.6635970419980466,0.5000000000040934,0
11246,0.338205249,0.9,0.6262034323984931,0.37059047744821455,0.017037086855606565
11247,0.32138928178532167,0.9,0.6086228547509418,0.25000000000181466,0.066987298
11248,0.29844413012729865,0.9,0.545276964,0.14644660941007387,0.1464466094033786
11249,0.28508565142228504,0.9,0.4808148458211246,0.066987298,0.24999999999991573
11250,0.28272827282728263,0.9,0.47593135203013814,0.017037086856174055,0.37059047744609663
11251,0.2754989784692756,0.9,0.48472164085391384,0,0.49999999999462486
11252,0.2682696841112686,0.9,0.4437002930096275,0.017037087,0.6294095225505474
11253,0.2646550369322651,0.9,0.48053578903306826,0.066987298,0.7499999999970755
11254,0.2597831211692605,0.9,0.553648668,0.14644660940247228,0.8535533905890198
11255,0.2561684739902561,0.9,0.5798800055811357,0.2499999999988058,0.9330127018915298
11256,0.2597831211692605,0.9,0.567182922,0.3705904774448587,0.9829629131434943
11257,0.2621405,0.75,0.42095716478303336,0.5000000000006192,1
11258,0.2597831211692605,0.4,0.3302637086647133,0.6294095225493095,0.9829629131450569
11259,0.2536539368222539,0.05,0.29831170643225896,0.7499999999959654,0.9330127018945487
11260,0.2402954581172403,0.05,0.2745918794474676,0.8535533905932584,0.853553391
11261,0.23306616375923417,0.01,0.186549463,0.933012702,0.7500000000023042
11262,0.21216407355021216,0.01,0.11664573740756244,0.9829629131431625,0.6294095225563794
11263,0.19204777620619273,0.01,0.063206362,1,0.5000000000006625
11264,0.17868929750117912,0.01,0.030975303474257015,0.9829629131453886,0.3705904774519285
11265,0.161716172,0.01,0.022185014650481377,0.9330127018951895,0.25000000000514455
11266,0.1423856671381425,0.01,0.033486814566764334,0.8535533905941954,0.14644660940764787
11267,0.13279899418513308,0.01,0.099762802,0.7500000000034142,0.066987298
11268,0.12069778406412102,0.01,0.3648667503837031,0.6294095225576173,0.017037086857169204
11269,0.1111111111111116,0.01,0.6527138272638482,0.5000000000019442,0
11270,0.1013672795851015,0.05,0.7540114413283103,0.37059047745316653,0.017037087
11271,0.094137985,0.05,0.5758336821543184,0.24999999999995332,0.066987298
11272,0.092880717,0.05,0.6211804102134784,0.14644660940855414,0.14644660940489834
11273,0.1073393053591074,0.05,0.5406725268592159,0.066987298,0.2499999999954759
11274,0.12666980983812692,0.05,0.6037393609599553,0.017037086855617778,0.3705904774481727
11275,0.15448687725915455,0.05,0.6760150690665551,0,0.49999999999677414
11276,0.17868929750117912,0.05,0.6718292172457094,0.017037086853947947,0.6294095225455955
11277,0.19676253339619665,0.05,0.6927584763499371,0.066987298,0.7499999999989367
11278,0.20414898632720435,0.05,0.7600111622715222,0.14644660940399207,0.8535533905905396
11279,0.21404997642621426,0.01,0.7992186409934421,0.25,0.9330127018889665
11280,0.20729215778720755,0.01,0.7905678805636946,0.3705904774469347,0.9829629131440505
11281,0.19267641049819284,0.05,0.6368075903446351,0.4999999999954925,1
11282,0.17853213892817843,0.05,0.45137435468117765,0.6294095225513855,0.9829629131445006
11283,0.16281628162816286,0.05,0.3595646714106321,0.7499999999978268,0.933012702
11284,0.16234480590916256,0.05,0.3432398493093345,0.8535533905896333,0.8535533905969142
11285,0.14395725286814454,0.01,0.3246825729035859,0.9330127018919636,0.7500000000004428
11286,0.1467861071821468,0.01,0.21501325519743267,0.9829629131437188,0.6294095225543033
11287,0.14442872858714484,0.01,0.12822659411190176,1,0.5000000000057891
11288,0.14332861857614354,0.01,0.068089856,0.9829629131448323,0.3705904774498525
11289,0.12981298129813013,0.01,0.049393051485977404,0.9330127018941149,0.2500000000032832
11290,0.12085494263712127,0.01,0.034603042,0.8535533905978205,0.14644660941127297
11291,0.1051390853371057,0.01,0.038370308,0.7500000000015528,0.066987298
11292,0.098381267,0.01,0.074508162,0.6294095225555413,0.017037086856612926
11293,0.095395254,0.01,0.14817915445793217,0.4999999999997949,0
11294,0.084865629,0.05,0.22422212920329287,0.3705904774510905,0.017037087
11295,0.076064749,0.05,0.3444956048555881,0.25000000000439315,0.066987298
11296,0.081408141,0.05,0.4688154039347007,0.14644660940703436,0.14644660940641813
11297,0.109539525,0.05,0.5306264824891865,0.066987298,0.24999999999733724
11298,0.13421342134213443,0.01,0.5639737686619227,0.017037087,0.3705904774432207
11299,0.16910262454816927,0.05,0.595228129,0,0.4999999999989234
11300,0.18701870187018743,0.01,0.625366262,0.017037086854504224,0.6294095225476715
11301,0.20053433914820085,0.01,0.5719268871215292,0.066987298,0.7499999999944968
11302,0.20949237780921015,0.01,0.5341146923398912,0.1464466094055118,0.8535533905920594
11303,0.21625019644821597,0.05,0.4866750383703084,0.2499999999962273,0.9330127018900412
11304,0.20886374351720915,0.05,0.45500209292591043,0.37059047744901075,0.9829629131446067
11305,0.18591859185918613,0.05,0.4224919771173434,0.4999999999976417,1
11306,0.1513437057991518,0.05,0.46965257429886986,0.6294095225464335,0.9829629131458275
11307,0.13672795851013708,0.01,0.4626761545974606,0.75,0.9330127018923995
11308,0.12101210121012151,0.05,0.5500209292591042,0.8535533905911531,0.8535533905953945
11309,0.11378280685211406,0.01,0.4014231896190875,0.9330127018894003,0.7500000000048826
11310,0.1001100110011004,0.01,0.24543044509557696,0.9829629131442751,0.6294095225522273
11311,0.097909791,0.01,0.15306264824891866,1,0.5
11312,0.1032531824611036,0.01,0.089716757,0.9829629131461592,0.37059047745480456
11313,0.1063963539211068,0.01,0.053160318124738384,0.9330127018930403,0.25000000000142186
11314,0.11158258683011191,0.01,0.027905678805636946,0.8535533905963006,0.14644660940975318
11315,0.11535439258211566,0.01,0.022045486,0.7499999999996915,0.066987298
11316,0.1073393053591074,0.01,0.05036975,0.6294095225534653,0.017037087
11317,0.12415527267012427,0.4,0.086786661,0.5000000000049216,0
11318,0.1513437057991518,0.9,0.16506209013534254,0.3705904774490145,0.017037087
11319,0.17853213892817843,0.9,0.24654667224780244,0.25000000000253186,0.066987298
11320,0.19959138771019935,0.9,0.34240267894516535,0.14644660941065946,0.14644660940279297
11321,0.21939336790822006,0.9,0.44997907074089577,0.066987298,0.24999999999919859
11322,0.2475247524752473,0.9,0.5103948653550997,0.017037086856388384,0.3705904774452967
11323,0.2685840012572691,0.9,0.5667643365424864,0,0.49999999999379674
11324,0.28917177432028973,0.9,0.6214594670015348,0.017037087,0.6294095225497476
11325,0.29938708156529925,0.9,0.5246267615459745,0.066987298,0.7499999999963582
11326,0.30630205877730665,0.9,0.4562578484721641,0.14644660940703158,0.853553391
11327,0.30944523023730985,0.9,0.3705874145388587,0.24999999999808858,0.9330127018911158
11328,0.31777463460631816,0.9,0.3131017161992466,0.3705904774440587,0.9829629131432799
11329,0.31950337890932046,0.9,0.2542207339193526,0.5,1
11330,0.3323903818953329,0.9,0.23538440072554764,0.6294095225485095,0.9829629131452713
11331,0.333019016,0.9,0.2937072694293289,0.7499999999952482,0.9330127018949628
11332,0.32296086751532327,0.9,0.3001255755546254,0.8535533905926729,0.8535533905938747
11333,0.31463146314631496,0.9,0.30403237058741456,0.933012702,0.7500000000030214
11334,0.30300172874430364,0.9,0.12083158922840799,0.9829629131429483,0.6294095225571793
11335,0.30095866729530174,0.9,0.067950328,1,0.5000000000014907
11336,0.29152915291529213,0.9,0.031812473838426114,0.982962913,0.3705904774527285
11337,0.2789564670752793,0.9,0.021766429,0.9330127018919656,0.24999999999956052
11338,0.2737702341662742,0.9,0.032649644202595224,0.853553391,0.1464466094082334
11339,0.2622976583372627,0.9,0.092367797,0.7500000000041314,0.066987298
11340,0.2506679239352505,0.9,0.28882377563834244,0.6294095225513893,0.017037086855500372
11341,0.24123840955524178,0.9,0.491698061,0.5000000000027723,0
11342,0.23400911519723389,0.9,0.49365145807171756,0.3705904774539665,0.017037086854065298
11343,0.22457960081722517,0.9,0.43504953257988005,0.2500000000006705,0.066987298
11344,0.21294986641521296,0.9,0.4600251151109251,0.14644660940913973,0.14644660940431276
11345,0.21404997642621426,0.9,0.44565369052602205,0.066987298,0.24999999999475875
11346,0.21845041647021946,0.75,0.4918375889493512,0.017037086855832106,0.3705904774473727
11347,0.22457960081722517,0.75,0.5381610157667085,0,0.5
11348,0.22976583372623027,0.9,0.5712292451513883,0.017037087,0.6294095225518235
11349,0.23715228665723798,0.9,0.6037393609599553,0.066987298,0.7499999999982195
11350,0.2382523966682384,0.75,0.6001116227152226,0.14644660940340648,0.853553391
11351,0.23526638378123588,0.75,0.6539695828101019,0.24999999999994993,0.9330127018921904
11352,0.22740845513122787,0.75,0.6033207757778708,0.37059047744613477,0.9829629131438362
11353,0.22285085651422287,0.9,0.4764894656062509,0.4999999999946643,1
11354,0.22520823510922616,0.9,0.3485419282824055,0.6294095225505856,0.982962913
11355,0.21420713499921407,0.9,0.28589367936375054,0.7499999999971095,0.9330127018938881
11356,0.21404997642621426,0.9,0.26008092646853637,0.8535533905890478,0.8535533905974998
11357,0.20949237780921015,0.4,0.1837588949351193,0.9330127018915496,0.75
11358,0.20839226779820796,0.75,0.10813450537184317,0.9829629131435045,0.6294095225551033
11359,0.20367751060820405,0.4,0.053160318124738384,1,0.5000000000066174
11360,0.20257740059720275,0.01,0.029021905957862425,0.9829629131450467,0.37059047745065243
11361,0.19833411912619825,0.01,0.019813031952002232,0.9330127018945289,0.25000000000400036
11362,0.19110482476819124,0.01,0.033626343,0.8535533905932612,0.14644660940671367
11363,0.18481848184818483,0.2,0.10590205106739221,0.75,0.066987298
11364,0.19220493477919254,0.75,0.37993581693874706,0.6294095225563412,0.017037086856827255
11365,0.19519094766619594,0.9,0.7173154736988977,0.5000000000006231,0
11366,0.19204777620619273,0.9,0.7611273894237477,0.37059047745189044,0.017037086854621575
11367,0.18890460474618953,0.75,0.691084136,0.25000000000511036,0.066987298
11368,0.19031903190319044,0.05,0.6881540393470071,0.14644660940761994,0.14644660940583248
11369,0.18890460474618953,0.9,0.5844844425840658,0.066987298,0.24999999999662004
11370,0.20273455917020344,0.2,0.5886702944049114,0.017037087,0.3705904774424208
11371,0.21279270784221316,0.01,0.6263429607925213,0,0.49999999999809525
11372,0.22866572371522897,0.01,0.6271801311566904,0.017037086854289896,0.6294095225468715
11373,0.23919534810623988,0.05,0.6295521138551695,0.066987298,0.7500000000000808
11374,0.2475247524752473,0.05,0.7410353006836891,0.14644660940492626,0.8535533905914738
11375,0.2509822410812519,0.01,0.8473559369331659,0.2499999999955101,0.933012702
11376,0.24202420242024258,0.05,0.7947537323845403,0.37059047744821083,0.9829629131443924
11377,0.22190790507622227,0.05,0.5515557415934143,0.4999999999968136,1
11378,0.20273455917020344,0.05,0.39221431561322734,0.6294095225456335,0.9829629131460418
11379,0.19707685054219715,0.05,0.34337937770336263,0.7499999999989709,0.9330127018928135
11380,0.19157630048719243,0.01,0.30933444956048556,0.8535533905905675,0.853553391
11381,0.18906176331918934,0.01,0.19659550718571228,0.9330127018889862,0.75
11382,0.18057520037718033,0.01,0.12055253244035162,0.9829629131440607,0.6294095225530272
11383,0.17900361464717962,0.01,0.052741733,1,0.5000000000044681
11384,0.17538896746817612,0.01,0.026510394865355103,0.9829629131444904,0.3705904774485764
11385,0.17538896746817612,0.01,0.018417748011720383,0.9330127018934543,0.25000000000213907
11386,0.17648907747917653,0.01,0.032510116,0.8535533905968864,0.14644660941033877
11387,0.18073235895018103,0.01,0.10729733500767406,0.7500000000004087,0.066987298
11388,0.18686154329718674,0.01,0.38272638481931076,0.6294095225542652,0.017037086856270978
11389,0.19629105767719635,0.01,0.7308497279196317,0.5000000000057497,0
11390,0.20729215778720755,0.01,0.7773126831310171,0.37059047744981444,0.017037086855177852
11391,0.21404997642621426,0.4,0.7300125575554625,0.25,0.066987298
11392,0.23636649379223718,0.4,0.6605274173294265,0.14644660941124504,0.14644660940220744
11393,0.27219864843627173,0.75,0.5998325659271662,0.066987298,0.24999999999848138
11394,0.30520194876630535,0.01,0.6116924794195618,0.017037086856602712,0.3705904774444968
11395,0.3407197862643412,0.01,0.6334589088879586,0,0.5000000000002446
11396,0.3649222065063653,0.2,0.6702944049113995,0.017037086854846117,0.6294095225489476
11397,0.3845670281313853,0.01,0.702385936,0.066987298,0.75
11398,0.41159830268741127,0.01,0.4406306683410074,0.14644660940644605,0.8535533905929935
11399,0.42385667138142447,0.05,0.7219199107018278,0.24999999999737144,0.9330127018907017
11400,0.41489863272041516,0.05,0.7761964559787916,0.3705904774432588,0.9829629131430655
11401,0.41615590130441626,0.05,0.5712292451513883,0.4999999999989629,1
11402,0.41599874273141646,0.05,0.41398074508162414,0.6294095225477095,0.9829629131454856
11403,0.41379852270941475,0.05,0.37170364169108416,0.75,0.9330127018953769
11404,0.41835612132641886,0.05,0.302078973,0.8535533905920872,0.8535533905944603
11405,0.41489863272041516,0.01,0.22226873168689829,0.9330127018900609,0.7500000000037386
11406,0.40704070407040804,0.01,0.3465885307660109,0.9829629131446169,0.6294095225509512
11407,0.40374037403740415,0.01,0.089716757,1,0.5000000000023188
11408,0.39321074964639413,0.01,0.033347286,0.9829629131458173,0.37059047745352847
11409,0.5844727329875847,0.01,0.028603321,0.9330127018923797,0.2500000000002778
11410,0.38786735816438833,0.01,0.035300684,0.8535533905953665,0.14644660940881898
11411,0.38126669809838143,0.01,0.10743686340170225,0.7500000000048486,0.066987298
11412,0.39116768819739134,0.01,0.39612111064601646,0.6294095225521892,0.017037087
11413,0.39698255539839655,0.01,0.7333612390121389,0.5000000000036005,0
11414,0.38802451673738814,0.01,0.8001953397516395,0.3705904774547664,0.017037087
11415,0.38016658808738013,0.4,0.7866610855309055,0.25000000000138767,0.066987298
11416,0.379537954,0.2,0.7018278219617692,0.14644660940972526,0.14644660940372722
11417,0.41144114411441146,0.05,0.6091809683270545,0.066987298,0.2500000000003427
11418,0.4590601917334598,0.05,0.6408539137714525,0.017037086856046435,0.3705904774465728
11419,0.49174917491749204,0.05,0.6640156271801311,0,0.49999999999511785
11420,0.5126512651265132,0.01,0.6648527975443003,0.017037086855402395,0.6294095225510237
11421,0.5315102938865315,0.75,0.6896888516813171,0.066987298,0.7499999999975023
11422,0.5420399182775424,0.75,0.7982419422352448,0.1464466094028209,0.8535533905893684
11423,0.5368536853685373,0.75,0.8949351192967768,0.24999999999923272,0.9330127018917763
11424,0.5148514851485149,0.75,0.8268452630110227,0.3705904774453348,0.9829629131436218
11425,0.49394939493949375,0.75,0.6123901213897027,0.49999999999383615,1
11426,0.4699041332704703,0.9,0.44314217943351475,0.6294095225497855,0.9829629131449293
11427,0.4532453245324537,0.9,0.4162131993860751,0.7499999999963923,0.9330127018943022
11428,0.4519880559484517,0.9,0.3683549602344077,0.853553391,0.8535533905929404
11429,0.4521452145214524,0.01,0.2349658155434631,0.9330127018911355,0.7500000000018772
11430,0.4457017130284462,0.01,0.1499930235802986,0.9829629131432901,0.6294095225559031
11431,0.4416155901304424,0.01,0.066415516,1,0.5000000000001695
11432,0.4508879459374513,0.01,0.030696246686200645,0.9829629131452611,0.37059047745145235
11433,0.4457017130284462,0.01,0.023719826984791404,0.933012702,0.25000000000471756
11434,0.4468018230394466,0.01,0.036277382,0.8535533905938468,0.14644660940729926
11435,0.4446016030174449,0.01,0.1078554485837868,0.7500000000029872,0.066987298
11436,0.4486877259154487,0.01,0.37421515278359146,0.6294095225571412,0.017037086857041583
11437,0.4463303473204472,0.01,0.7293149155853216,0.5000000000014512,0
11438,0.4499449944994498,0.9,0.8645179293986326,0.37059047745269036,0.017037086854407246
11439,0.4499449944994498,0.9,0.7757778707967071,0.24999999999952638,0.066987298
11440,0.4540311173974536,0.01,0.6746197851262732,0.14644660940820553,0.14644660940524695
11441,0.4664466446644666,0.9,0.6069485140226035,0.066987298,0.2499999999959029
11442,0.4856199905704863,0.9,0.6729454443979349,0.017037086855490158,0.37059047744864887
11443,0.5011786892975008,0.9,0.7122924515138831,0,0.49999999999726713
11444,0.5220807795065228,0.75,0.6959676294125854,0.017037087,0.6294095225460716
11445,0.5431400282885437,0.75,0.7240128366122506,0.066987298,0.7499999999993636
11446,0.5484834197705495,0.75,0.7948932607785684,0.14644660940434068,0.8535533905908882
11447,0.554141128,0.4,0.8639598158225199,0.2499999999947929,0.9330127018892129
11448,0.5462832,0.4,0.7735454164922562,0.3705904774474109,0.9829629131441782
11449,0.5242809995285245,0.75,0.6125296497837309,0.49999999999598543,1
11450,0.5033789093195042,0.75,0.47481512487791266,0.6294095225518617,0.982962913
11451,0.5046361779035053,0.75,0.4159341425980187,0.7499999999982536,0.9330127018932275
11452,0.506836398,0.75,0.4544439793497977,0.8535533905899819,0.8535533905965655
11453,0.5135942165645138,0.01,0.3775638342402679,0.9330127018922101,0.7500000000000159
11454,0.5003928964325008,0.01,0.24822101297614066,0.9829629131438464,0.6294095225538272
11455,0.48451988055948503,0.01,0.1487372680340449,1,0.5000000000052962
11456,0.4810623919534813,0.01,0.090135343,0.9829629131447047,0.37059047744937634
11457,0.454345435,0.01,0.057904284,0.9330127018938683,0.25000000000285627
11458,0.426842684,0.01,0.035300684,0.8535533905974719,0.14644660941092436
11459,0.40594059405940675,0.01,0.039905121,0.7500000000011259,0.066987298
11460,0.39823982398239854,0.01,0.082321752,0.6294095225550651,0.017037087
11461,0.39226779820839264,0.01,0.16659690246965256,0.5000000000065778,0
11462,0.40578343548640605,0.75,0.24766289940002792,0.37059047745061435,0.017037086854963523
11463,0.40594059405940675,0.75,0.3802148737268034,0.2500000000039662,0.066987298
11464,0.4225994027974225,0.75,0.45597879168410776,0.14644660940668575,0.14644660940676674
11465,0.4430300172874433,0.4,0.5469513045904841,0.066987298,0.24999999999776418
11466,0.4761904761904767,0.75,0.6016464350495325,0.017037087,0.3705904774436969
11467,0.5011786892975008,0.9,0.6659690246965257,0,0.4999999999994164
11468,0.5137513751375136,0.75,0.639040045,0.017037087,0.6294095225481476
11469,0.5216093037875216,0.75,0.6799218640993442,0.066987298,0.7499999999949238
11470,0.5359107339305367,0.75,0.6555043951444118,0.1464466094058604,0.853553391
11471,0.538425271,0.9,0.6479698618668899,0.24999999999665423,0.9330127018902876
11472,0.5359107339305367,0.9,0.6475512766848053,0.3705904774424589,0.9829629131428512
11473,0.5181518151815188,0.01,0.616296916,0.4999999999981347,1
11474,0.5044790193305047,0.01,0.5283940281847356,0.6294095225469096,0.982962913
11475,0.49457802923149474,0.75,0.47216408539137716,0.75,0.9330127018921529
11476,0.48766305201948823,0.75,0.5063485419282824,0.8535533905915016,0.8535533905950459
11477,0.48137670909948094,0.01,0.4876517371285057,0.9330127018896468,0.7500000000044558
11478,0.4856199905704863,0.4,0.46239709780940424,0.9829629131444027,0.6294095225517511
11479,0.48954895489549033,0.01,0.23957025254639316,1,0.5000000000031469
11480,0.48451988055948503,0.4,0.15920189758615877,0.9829629131460316,0.3705904774543284
11481,0.47933364765047903,0.4,0.094181666,0.9330127018927938,0.25
11482,0.48231966053748243,0.4,0.035440212,0.8535533905959521,0.14644660940940463
11483,0.4821625019644826,0.01,0.044649086089019116,0.7500000000055658,0.066987298
11484,0.4744617318874744,0.4,0.065438817,0.6294095225529891,0.017037086855929084
11485,0.4699041332704703,0.01,0.1335286730849728,0.5000000000044287,0
11486,0.4733616218764731,0.9,0.17161992465466722,0.37059047744853835,0.017037087
11487,0.47996228194248003,0.75,0.27110366959676296,0.25000000000210487,0.066987298
11488,0.4790193305044794,0.75,0.37547090832984514,0.1464466094103109,0.14644660940314158
11489,0.48797736916548784,0.75,0.45235105343937493,0.066987298,0.24999999999962547
11490,0.500235738,0.75,0.4985349518627041,0.017037086856260764,0.3705904774457729
11491,0.5065220807795066,0.9,0.5768103809125157,0,0.4999999999942897
11492,0.512808424,0.9,0.5985768103809125,0.017037086855188066,0.6294095225502236
11493,0.515951595,0.9,0.6070880424166317,0.066987298,0.7499999999967851
11494,0.5137513751375136,0.9,0.5787637784289102,0.1464466094022353,0.8535533905887829
11495,0.5115511551155119,0.9,0.5752755685782056,0.24999999999851552,0.9330127018913623
11496,0.5107653622505111,0.9,0.5131854332356635,0.3705904774445349,0.9829629131434074
11497,0.5047933364765052,0.9,0.31882238035440214,0.5,1
11498,0.5046361779035053,0.9,0.2621738523789591,0.6294095225489857,0.9829629131451436
11499,0.503536068,0.9,0.34226315055113715,0.7499999999956752,0.9330127018947163
11500,0.5022787993085029,0.9,0.3237058741453886,0.8535533905930214,0.8535533905935261
11501,0.49913562784849885,0.4,0.1908748430305567,0.9330127018907215,0.7500000000025944
11502,0.49913562784849885,0.4,0.10255336961071579,0.9829629131430757,0.6294095225567031
11503,0.49583529781549585,0.4,0.052044090972512905,1,0.5000000000009976
11504,0.49174917491749204,0.01,0.031254360262313374,0.9829629131454753,0.3705904774522523
11505,0.48546283199748563,0.01,0.019673503557974047,0.9330127018953571,0.25000000000543476
11506,0.4810623919534813,0.4,0.029580019533975165,0.8535533905944324,0.14644660940788484
11507,0.47996228194248003,0.75,0.10939026091809682,0.7500000000037044,0.066987298
11508,0.476033318,0.9,0.37449420957164786,0.6294095225509131,0.017037086855372807
11509,0.4749332076064756,0.9,0.6970838565648109,0.5000000000022794,0
11510,0.4710042432814716,0.9,0.7167573601227849,0.37059047745349033,0.017037086854192918
11511,0.4656608517994658,0.9,0.6022045486256453,0.2500000000002436,0.066987298
11512,0.4620462046204623,0.9,0.5136040184177479,0.14644660940879112,0.1464466094046613
11513,0.4609460946094619,0.9,0.4517929398632622,0.066987298,0.24999999999518563
11514,0.4587458745874584,0.9,0.4363052881261337,0.017037086855704542,0.3705904774478489
11515,0.4552883859814556,0.9,0.4227710339053998,0,0.49999999999643896
11516,0.4552883859814556,0.9,0.4120273475652296,0.017037086853861183,0.6294095225452716
11517,0.4530881659594539,0.9,0.3813311008790289,0.066987298,0.7499999999986464
11518,0.4499449944994498,0.9,0.281707828,0.1464466094037551,0.8535533905903026
11519,0.4395725286814405,0.9,0.191851542,0.25000000000037687,0.9330127018924369
11520,0.4373723086594379,0.9,0.17664294683968187,0.37059047744661094,0.9829629131439638
11521,0.4295143800094299,0.9,0.13576112738942375,0.4999999999951573,1
11522,0.43171460003143247,0.9,0.1643644481652016,0.6294095225510616,0.9829629131445874
11523,0.43171460003143247,0.9,0.10827403376587136,0.7499999999975365,0.9330127018936416
11524,0.430771649,0.9,0.1580856704339333,0.8535533905893964,0.8535533905971512
11525,0.43171460003143247,0.9,0.21180410213478443,0.9330127018917961,0.7500000000007331
11526,0.4284142699984286,0.9,0.063764476,0.982962913,0.629409523
11527,0.4225994027974225,0.9,0.046462955,1,0.5000000000061243
11528,0.41615590130441626,0.9,0.018417748011720383,0.9829629131449191,0.37059047745017626
11529,0.41489863272041516,0.9,0.013673782614762105,0.9330127018942824,0.2500000000035735
11530,0.38912462674838943,0.2,0.023580299,0.8535533905929126,0.14644660940636506
11531,0.3723086594373721,0.01,0.082600809,0.75,0.066987298
11532,0.3611504007543611,0.01,0.2644063066834101,0.6294095225558651,0.017037087
11533,0.3545497406883542,0.75,0.4968606111343659,0.5000000000001301,0
11534,0.3509350935093516,0.9,0.5127668480535789,0.37059047745141427,0.017037086854749195
11535,0.349363508,0.9,0.4301660387888936,0.25000000000468336,0.066987298
11536,0.3471632877573474,0.75,0.4498395423468676,0.1464466094072714,0.1464466094061811
11537,0.3471632877573474,0.4,0.43588670294404913,0.066987298,0.24999999999704697
11538,0.356592802,0.4,0.44453746337379657,0.017037086857031425,0.37059047744289697
11539,0.3655508407983654,0.01,0.47341984093763084,0,0.49999999999858824
11540,0.3845670281313853,0.4,0.4963024975582531,0.017037087,0.6294095225473477
11541,0.40154015401540155,0.01,0.5424863959815822,0.066987298,0.7500000000005078
11542,0.41411283985541436,0.4,0.5823915166736431,0.14644660940527482,0.8535533905918223
11543,0.42401382995442427,0.01,0.6913631924096554,0.24999999999593697,0.9330127018898735
11544,0.40798365550840865,0.4,0.6330403237058742,0.370590477,0.9829629131445201
11545,0.38472418670438513,0.4,0.46797823357053164,0.49999999999730654,1
11546,0.3545497406883542,0.75,0.3542625924375611,0.6294095225461097,0.9829629131459143
11547,0.3391482005343396,0.75,0.30221850146504814,0.7499999999993978,0.933012702
11548,0.3316045890303321,0.01,0.28770754848611696,0.8535533905909161,0.8535533905956314
11549,0.3372622976583375,0.01,0.18124738384261196,0.9330127018892327,0.75
11550,0.3308187961653313,0.01,0.12083158922840799,0.9829629131441884,0.629409523
11551,0.32406097752632457,0.01,0.055671829217245714,1,0.5000000000039752
11552,0.30865943737230817,0.01,0.033068229,0.982962913,0.3705904774551283
11553,0.29058620147729064,0.01,0.017022464,0.9330127018932078,0.25000000000171213
11554,0.2729844413012734,0.01,0.036277382,0.8535533905965378,0.1464466094099902
11555,0.2676410498192685,0.75,0.1088321473419841,0.7499999999999818,0.066987298
11556,0.2728272827282727,0.9,0.39095856006697366,0.629409523,0.017037086856143413
11557,0.27911362564827913,0.9,0.743965397,0.5000000000052568,0
11558,0.30944523023730985,0.9,0.8027068508441467,0.37059047744933826,0.017037086855305472
11559,0.325161088,0.9,0.7690805078833542,0.2500000000028221,0.066987298
11560,0.337576615,0.9,0.7032231059020511,0.1464466094108965,0.146446609
11561,0.3509350935093516,0.9,0.5924375610436724,0.066987298,0.24999999999890832
11562,0.3745088794593756,0.9,0.6135063485419282,0.017037086856475148,0.370590477
11563,0.38912462674838943,0.9,0.6405748569833961,0,0.49999999999346156
11564,0.39918277542040004,0.75,0.6361099483744942,0.017037086854973738,0.6294095225494237
11565,0.40389753261040395,0.9,0.6648527975443003,0.066987298,0.7499999999960679
11566,0.40939808266540956,0.9,0.7614064462118041,0.1464466094067946,0.8535533905933421
11567,0.41584158415841666,0.9,0.8765173712850565,0.24999999999779832,0.9330127018909482
11568,0.41568442558541596,0.9,0.7985209990233012,0.37059047744373497,0.9829629131431932
11569,0.41332704699041356,0.9,0.5800195339751639,0.4999999999994558,1
11570,0.41096966839541116,0.9,0.4173294265383006,0.6294095225481857,0.982962913
11571,0.40594059405940675,0.9,0.3637505232314776,0.75,0.9330127018951304
11572,0.40358321546440346,0.9,0.34240267894516535,0.8535533905924358,0.8535533905941117
11573,0.40358321546440346,0.9,0.29873029161434356,0.9330127018903074,0.7500000000033116
11574,0.40264026402640285,0.9,0.13408678666108553,0.9829629131428614,0.629409523
11575,0.40169731258840136,0.9,0.064880703,1,0.5000000000018259
11576,0.40279742259940265,0.9,0.032370587414538854,0.9829629131456897,0.3705904774530523
11577,0.40374037403740415,0.9,0.021208315892284082,0.9330127018921333,0.24999999999985079
11578,0.40374037403740415,0.9,0.039765592298032656,0.8535533905950179,0.14644660940847043
11579,0.40704070407040804,0.9,0.11385516952699874,0.7500000000044216,0.066987298
11580,0.40594059405940675,0.9,0.3933305427654528,0.629409523,0.017037086855587136
11581,0.40374037403740415,0.9,0.7513604018417748,0.5000000000031075,0
11582,0.40374037403740415,0.9,0.7798241942235244,0.37059047745429025,0.017037087
11583,0.40484048404840456,0.9,0.7678247523371006,0.2500000000009608,0.066987298
11584,0.40798365550840865,0.9,0.7065717873587275,0.1464466094093767,0.14644660940407572
11585,0.40892660694640925,0.9,0.6155992744523511,0.066987298,0.24999999999446848
11586,0.41426999842841417,0.9,0.6161573880284638,0.017037087,0.370590477
11587,0.41741316988841737,0.9,0.6324822101297614,0,0.49999999999561084
11588,0.41851327989941867,0.9,0.663178457,0.017037086855530015,0.6294095225514997
11589,0.41741316988841737,0.9,0.7030835775080229,0.066987298,0.7499999999979292
11590,0.4196133899104191,0.9,0.7823357053160318,0.1464466094031695,0.853553391
11591,0.4196133899104191,0.9,0.9147481512487791,0.24999999999965966,0.9330127018920229
11592,0.41945623133741927,0.9,0.8050788335426259,0.370590477,0.9829629131437494
11593,0.4196133899104191,0.9,0.604995117,0.49999999999432915,1
11594,0.41945623133741927,0.9,0.491698061,0.6294095225502618,0.9829629131448017
11595,0.42275656137042317,0.9,0.404074229,0.7499999999968193,0.9330127018940557
11596,0.4273141599874273,0.75,0.37728477745221156,0.8535533905888107,0.8535533905977368
11597,0.4329718686154336,0.75,0.2698479140505093,0.933012702,0.7500000000014504
11598,0.4351720886374353,0.4,0.15389981861308774,0.9829629131434177,0.629409523
11599,0.4362721986484366,0.01,0.1088321473419841,1,0.4999999999996766
11600,0.4384724186704392,0.01,0.061392493,0.9829629131451334,0.3705904774509762
11601,0.4373723086594379,0.01,0.042974745,0.9330127018946965,0.2500000000042907
11602,0.4452302373094459,0.01,0.051206920608343795,0.8535533905934982,0.1464466094069507
11603,0.457645765,0.01,0.12180828798660527,0.7500000000025602,0.066987298
11604,0.4856199905704863,0.01,0.3778428910283243,0.6294095225566649,0.017037087
11605,0.48451988055948503,0.01,0.7068508441467839,0.5000000000009582,0
11606,0.5000785792865003,0.4,0.8296358308915864,0.3705904774522142,0.017037086854534866
11607,0.5148514851485149,0.75,0.8148458211245988,0.2500000000054006,0.066987298
11608,0.5315102938865315,0.01,0.6733640295800195,0.14644660940785698,0.1464466094055955
11609,0.5462832,0.01,0.639040045,0.066987298,0.24999999999632977
11610,0.56718529,0.2,0.6859215850425562,0.017037086855362593,0.37059047744912504
11611,0.577714914,0.2,0.7378261476210408,0,0.49999999999776007
11612,0.5821153543925823,0.2,0.734896051,0.017037086854203132,0.6294095225465478
11613,0.5821153543925823,0.2,0.7466164364448165,0.066987298,0.7499999999997906
11614,0.5756718528995761,0.75,0.7948932607785684,0.14644660940468923,0.8535533905912368
11615,0.5714285714285716,0.01,0.8996790846937351,0.24999999999521982,0.9330127018894595
11616,0.561999057,0.75,0.7975443002651039,0.3705904774478871,0.9829629131443056
11617,0.5417256011315419,0.75,0.6555043951444118,0.49999999999647843,1
11618,0.5261669024045266,0.01,0.4918375889493512,0.6294095225453098,0.9829629131461286
11619,0.5148514851485149,0.75,0.46769917678247525,0.7499999999986806,0.933012702
11620,0.48986327204148994,0.9,0.4328170782754291,0.8535533905903305,0.853553391
11621,0.48546283199748563,0.9,0.35216966652713827,0.9330127018924566,0.75
11622,0.48656294200848693,0.9,0.24110506488070324,0.982962913,0.6294095225533509
11623,0.49127769919849085,0.9,0.1406446211804102,1,0.5000000000048033
11624,0.48121955052648113,0.9,0.077996372,0.9829629131445772,0.37059047744890017
11625,0.4645607417884645,0.4,0.050648807,0.9330127018936218,0.2500000000024294
11626,0.4446016030174449,0.4,0.036277382,0.8535533905971233,0.1464466094105758
11627,0.4328147100424329,0.01,0.046881540393470075,0.75,0.066987298
11628,0.42385667138142447,0.01,0.089298172,0.6294095225545889,0.017037087
11629,0.41489863272041516,0.01,0.17650341844565368,0.5000000000060849,0
11630,0.40028288543140045,0.05,0.2853355657876378,0.3705904774501382,0.017037086855091088
11631,0.39588244538739614,0.05,0.3816101576670853,0.2500000000035393,0.066987298
11632,0.39352506679239374,0.05,0.4905818334030975,0.1464466094063372,0.1464466094071153
11633,0.40814081408140845,0.01,0.5876935956467141,0.066987298,0.2499999999981911
11634,0.4351720886374353,0.2,0.6673643086368075,0.017037086856689476,0.37059047744417306
11635,0.4508879459374513,0.01,0.7298730291614344,0,0.49999999999990935
11636,0.4563884959924569,0.75,0.724291893,0.017037087,0.6294095225486238
11637,0.4620462046204623,0.9,0.7002930096274591,0.066987298,0.7499999999953507
11638,0.4604746188904607,0.4,0.738663318,0.14644660940620902,0.8535533905927566
11639,0.4645607417884645,0.05,0.7460583228687038,0.24999999999708117,0.9330127018905341
11640,0.4519880559484517,0.05,0.7072694293288684,0.37059047744293505,0.9829629131429788
11641,0.42967153858243057,0.01,0.6891307381052044,0.4999999999986277,1
11642,0.41222693697941226,0.05,0.5549044230500907,0.6294095225473858,0.9829629131455724
11643,0.39431085965739454,0.05,0.48430305567182924,0.75,0.9330127018919064
11644,0.3787521609303792,0.05,0.451653411,0.8535533905918502,0.8535533905946973
11645,0.3644507307873641,0.01,0.4125854611413423,0.9330127018898933,0.7500000000040288
11646,0.3514065692283519,0.9,0.2678945165341147,0.9829629131445303,0.6294095225512749
11647,0.3543925821153544,0.9,0.16003906795032788,1,0.5
11648,0.3553355335533559,0.9,0.094600251,0.9829629131459041,0.3705904774538522
11649,0.3531353135313533,0.9,0.075345333,0.9330127018925473,0.25
11650,0.3465346534653464,0.75,0.046183898,0.8535533905956035,0.14644660940905602
11651,0.3452773848813462,0.9,0.039347007,0.7500000000051388,0.066987298
11652,0.3430771648593436,0.9,0.073950049,0.6294095225525129,0.017037086855801464
11653,0.33144743045733227,0.9,0.13185433235663457,0.5000000000039356,0
11654,0.3345906019173346,0.9,0.2166875959257709,0.3705904774550902,0.017037086853764205
11655,0.32736130755932846,0.9,0.3071019952560346,0.25,0.066987298
11656,0.31887474461731946,0.9,0.4061671550160458,0.1464466094099623,0.1464466094034902
11657,0.32186075750432197,0.9,0.48151248779126554,0.066987298,0.2500000000000524
11658,0.3334904919063342,0.9,0.551416213,0.017037087,0.37059047744624907
11659,0.3441772748703449,0.75,0.6129482349658155,0,0.4999999999947827
11660,0.3504636177903504,0.9,0.6517371285056509,0.017037086855315686,0.6294095225506998
11661,0.356592802,0.9,0.6672247802427794,0.066987298,0.75
11662,0.3586358635863589,0.9,0.654109111,0.14644660940258386,0.8535533905891315
11663,0.3586358635863589,0.9,0.6422491977117343,0.24999999999894246,0.9330127018916088
11664,0.3503064592173506,0.9,0.6169945583926328,0.37059047744501106,0.9829629131435351
11665,0.3451202263083455,0.9,0.5212780800892981,0.5,1
11666,0.3386767248153393,0.4,0.43365424863959817,0.6294095225494618,0.982962913
11667,0.3323903818953329,0.4,0.34058881,0.7499999999961021,0.9330127018944698
11668,0.32091780606632136,0.4,0.27473140784149575,0.8535533905933701,0.8535533905931776
11669,0.30834512022630856,0.01,0.18417748011720383,0.933012702,0.7500000000021675
11670,0.29152915291529213,0.01,0.10659969303753314,0.9829629131432034,0.629409523
11671,0.28524280999528573,0.01,0.051485977396400165,1,0.5000000000005047
11672,0.2734559170202737,0.01,0.030975303474257015,0.9829629131453478,0.37059047745177615
11673,0.2677982083922683,0.01,0.016324822101297615,0.9330127018951107,0.2500000000050079
11674,0.25884017,0.01,0.033486814566764334,0.8535533905940837,0.1464466094075363
11675,0.2522395096652521,0.01,0.10813450537184317,0.7500000000032775,0.066987298
11676,0.244381581,0.01,0.38007534533277526,0.629409523,0.017037086857128347
11677,0.22882288228822878,0.01,0.7499651179014929,0.5000000000017863,0
11678,0.21625019644821597,0.01,0.8719129342821264,0.3705904774530141,0.017037086854320482
11679,0.20839226779820796,0.01,0.7429886982000837,0.24999999999981665,0.066987298
11680,0.21059248782021145,0.2,0.6421096693177061,0.1464466094084425,0.14644660940500992
11681,0.22253653936822326,0.05,0.5823915166736431,0.066987298,0.24999999999561257
11682,0.2465818010372467,0.05,0.5994139807450816,0.017037087,0.3705904774483251
11683,0.2674838912462678,0.05,0.643504953,0,0.49999999999693195
11684,0.2802137356592813,0.01,0.6229942793358448,0.017037086853988748,0.6294095225457479
11685,0.29592959295929644,0.01,0.6860611134365843,0.066987298,0.7499999999990734
11686,0.31054534024831026,0.05,0.7554067252685921,0.14644660940410364,0.8535533905906512
11687,0.32076064749332156,0.01,0.8611692479419562,0.24999999999450262,0.9330127018890454
11688,0.31966053748232026,0.05,0.8246128087065717,0.37059047744708706,0.9829629131440913
11689,0.30331604589030325,0.05,0.5822519882796149,0.49999999999565026,1
11690,0.27612761276127573,0.01,0.46532719408399614,0.6294095225515379,0.9829629131444597
11691,0.2594688040232591,0.01,0.3968187526161574,0.7499999999979634,0.9330127018933951
11692,0.2395096652522395,0.05,0.35496023440770197,0.8535533905897449,0.8535533905968027
11693,0.22583686940122627,0.01,0.2570113017999163,0.9330127018920426,0.7500000000003062
11694,0.21436429357221387,0.01,0.14957443839821402,0.9829629131437596,0.629409523
11695,0.20477762061920535,0.01,0.066275987,1,0.5000000000056314
11696,0.19739116768819764,0.01,0.030277662,0.9829629131447915,0.3705904774497001
11697,0.18906176331918934,0.01,0.018975861587833123,0.933012702,0.2500000000031465
11698,0.18277542039918293,0.01,0.035998326,0.8535533905977088,0.1464466094111614
11699,0.17868929750117912,0.01,0.11120413004046324,0.7500000000014162,0.066987298
11700,0.17444601603017507,0.01,0.38551695269987446,0.6294095225553888,0.017037087
11701,0.18717586044318724,0.01,0.7634993721222268,0.4999999999996371,0
11702,0.19157630048719243,0.01,0.8779126552253383,0.3705904774509381,0.017037087
11703,0.19330504479019384,0.2,0.7501046462955211,0.2500000000042565,0.066987298
11704,0.22850856514222917,0.75,0.6068089856285754,0.14644660940692278,0.1464466094065297
11705,0.2602545968882599,0.75,0.5964838844704897,0.066987298,0.2499999999974739
11706,0.28634292,0.75,0.6026231338077298,0.017037086856903805,0.37059047744337315
11707,0.30834512022630856,0.9,0.6515976001116227,0,0.49999999999908123
11708,0.3367908219393372,0.9,0.654109111,0.017037086854545025,0.6294095225478239
11709,0.3536067892503536,0.01,0.7090832984512347,0.066987298,0.7499999999946336
11710,0.3702655979883702,0.9,0.7796846658294962,0.14644660940562343,0.853553391
11711,0.38016658808738013,0.01,0.9383284498395423,0.24999999999636396,0.933012702
11712,0.39651107967939714,0.01,0.8135900655783451,0.3705904774491632,0.9829629131446476
11713,0.40845513122740895,0.01,0.6245290916701548,0.49999999999779954,1
11714,0.41379852270941475,0.01,0.41537602902190596,0.6294095225465859,0.9829629131457867
11715,0.4196133899104191,0.01,0.3867727082461281,0.7499999999998248,0.9330127018923204
11716,0.426842684,0.9,0.33165899260499515,0.8535533905912647,0.8535533905952829
11717,0.434071979,0.01,0.29970699037254084,0.9330127018894792,0.75
11718,0.4414584315574417,0.75,0.1837588949351193,0.9829629131443158,0.6294095225520748
11719,0.4474304573314476,0.4,0.071857123,1,0.5000000000034821
11720,0.4530881659594539,0.75,0.03739361,0.9829629131461184,0.3705904774546521
11721,0.5844727329875847,0.01,0.028603321,0.9330127018929614,0.2500000000012852
11722,0.4530881659594539,0.9,0.036695968,0.8535533905961892,0.1464466094096416
11723,0.4541882759704552,0.9,0.12125017441049253,0.7499999999995548,0.066987298
11724,0.4604746188904607,0.75,0.3377982419422353,0.6294095225533128,0.017037086856015793
11725,0.4519880559484517,0.01,0.6931770615320217,0.5000000000047639,0
11726,0.4373723086594379,0.01,0.7760569275847635,0.3705904774488621,0.017037086855433037
11727,0.40798365550840865,0.01,0.7035021626901075,0.2500000000023952,0.066987298
11728,0.38692440672638684,0.01,0.7111762243616576,0.14644660941054788,0.1464466094029046
11729,0.38802451673738814,0.05,0.595228129,0.066987298,0.2499999999993352
11730,0.38786735816438833,0.05,0.6185293707269429,0.017037086856347528,0.37059047744544915
11731,0.40484048404840456,0.01,0.6658294963024975,0,0.4999999999939545
11732,0.41379852270941475,0.01,0.6848053578903307,0.017037086855101302,0.6294095225498999
11733,0.42778563570642847,0.01,0.7114552811497139,0.066987298,0.7499999999964948
11734,0.4295143800094299,0.01,0.8131714803962606,0.14644660940714316,0.8535533905936907
11735,0.4362721986484366,0.75,0.9355378819589786,0.24999999999822525,0.9330127018911947
11736,0.430771649,0.9,0.8703781219478164,0.37059047744421114,0.9829629131433207
11737,0.4351720886374353,0.9,0.6203432398493093,0.4999999999999488,1
11738,0.426842684,0.9,0.45862983117064327,0.6294095225486619,0.9829629131452304
11739,0.41426999842841417,0.9,0.38272638481931076,0.7499999999953849,0.9330127018948838
11740,0.3837812352663845,0.9,0.3419840937630808,0.8535533905927843,0.8535533905937631
11741,0.3352192362093356,0.9,0.22687316868982838,0.9330127018905539,0.7500000000028847
11742,0.29797265440829834,0.01,0.17985209990233011,0.982962913,0.6294095225570269
11743,0.2593116454502593,0.75,0.084135622,1,0.5000000000013328
11744,0.23196605374823198,0.2,0.034882099,0.9829629131455622,0.3705904774525761
11745,0.21184975640421255,0.4,0.023998883772847774,0.9330127018955248,0.2500000000057251
11746,0.19723400911519784,0.01,0.03474257,0.8535533905946694,0.14644660940812182
11747,0.18481848184818483,0.01,0.11483186828519605,0.7500000000039946,0.066987298
11748,0.17994656608518023,0.4,0.3834240267894517,0.6294095225512368,0.017037087
11749,0.1680025145371684,0.4,0.7390819031672945,0.5000000000026146,0
11750,0.16548797736916576,0.01,0.8636807590344635,0.3705904774538141,0.017037086854106154
11751,0.15794436586515825,0.01,0.7281986884330961,0.25000000000053385,0.066987298
11752,0.1612446958981617,0.05,0.6818752616157387,0.14644660940902815,0.14644660940442433
11753,0.17428885745717437,0.01,0.603460304,0.066987298,0.24999999999489536
11754,0.19031903190319044,0.01,0.6423887261057625,0.017037087,0.37059047744752516
11755,0.19943422913719955,0.01,0.6599693037533138,0,0.4999999999961038
11756,0.21200691497721236,0.01,0.6956885726245291,0.017037087,0.6294095225449479
11757,0.22850856514222917,0.01,0.737965676,0.066987298,0.7499999999983562
11758,0.23620933521923648,0.01,0.8159620482768243,0.14644660940351806,0.8535533905900656
11759,0.2465818010372467,0.01,0.9101437142458491,0.2500000000000866,0.9330127018922694
11760,0.24045261669024098,0.01,0.8737268034044928,0.37059047744628715,0.9829629131438771
11761,0.22473675939022497,0.05,0.6432258964699316,0.49999999999482214,1
11762,0.21515008643721556,0.01,0.4858378680061393,0.6294095225507379,0.9829629131446741
11763,0.20619204777620626,0.01,0.42137574996511795,0.7499999999972462,0.9330127018938092
11764,0.19597674053119674,0.4,0.3758894935119297,0.8535533905891592,0.8535533905973882
11765,0.18277542039918293,0.01,0.2863122645458351,0.9330127018916285,0.7500000000010234
11766,0.17586044318717642,0.01,0.19115389981861308,0.9829629131435453,0.6294095225549508
11767,0.16548797736916576,0.01,0.1134365843449142,1,0.5000000000064595
11768,0.1471004243281473,0.01,0.056927585,0.9829629131450058,0.37059047745050006
11769,0.13877101995913899,0.01,0.043114274,0.9330127018944501,0.25000000000386374
11770,0.12635549269212687,0.01,0.045486256453188226,0.8535533905931496,0.1464466094066021
11771,0.1111111111111116,0.01,0.11287847076880146,0.7500000000021334,0.066987298
11772,0.10938236680810975,0.01,0.3652853355657877,0.6294095225561889,0.017037086856786454
11773,0.10938236680810975,0.01,0.6875959257708943,0.5000000000004653,0
11774,0.10419613389910465,0.01,0.7994976977814985,0.370590477,0.017037087
11775,0.1063963539211068,0.01,0.7026649923259383,0.2500000000049737,0.066987298
11776,0.10623919534810655,0.01,0.676712711,0.14644660940750837,0.14644660940594412
11777,0.15212949866415215,0.2,0.595228129,0.066987298,0.2499999999967567
11778,0.18591859185918613,0.01,0.6723873308218222,0.017037086857118133,0.3705904774425732
11779,0.21609303787521617,0.75,0.696386215,0,0.49999999999825306
11780,0.23416627377023458,0.75,0.7346169945583926,0.017037086854330696,0.629409523
11781,0.2500392896432504,0.4,0.7498255895074647,0.066987298,0.7500000000002175
11782,0.2602545968882599,0.75,0.8325659271661783,0.1464466094050378,0.8535533905915853
11783,0.2679553669652681,0.9,0.9115389981861308,0.2499999999956467,0.933012702
11784,0.2687411598302689,0.9,0.8061950606948514,0.3705904774483632,0.9829629131444333
11785,0.2707842212792708,0.9,0.6387609878610296,0.49999999999697137,1
11786,0.2707842212792708,0.9,0.5130459048416353,0.629409523,0.982962913
11787,0.2690554769762694,0.9,0.43295660666945723,0.7499999999991075,0.9330127018927346
11788,0.2723558070092733,0.9,0.5169526998744244,0.853553391,0.8535533905958684
11789,0.2792707842212798,0.9,0.5127668480535789,0.9330127018890652,0.7500000000054632
11790,0.28477133427628454,0.9,0.2660806474117483,0.9829629131441016,0.6294095225528747
11791,0.28917177432028973,0.9,0.17510813450537183,1,0.5000000000043103
11792,0.29372937293729384,0.9,0.1134365843449142,0.9829629131444495,0.370590477
11793,0.29137199434229144,0.9,0.072275708,0.9330127018933754,0.2500000000020024
11794,0.29592959295929644,0.9,0.049951165062090144,0.8535533905967747,0.1464466094102272
11795,0.29702970297029774,0.9,0.056648528,0.75,0.066987298
11796,0.29812981298129904,0.9,0.093484024,0.6294095225541128,0.017037086856230177
11797,0.29922992299229945,0.4,0.16841077159201898,0.5,0
11798,0.29938708156529925,0.9,0.24082600809264684,0.370590477,0.017037086855218708
11799,0.29718686154329754,0.9,0.3403097530347426,0.2500000000031124,0.066987298
11800,0.30488763162030574,0.9,0.4262592437561044,0.14644660941113352,0.14644660940231896
11801,0.31164545025931245,0.9,0.482628715,0.066987298,0.24999999999861805
11802,0.32956152758133017,0.9,0.5197432677549881,0.017037086856561856,0.37059047744464924
11803,0.3363193462203369,0.9,0.53174271,0,0.5000000000004023
11804,0.3374194562313382,0.9,0.4812334310032092,0.017037086854886974,0.629409523
11805,0.3363193462203369,0.9,0.482628715,0.066987298,0.7499999999957777
11806,0.3374194562313382,0.9,0.5027208036835495,0.14644660940655757,0.8535533905931051
11807,0.3319189061763317,0.9,0.5077438258685643,0.24999999999750805,0.9330127018907806
11808,0.325161088,0.9,0.49379098646574576,0.3705904774434112,0.9829629131431064
11809,0.31840326889831827,0.9,0.5092786382028742,0.49999999999912065,1
11810,0.31903190319031927,0.9,0.44481652016185297,0.629409523,0.9829629131454447
11811,0.31054534024831026,0.9,0.3514720245569974,0.7499999999946677,0.933012702
11812,0.29938708156529925,0.9,0.3266359704199805,0.8535533905921988,0.8535533905943486
11813,0.29482948294829514,0.9,0.3877494070043254,0.9330127018901397,0.7500000000036019
11814,0.28445701713028493,0.9,0.39374912794753736,0.9829629131446578,0.6294095225507987
11815,0.2679553669652681,0.75,0.19854890470210687,1,0.5
11816,0.2544397296872547,0.4,0.12180828798660527,0.9829629131457764,0.37059047745337603
11817,0.23306616375923417,0.01,0.077717315,0.9330127018923008,0.2500000000001411
11818,0.21294986641521296,0.9,0.056788056,0.853553391,0.14644660940870746
11819,0.19833411912619825,0.01,0.05734617,0.7500000000047118,0.066987298
11820,0.19220493477919254,0.01,0.074647691,0.6294095225520367,0.017037087
11821,0.18261826182618313,0.01,0.13017999162829635,0.5000000000034427,0
11822,0.16391639163916416,0.01,0.16841077159201898,0.37059047745461404,0.017037086853891825
11823,0.1419141914191422,0.01,0.24333751918515414,0.25000000000125105,0.066987298
11824,0.13091309130913098,0.01,0.32593832844983955,0.14644660940961374,0.14644660940383875
11825,0.13421342134213443,0.01,0.4342123622157109,0.066987298,0.2500000000004794
11826,0.1511865472261511,0.01,0.4658853076601089,0.017037087,0.37059047744672524
11827,0.17130284457017142,0.01,0.5053718431700851,0,0.49999999999527567
11828,0.18371837183718442,0.01,0.5145807171759452,0.017037087,0.629409523
11829,0.19739116768819764,0.01,0.4985349518627041,0.066987298,0.75
11830,0.20383466918120474,0.05,0.4736988977256872,0.14644660940293247,0.8535533905894801
11831,0.21169259783121186,0.05,0.4907213617971257,0.2499999999993694,0.9330127018918553
11832,0.21294986641521296,0.01,0.39933026370866476,0.37059047744548723,0.9829629131436627
11833,0.19849127769919805,0.05,0.2705455560206502,0.49999999999399397,1
11834,0.18387553041018423,0.01,0.22422212920329287,0.6294095225499381,0.9829629131448885
11835,0.17224579600817247,0.05,0.2430584623970978,0.75,0.9330127018942234
11836,0.17035989313217037,0.01,0.32440351611552953,0.8535533905937185,0.853553391
11837,0.16910262454816927,0.05,0.3165899260499512,0.9330127018912144,0.7500000000017406
11838,0.1612446958981617,0.05,0.16855029998604715,0.982962913,0.6294095225557508
11839,0.1588873173031593,0.05,0.10087902888237757,1,0.5000000000000118
11840,0.1510293886531513,0.01,0.05469513,0.9829629131452202,0.37059047745129997
11841,0.1411283985541414,0.01,0.041579461,0.9330127018948642,0.25000000000458095
11842,0.13767090994813813,0.05,0.044090972512906376,0.8535533905937351,0.14644660940718768
11843,0.13877101995913899,0.01,0.113297056,0.7500000000028506,0.066987298
11844,0.14222850856514224,0.05,0.35496023440770197,0.6294095225569887,0.017037086857000783
11845,0.1533867672481537,0.01,0.6603878889353983,0.5000000000012934,0
11846,0.1625019644821628,0.01,0.8250313938886563,0.370590477,0.017037086854448102
11847,0.17240295458117272,0.01,0.8281010185572764,0.2500000000056909,0.066987298
11848,0.18261826182618313,0.01,0.666945723,0.14644660940809395,0.14644660940535847
11849,0.20619204777620626,0.01,0.5596483884470489,0.066987298,0.2499999999960395
11850,0.23605217664623668,0.75,0.6079252127808009,0.017037086855449357,0.3705904774488013
11851,0.266698098,0.75,0.6051346449002372,0,0.4999999999974249
11852,0.29027188433129103,0.9,0.584623971,0.017037086854116368,0.6294095225462241
11853,0.30315888731730345,0.75,0.6656899679084693,0.066987298,0.7499999999995003
11854,0.30740216878830706,0.4,0.7434072833821682,0.14644660940445225,0.8535533905909998
11855,0.30850227879930836,0.2,0.8341007395004884,0.24999999999492956,0.933012702
11856,0.30425899732830475,0.01,0.8091251569694432,0.3705904774475633,0.982962913
11857,0.2855571271412862,0.01,0.5790428352169666,0.49999999999614325,1
11858,0.261511865,0.01,0.41649225617413144,0.629409523,0.9829629131462154
11859,0.2578972182932584,0.01,0.34519324682572905,0.7499999999983904,0.9330127018931487
11860,0.24233851956624308,0.05,0.28226594111901776,0.8535533905900935,0.8535533905964541
11861,0.22567971082822558,0.01,0.18780521836193664,0.933012702,0.7499999999998792
11862,0.20729215778720755,0.01,0.10799497697781499,0.9829629131438873,0.6294095225536747
11863,0.19519094766619594,0.01,0.04953258,1,0.5000000000051384
11864,0.17633191890617672,0.01,0.030835775,0.982962913,0.37059047744922397
11865,0.1637592330661639,0.01,0.017301521,0.9330127018937895,0.2500000000027196
11866,0.15228665723715284,0.01,0.031533417050369744,0.8535533905973604,0.14644660941081278
11867,0.13562784849913623,0.01,0.10283242639877216,0.7500000000009892,0.066987298
11868,0.12525538268112557,0.01,0.3750523231477606,0.6294095225549128,0.017037086856444505
11869,0.10623919534810655,0.01,0.7424305846239709,0.5000000000064201,0
11870,0.09366651,0.01,0.8307520580438119,0.3705904774504619,0.017037087
11871,0.091780607,0.05,0.6831310171619924,0.25000000000382955,0.066987298
11872,0.1071821467861076,0.05,0.7083856564810939,0.14644660940657422,0.14644660940687826
11873,0.1510293886531513,0.05,0.5828101018557276,0.066987298,0.24999999999790085
11874,0.18246110325318243,0.01,0.5854611413422631,0.017037087,0.3705904774438493
11875,0.21907905076221867,0.05,0.6457374075624389,0,0.4999999999995742
11876,0.2508250825082512,0.2,0.6289940002790567,0.017037086854672645,0.6294095225483001
11877,0.2633977683482631,0.01,0.6800613924933724,0.066987298,0.7499999999950604
11878,0.2674838912462678,0.05,0.7809404213757499,0.14644660940597204,0.8535533905925196
11879,0.2644978783592653,0.05,0.9288405190456258,0.2499999999967909,0.9330127018903666
11880,0.2560113154172563,0.4,0.8502860332077578,0.3705904774426113,0.9829629131428921
11881,0.247681911,0.75,0.627738245,0.49999999999829253,1
11882,0.2523966682382528,0.9,0.43309613506348543,0.6294095225470621,0.9829629131456591
11883,0.2498821310702506,0.9,0.35175108134505373,0.7500000000002517,0.933012702
11884,0.2498821310702506,0.9,0.3200781359006558,0.8535533905916133,0.8535533905949343
11885,0.2509822410812519,0.9,0.2147341984093763,0.9330127018897256,0.7500000000043191
11886,0.2497249724972499,0.9,0.140505093,0.9829629131444435,0.6294095225515987
11887,0.2487820210592493,0.9,0.06083438,1,0.5000000000029892
11888,0.2486248624862486,0.9,0.032510116,0.9829629131459908,0.37059047745417595
11889,0.247681911,0.9,0.020371145528114972,0.9330127018927148,0.2500000000008583
11890,0.2486248624862486,0.9,0.031254360262313374,0.8535533905958406,0.14644660940929305
11891,0.2487820210592493,0.9,0.10492535230919492,0.7500000000054291,0.066987298
11892,0.2428099952852425,0.75,0.37156411329705596,0.6294095225528367,0.017037086855888228
11893,0.21090680496621106,0.75,0.6677828938188921,0.5000000000042708,0
11894,0.18371837183718442,0.01,0.6772708246128086,0.3705904774483859,0.017037086855560657
11895,0.1596731101681601,0.05,0.6700153481233431,0.25000000000196826,0.066987298
11896,0.18356121326418373,0.05,0.7297335007674062,0.14644660941019932,0.14644660940325316
11897,0.22945151658022978,0.01,0.5931352030138133,0.066987298,0.24999999999976213
11898,0.2611975483262614,0.05,0.6073670992046881,0.017037086856219963,0.3705904774459253
11899,0.28099952852428123,0.4,0.6395981582251988,0,0.4999999999944475
11900,0.29577243438629575,0.4,0.6585740198130319,0.017037086855228922,0.6294095225503761
11901,0.30708785164230745,0.4,0.6951304590484163,0.066987298,0.7499999999969218
11902,0.31258840169731217,0.2,0.7736849448862844,0.14644660940234688,0.8535533905888943
11903,0.31274556027031375,0.2,0.8954932328728896,0.2499999999986522,0.9330127018914411
11904,0.30111582586830155,0.2,0.8377284777452211,0.3705904774446873,0.9829629131434483
11905,0.2758132956152761,0.4,0.5973210548346588,0.5000000000004418,1
11906,0.254282571,0.4,0.44565369052602205,0.6294095225491381,0.9829629131451028
11907,0.2402954581172403,0.4,0.4079810241384122,0.7499999999958118,0.9330127018946374
11908,0.2421813609932424,0.01,0.32789172596623417,0.853553391,0.8535533905934145
11909,0.2453245324532456,0.75,0.2148737268034045,0.9330127018908003,0.7500000000024578
11910,0.2520823510922523,0.9,0.11999441886423888,0.9829629131431166,0.6294095225565507
11911,0.2572685840012574,0.75,0.064183061,1,0.5000000000008399
11912,0.2596259625962607,0.9,0.028184735593693316,0.9829629131454345,0.3705904774520999
11913,0.2497249724972499,0.9,0.016743407,0.9330127018952782,0.2500000000052981
11914,0.2440672638692445,0.9,0.031672945,0.8535533905943208,0.14644660940777326
11915,0.22740845513122787,0.4,0.10729733500767406,0.7500000000035678,0.066987298
11916,0.19739116768819764,0.01,0.3790986465745779,0.6294095225507607,0.017037087
11917,0.20163444915920214,0.01,0.7445235105343937,0.5000000000021215,0
11918,0.18717586044318724,0.01,0.81498535,0.37059047745333795,0.017037086854233774
11919,0.18261826182618313,0.4,0.7369889772568717,0.2500000000001069,0.066987298
11920,0.20367751060820405,0.4,0.7086647132691503,0.14644660940867954,0.14644660940477294
11921,0.2407669338362406,0.4,0.6089019115389982,0.066987298,0.2499999999953223
11922,0.2685840012572691,0.75,0.6380633458908888,0.017037086855663686,0.37059047744800133
11923,0.28634292,0.75,0.6673643086368075,0,0.4999999999965968
11924,0.30425899732830475,0.75,0.6688991209711176,0.017037087,0.6294095225454241
11925,0.31494578029231546,0.75,0.6802009208874006,0.066987298,0.7499999999987831
11926,0.31573157315731626,0.75,0.8007534533277522,0.14644660940386667,0.8535533905904142
11927,0.31164545025931245,0.75,0.9446072275708106,0.2500000000005135,0.9330127018925158
11928,0.30425899732830475,0.9,0.8601925491837589,0.3705904774467633,0.9829629131440045
11929,0.29891560584629984,0.9,0.6190874843030556,0.4999999999953151,1
11930,0.29247210435329274,0.9,0.4717455002092926,0.6294095225512142,0.9829629131445465
11931,0.29027188433129103,0.9,0.4159341425980187,0.7499999999976732,0.9330127018935628
11932,0.28634292,0.9,0.4767685223943073,0.8535533905895079,0.8535533905970396
11933,0.2802137356592813,0.9,0.43030556718292173,0.933012702,0.7500000000005964
11934,0.2769134056262774,0.9,0.1663178456815962,0.9829629131436729,0.6294095225544747
11935,0.2723558070092733,0.9,0.076322032,1,0.5000000000059666
11936,0.270627063,0.9,0.038509837,0.9829629131448783,0.3705904774500239
11937,0.2701555869872698,0.75,0.024277940560904144,0.9330127018942036,0.2500000000034368
11938,0.2566399497092573,0.9,0.031672945,0.8535533905979459,0.14644660941139837
11939,0.2509822410812519,0.01,0.099483745,0.7500000000017064,0.066987298
11940,0.22882288228822878,0.01,0.3541230640435329,0.6294095225557126,0.017037086856658834
11941,0.21200691497721236,0.01,0.7263848193107297,0.4999999999999723,0
11942,0.19833411912619825,0.4,0.8910283242639877,0.37059047745126183,0.017037086854789996
11943,0.18481848184818483,0.2,0.747035022,0.2500000000045468,0.066987298
11944,0.19440515480119425,0.05,0.6783870517650341,0.1464466094071598,0.14644660940629267
11945,0.21059248782021145,0.05,0.6139249337240128,0.066987298,0.2499999999971836
11946,0.22520823510922616,0.01,0.6697362913352867,0.017037087,0.37059047744304935
11947,0.24092409240924129,0.01,0.7286172736151807,0,0.5
11948,0.2577400597202586,0.01,0.7293149155853216,0.017037086854458316,0.6294095225475002
11949,0.2688983184032696,0.01,0.741732943,0.066987298,0.7499999999943432
11950,0.27801351563727783,0.2,0.8020092088740058,0.1464466094053864,0.8535533905919339
11951,0.28005657708627973,0.2,0.8698200083717036,0.2499999999960737,0.9330127018899524
11952,0.2728272827282727,0.2,0.7981024138412166,0.3705904774488394,0.9829629131445609
11953,0.2577400597202586,0.75,0.6848053578903307,0.49999999999746436,1
11954,0.23636649379223718,0.4,0.5149993023580298,0.6294095225462621,0.9829629131458735
11955,0.23432343234323438,0.4,0.4160736709920469,0.7499999999995345,0.9330127018924881
11956,0.21609303787521617,0.4,0.41565508580996235,0.8535533905910276,0.8535533905955199
11957,0.22945151658022978,0.01,0.3309613506348542,0.9330127018893116,0.7500000000050363
11958,0.22740845513122787,0.01,0.2808706571787359,0.9829629131442292,0.6294095225523986
11959,0.22363664937922367,0.01,0.13799358169387468,1,0.5000000000038173
11960,0.22143642935722196,0.01,0.068368913,0.9829629131462052,0.37059047745497586
11961,0.22285085651422287,0.01,0.045346728,0.9330127018931289,0.2500000000015755
11962,0.21515008643721556,0.01,0.030277662,0.8535533905964261,0.14644660940987864
11963,0.21200691497721236,0.01,0.038509837,0.75,0.066987298
11964,0.20383466918120474,0.01,0.080228827,0.6294095225536366,0.017037086856102557
11965,0.18921892189219003,0.01,0.14664434212362215,0.5,0
11966,0.17586044318717642,0.05,0.2508720524626762,0.37059047744918583,0.017037086855346273
11967,0.161716172,0.05,0.4188642388726106,0.2500000000026854,0.066987298
11968,0.17460317460317487,0.01,0.49393051485977396,0.1464466094107849,0.14644660940266757
11969,0.19801980198019864,0.01,0.5648109390260918,0.066987298,0.24999999999904493
11970,0.22395096652522417,0.01,0.614064462,0.017037087,0.3705904774451254
11971,0.2580543768662582,0.01,0.7149434910004185,0,0.4999999999936193
11972,0.2677982083922683,0.01,0.671410632,0.017037086855014594,0.6294095225495762
11973,0.2835140656922843,0.01,0.7060136737826147,0.066987298,0.7499999999962046
11974,0.29702970297029774,0.01,0.6860611134365843,0.14644660940690618,0.8535533905934537
11975,0.30205877730630215,0.05,0.6596902469652574,0.24999999999793499,0.933012702
11976,0.29577243438629575,0.2,0.6550858099623273,0.3705904774438874,0.982962913
11977,0.27911362564827913,0.2,0.6543881679921864,0.49999999999961364,1
11978,0.2497249724972499,0.2,0.5906236919213059,0.6294095225483382,0.9829629131453171
11979,0.23306616375923417,0.01,0.46532719408399614,0.7499999999950946,0.9330127018950514
11980,0.22410812509822398,0.05,0.537044789,0.8535533905925474,0.853553391
11981,0.19519094766619594,0.01,0.5674619785126273,0.9330127018903862,0.75
11982,0.18921892189219003,0.01,0.32733361239012143,0.9829629131429023,0.6294095225573506
11983,0.18481848184818483,0.01,0.17496860611134366,1,0.5
11984,0.17963224893917973,0.01,0.090414399,0.9829629131456489,0.37059047745289986
11985,0.17428885745717437,0.01,0.052323147760569275,0.9330127018920543,0.24999999999971417
11986,0.17020273455917057,0.01,0.026370866471326918,0.8535533905949064,0.14644660940835885
11987,0.16910262454816927,0.01,0.019673503557974047,0.7500000000042849,0.066987298
11988,0.1680025145371684,0.01,0.044370029300962746,0.6294095225515606,0.017037087
11989,0.1585730001571588,0.01,0.094321194,0.5000000000029498,0
11990,0.1533867672481537,0.05,0.208455421,0.37059047745413787,0.017037087
11991,0.14395725286814454,0.2,0.37728477745221156,0.2500000000008241,0.066987298
11992,0.18136099324218202,0.05,0.45276963862145947,0.14644660940926513,0.14644660940418736
11993,0.21609303787521617,0.05,0.5240686479698619,0.066987298,0.2499999999946051
11994,0.2464246424642469,0.05,0.5734616994558392,0.017037086855878014,0.3705904774472014
11995,0.2743988684582752,0.05,0.6748988419143296,0,0.4999999999957686
11996,0.30190161873330235,0.05,0.6312264545835077,0.017037086855570815,0.6294095225516522
11997,0.3355335533553361,0.05,0.6659690246965257,0.066987298,0.7499999999980659
11998,0.3531353135313533,0.05,0.6301102274312822,0.14644660940328108,0.8535533905898286
11999,0.3631934622033639,0.05,0.6369471187386633,0.24999999999979633,0.9330127018921017
12000,0.3619361936193628,0.01,0.580856704,0.3705904774459634,0.9829629131437903
12001,0.3482633977683487,0.01,0.5208594949072136,0.49999999999448697,1
12002,0.32736130755932846,0.01,0.38928421933863544,0.6294095225504142,0.9829629131447608
12003,0.30205877730630215,0.01,0.323984931,0.75,0.9330127018939768
12004,0.28948609146629023,0.05,0.24961629691642248,0.8535533905889223,0.8535533905976251
12005,0.27911362564827913,0.01,0.17566624808148457,0.9330127018914609,0.7500000000013136
12006,0.2717271727172723,0.01,0.10492535230919492,0.9829629131434585,0.6294095225552746
12007,0.2591544868772595,0.01,0.054276545276963864,1,0.4999999999995188
12008,0.2402954581172403,0.01,0.024138412,0.9829629131450925,0.3705904774508238
12009,0.23416627377023458,0.01,0.016324822101297615,0.9330127018946177,0.25
12010,0.21719314788621746,0.01,0.027626622017580576,0.8535533905933866,0.14644660940683912
12011,0.20619204777620626,0.01,0.097111762,0.7500000000024236,0.066987298
12012,0.18466132327518503,0.01,0.3658434491419004,0.6294095225565126,0.017037086856873163
12013,0.17916077322017943,0.01,0.7452211525045347,0.5000000000008005,0
12014,0.1680025145371684,0.4,0.8363331938049393,0.3705904774520618,0.017037086854575667
12015,0.16454502593116516,0.75,0.8041021347844286,0.25,0.066987298
12016,0.17460317460317487,0.75,0.6736430863680759,0.1464466094077454,0.14644660940570708
12017,0.19597674053119674,0.75,0.5851820845542067,0.066987298,0.24999999999646644
12018,0.21515008643721556,0.75,0.5935537881958979,0.017037086855321737,0.3705904774492775
12019,0.23510922520823607,0.9,0.6183898423329147,0,0.4999999999979179
12020,0.2517680339462527,0.9,0.6206222966373657,0.017037086854243988,0.6294095225467002
12021,0.2695269526952697,0.75,0.6815962048276824,0.066987298,0.7499999999999273
12022,0.2758132956152761,0.75,0.7551276684805358,0.1464466094048008,0.8535533905913484
12023,0.27911362564827913,0.75,0.8854471885028603,0.24999999999535644,0.9330127018895384
12024,0.27911362564827913,0.75,0.8007534533277522,0.37059047744803947,0.9829629131443465
12025,0.2723558070092733,0.75,0.5765313241244593,0.4999999999966362,1
12026,0.247681911,0.75,0.40756243895632766,0.6294095225454622,0.9829629131460877
12027,0.22882288228822878,0.05,0.33277521975722063,0.7499999999988173,0.9330127018929022
12028,0.21625019644821597,0.05,0.27096414120273477,0.853553391,0.8535533905961055
12029,0.21184975640421255,0.01,0.18515417887540114,0.9330127018925356,0.7499999999994523
12030,0.20053433914820085,0.01,0.11455281149713968,0.9829629131440147,0.6294095225531986
12031,0.21389281785321446,0.01,0.053718431700851124,1,0.5000000000046455
12032,0.22552255225522577,0.01,0.02609181,0.9829629131445363,0.37059047744874773
12033,0.2402954581172403,0.75,0.01562718,0.933012702,0.25000000000229267
12034,0.2572685840012574,0.9,0.03557974,0.8535533905970117,0.14644660941046422
12035,0.2701555869872698,0.9,0.10771592018975862,0.7500000000005622,0.066987298
12036,0.2813138456702817,0.9,0.3867727082461281,0.6294095225544365,0.017037086856316885
12037,0.29137199434229144,0.9,0.7760569275847635,0.5000000000059271,0
12038,0.29027188433129103,0.75,0.9030277661504116,0.37059047744998574,0.017037086855131944
12039,0.29137199434229144,0.4,0.8095437421515278,0.25000000000340267,0.066987298
12040,0.30818796165330875,0.9,0.6902469652574299,0.1464466094113705,0.14644660940208198
12041,0.3345906019173346,0.75,0.6013673782614761,0.066987298,0.24999999999832778
12042,0.3653936822253656,0.9,0.6430863680759035,0.017037087,0.37059047744432544
12043,0.37938079522237933,0.4,0.6574577926608064,0,0.5000000000000672
12044,0.41206977840641246,0.4,0.6486675038370308,0.017037087,0.6294095225487762
12045,0.4284142699984286,0.01,0.68285196,0.066987298,0.7499999999954874
12046,0.4403583215464413,0.05,0.7721501325519743,0.1464466094063206,0.853553391
12047,0.4471161401854471,0.05,0.903306823,0.24999999999721778,0.933012702
12048,0.4373723086594379,0.05,0.8643784010046044,0.3705904774430875,0.9829629131430196
12049,0.42479962281942507,0.01,0.6702944049113995,0.49999999999878547,1
12050,0.40908376551940995,0.05,0.4619785126273197,0.6294095225475382,0.9829629131455315
12051,0.39965425113939945,0.05,0.3998883772847775,0.7499999999943774,0.9330127018954655
12052,0.39116768819739134,0.05,0.497697781,0.8535533905919619,0.8535533905945857
12053,0.38598145528838623,0.01,0.3899818613087764,0.9330127018899722,0.7500000000038922
12054,0.3823668081093827,0.01,0.13869122366401562,0.9829629131445711,0.6294095225511225
12055,0.37969511236837983,0.01,0.067531743,1,0.5000000000024962
12056,0.3765519409083775,0.01,0.032370587414538854,0.9829629131458633,0.3705904774536998
12057,0.367122427,0.01,0.023719826984791404,0.9330127018924683,0.2500000000004313
12058,0.3587930221593596,0.01,0.032789173,0.853553391,0.14644660940894444
12059,0.3587930221593596,0.01,0.10729733500767406,0.7500000000050021,0.066987298
12060,0.349363508,0.01,0.38007534533277526,0.6294095225523605,0.017037086855760664
12061,0.3482633977683487,0.01,0.737965676,0.5000000000037779,0
12062,0.3503064592173506,0.05,0.7971257150830193,0.3705904774549378,0.017037087
12063,0.3441772748703449,0.01,0.7616855029998605,0.2500000000015413,0.066987298
12064,0.3631934622033639,0.01,0.7089437700572067,0.14644660940985071,0.14644660940360177
12065,0.40154015401540155,0.01,0.6492256174131436,0.066987298,0.25000000000018907
12066,0.4439729687254439,0.05,0.6598297753592856,0.017037086856092343,0.3705904774464015
12067,0.4732044633034733,0.01,0.6783870517650341,0,0.49999999999494044
12068,0.503536068,0.01,0.6856425282544998,0.017037086855356487,0.6294095225508523
12069,0.5205091937765203,0.01,0.7127110366959676,0.066987298,0.7499999999973487
12070,0.5315102938865315,0.01,0.7789870238593554,0.14644660940269544,0.853553391
12071,0.5399968568285405,0.05,0.9134923957025254,0.24999999999907913,0.9330127018916876
12072,0.5388967468175392,0.01,0.842891028,0.3705904774451635,0.982962913
12073,0.5216093037875216,0.05,0.6270406027626622,0.4999999999936588,1
12074,0.500235738,0.01,0.44021208315892285,0.6294095225496142,0.9829629131449752
12075,0.49284928492849334,0.05,0.37142458490302777,0.7499999999962388,0.9330127018943909
12076,0.49080622347949143,0.01,0.3320775777870797,0.8535533905934816,0.8535533905930659
12077,0.48970611346849013,0.01,0.23147760569275846,0.9330127018910468,0.7500000000020308
12078,0.49002043061449063,0.01,0.14078414957443838,0.9829629131432442,0.6294095225560745
12079,0.49347791922049433,0.01,0.073391935,1,0.5
12080,0.48656294200848693,0.01,0.033486814566764334,0.9829629131453069,0.37059047745162377
12081,0.48231966053748243,0.75,0.019533975163945862,0.9330127018950317,0.2500000000048712
12082,0.4719471947194722,0.01,0.033486814566764334,0.8535533905939723,0.1464466094074247
12083,0.4563884959924569,0.75,0.10827403376587136,0.7500000000031408,0.066987298
12084,0.4496306773534502,0.01,0.38356355518347984,0.6294095225573125,0.017037087
12085,0.4350149300644355,0.01,0.7452211525045347,0.5000000000016286,0
12086,0.4394153701084398,0.4,0.8456815962048276,0.3705904774528617,0.017037087
12087,0.434071979,0.01,0.7499651179014929,0.24999999999967998,0.066987298
12088,0.4530881659594539,0.01,0.7697781498534951,0.14644660940833099,0.1464466094051215
12089,0.47996228194248003,0.01,0.6132272917538719,0.066987298,0.24999999999574923
12090,0.5011786892975008,0.75,0.632203153,0.017037086855536065,0.3705904774484775
12091,0.5033789093195042,0.9,0.6866192270126971,0,0.4999999999970897
12092,0.49709256639949695,0.9,0.6762941258546113,0.017037086854029604,0.6294095225459002
12093,0.49127769919849085,0.9,0.7164783033347286,0.066987298,0.75
12094,0.48907747917648914,0.9,0.7996372261755267,0.14644660940421522,0.8535533905907627
12095,0.48247681911048224,0.9,0.9340030696246686,0.2499999999946393,0.9330127018891243
12096,0.476033318,0.9,0.8579600948793079,0.3705904774472395,0.9829629131441322
12097,0.465503693,0.9,0.6793637505232315,0.4999999999958081,1
12098,0.4530881659594539,0.9,0.4674201199944189,0.6294095225516902,0.982962913
12099,0.4430300172874433,0.9,0.422910562,0.7499999999981001,0.9330127018933163
12100,0.42275656137042317,0.9,0.5306264824891865,0.8535533905898565,0.853553391
12101,0.41159830268741127,0.75,0.3573322171061811,0.9330127018921215,0.7500000000001695
12102,0.3713657079993715,0.01,0.1487372680340449,0.9829629131438005,0.6294095225539985
12103,0.3389910419613389,0.01,0.078275429,1,0.5000000000054736
12104,0.29797265440829834,0.01,0.03823078,0.9829629131447506,0.3705904774495477
12105,0.2644978783592653,0.01,0.022324543044509555,0.9330127018939571,0.2500000000030099
12106,0.2382523966682384,0.01,0.035719269,0.8535533905975974,0.1464466094110498
12107,0.21939336790822006,0.01,0.10018138691223664,0.7500000000012794,0.066987298
12108,0.20257740059720275,0.01,0.3576112738942375,0.6294095225552365,0.017037087
12109,0.19487663052019544,0.01,0.6988977256871773,0.4999999999994793,0
12110,0.18686154329718674,0.01,0.8833542625924375,0.3705904774507857,0.017037086854917616
12111,0.18591859185918613,0.05,0.7640574856983395,0.2500000000041198,0.066987298
12112,0.20037718057520015,0.05,0.6489465606250872,0.1464466094068112,0.14644660940664128
12113,0.22520823510922616,0.01,0.6324822101297614,0.066987298,0.24999999999761052
12114,0.254911205,0.01,0.674480257,0.017037087,0.3705904774435255
12115,0.28524280999528573,0.05,0.72889633,0,0.5
12116,0.30378752160930445,0.05,0.7283382168271243,0.017037087,0.6294095225479763
12117,0.3204463303473202,0.05,0.7131296218780522,0.066987298,0.7499999999947702
12118,0.3352192362093356,0.2,0.8103809125156969,0.14644660940573495,0.8535533905922825
12119,0.3419770548483423,0.01,0.87316869,0.24999999999650058,0.9330127018901989
12120,0.3419770548483423,0.75,0.7838705176503418,0.37059047744931556,0.9829629131446884
12121,0.32956152758133017,0.75,0.6673643086368075,0.4999999999979573,1
12122,0.31604589030331676,0.75,0.4986744802567323,0.6294095225467383,0.9829629131457458
12123,0.30740216878830706,0.75,0.4065857401981303,0.7499999999999614,0.9330127018922416
12124,0.31054534024831026,0.75,0.38928421933863544,0.8535533905913762,0.8535533905951713
12125,0.31494578029231546,0.01,0.3457513604018418,0.9330127018895581,0.7500000000046094
12126,0.3284614175703289,0.01,0.22491977117343379,0.9829629131443567,0.6294095225519224
12127,0.3352192362093356,0.01,0.13324961629691642,1,0.5000000000033243
12128,0.340876945,0.75,0.07646156,0.9829629131460775,0.3705904774544997
12129,0.3564356435643563,0.01,0.059299567,0.9330127018928824,0.2500000000011485
12130,0.3628791450573634,0.01,0.033347286,0.8535533905960775,0.14644660940953003
12131,0.371051391,0.75,0.038091252,0.7500000000057194,0.066987298
12132,0.3774948923463781,0.01,0.071717595,0.6294095225531604,0.017037086855974992
12133,0.38802451673738814,0.4,0.1552951025533696,0.5,0
12134,0.39431085965739454,0.9,0.23970978094042136,0.37059047744870965,0.017037086855473893
12135,0.39541096966839584,0.9,0.3785405329984652,0.2500000000022585,0.066987298
12136,0.40248310545340305,0.4,0.4745360680898563,0.14644660941043636,0.14644660940301613
12137,0.41521294986641566,0.75,0.5391377145249058,0.066987298,0.24999999999947187
12138,0.4339148200534342,0.2,0.6157388028463792,0.017037087,0.3705904774456016
12139,0.4508879459374513,0.9,0.6725268592158504,0,0.4999999999941123
12140,0.4666038032374664,0.4,0.6528533556578764,0.017037087,0.6294095225500523
12141,0.48451988055948503,0.01,0.6652713827263848,0.066987298,0.7499999999966316
12142,0.48970611346849013,0.75,0.6695967629412585,0.14644660940210985,0.8535533905886574
12143,0.49913562784849885,0.4,0.8123343100320916,0.24999999999836192,0.9330127018912735
12144,0.4867201005814876,0.01,0.6190874843030556,0.3705904774443636,0.9829629131433616
12145,0.4730473047304735,0.01,0.5819729314915585,0.5000000000001066,1
12146,0.4452302373094459,0.01,0.4710478582391517,0.6294095225488143,0.9829629131451896
12147,0.42385667138142447,0.01,0.3954234686758756,0.7499999999955216,0.9330127018948049
12148,0.40814081408140845,0.05,0.4152365006278778,0.853553391,0.8535533905936515
12149,0.38802451673738814,0.01,0.3951444118878192,0.9330127018906327,0.75
12150,0.3543925821153544,0.01,0.24347704757918234,0.9829629131430299,0.6294095225568744
12151,0.3356907119283359,0.01,0.14734198409376306,1,0.5000000000011751
12152,0.31903190319031927,0.01,0.086507604,0.9829629131455213,0.3705904774524237
12153,0.31054534024831026,0.2,0.066973629,0.9330127018954457,0.2500000000055884
12154,0.31777463460631816,0.01,0.026370866471326918,0.8535533905945578,0.1464466094080103
12155,0.33034732044633097,0.9,0.023859355,0.75,0.066987298
12156,0.3523495206663525,0.9,0.046183898,0.6294095225510844,0.017037086855418715
12157,0.3666509508093676,0.01,0.08776336,0.5000000000024567,0
12158,0.3778092094923786,0.9,0.15306264824891866,0.3705904774536617,0.017037087
12159,0.38283828382838303,0.9,0.24780242779405606,0.25000000000039724,0.066987298
12160,0.39745403111739774,0.9,0.34240267894516535,0.14644660940891652,0.1464466094045359
12161,0.41709885274241776,0.9,0.47328031254360264,0.066987298,0.24999999999503203
12162,0.4477447744774481,0.9,0.5180689270266499,0.017037087,0.3705904774476776
12163,0.4801194405154807,0.9,0.5812752895214176,0,0.4999999999962616
12164,0.5146943265755151,0.75,0.5964838844704897,0.017037086853815275,0.6294095225451003
12165,0.5346534653465356,0.9,0.5790428352169666,0.066987298,0.7499999999984929
12166,0.5484834197705495,0.01,0.5902051067392214,0.14644660940362964,0.8535533905901772
12167,0.5525695426685533,0.9,0.6015069066555043,0.25000000000022327,0.9330127018923482
12168,0.5525695426685533,0.9,0.5613227291753872,0.3705904774464396,0.9829629131439179
12169,0.5410969668395409,0.01,0.48472164085391384,0.4999999999949799,1
12170,0.5220807795065228,0.75,0.4081205525324404,0.6294095225508903,0.9829629131446334
12171,0.5082508250825089,0.01,0.33612390121389707,0.7499999999973829,0.9330127018937303
12172,0.48656294200848693,0.75,0.26942932886842474,0.8535533905892709,0.8535533905972766
12173,0.4647179003614643,0.01,0.21264127249895354,0.9330127018917074,0.7500000000008866
12174,0.4453873958824457,0.01,0.14497000139528393,0.9829629131435862,0.6294095225547984
12175,0.42967153858243057,0.2,0.071159481,1,0.5000000000063017
12176,0.41835612132641886,0.01,0.034463513,0.9829629131449651,0.3705904774503476
12177,0.41804180418041836,0.75,0.023440770196735034,0.9330127018943711,0.2500000000037271
12178,0.40688354549740646,0.9,0.031672945,0.853553391,0.1464466094064905
12179,0.40169731258840136,0.9,0.093204967,0.7500000000019966,0.066987298
12180,0.39116768819739134,0.9,0.3235663457513604,0.6294095225560364,0.017037086856745598
12181,0.38173817381738173,0.9,0.5741593414259801,0.5000000000003075,0
12182,0.3713657079993715,0.9,0.6455978791684107,0.37059047745158563,0.017037086854703287
12183,0.3622505107653624,0.9,0.5290916701548765,0.25,0.066987298
12184,0.3619361936193628,0.9,0.4508162411050649,0.1464466094073968,0.14644660940605564
12185,0.3661794750903664,0.9,0.4343518906097391,0.066987298,0.24999999999689332
12186,0.3702655979883702,0.9,0.43616575973210553,0.017037086857077333,0.3705904774427256
12187,0.3734087694483734,0.9,0.47035021626901075,0,0.4999999999984108
12188,0.3765519409083775,0.9,0.4656062508720525,0.017037086854371553,0.6294095225471763
12189,0.3778092094923786,0.9,0.4711873866331799,0.066987298,0.7500000000003542
12190,0.3781235266383782,0.75,0.46225756941537605,0.14644660940514942,0.853553391
12191,0.38126669809838143,0.9,0.4979768382865914,0.24999999999578337,0.9330127018897849
12192,0.3754518308973753,0.9,0.48444258406585744,0.37059047744851564,0.9829629131444741
12193,0.3723086594373721,0.9,0.35523929119575837,0.4999999999971292,1
12194,0.3666509508093676,0.9,0.2754290498116367,0.6294095225459384,0.9829629131459602
12195,0.3644507307873641,0.9,0.23831449700013954,0.7499999999992442,0.9330127018926557
12196,0.3598931321703609,0.9,0.2065020231617134,0.8535533905907906,0.8535533905957569
12197,0.3587930221593596,0.9,0.17315473698897724,0.9330127018891441,0.7500000000053266
12198,0.3597359735973593,0.9,0.098227989,0.9829629131441424,0.6294095225527223
12199,0.3620933521923626,0.9,0.044788614,1,0.5000000000041525
12200,0.3609932421813613,0.9,0.021766429,0.9829629131444088,0.37059047744827156
12201,0.3609932421813613,0.9,0.016882935677410355,0.9330127018932965,0.2500000000018658
12202,0.3628791450573634,0.9,0.031952002,0.8535533905966632,0.1464466094101156
12203,0.3650793650793651,0.9,0.099344217,0.7500000000001353,0.066987298
12204,0.3631934622033639,0.9,0.3595646714106321,0.6294095225539603,0.017037087
12205,0.3636649379223633,0.9,0.6407143853774243,0.5000000000054342,0
12206,0.3598931321703609,0.9,0.660108832,0.37059047744950957,0.017037086855259564
12207,0.3576929121483574,0.9,0.6453188223803543,0.25000000000297573,0.066987298
12208,0.3523495206663525,0.9,0.6409934421654806,0.1464466094110219,0.1464466094024306
12209,0.3473204463303481,0.9,0.5509976280173015,0.066987298,0.24999999999875466
12210,0.3514065692283519,0.9,0.5504395144411888,0.017037086856521055,0.3705904774448016
12211,0.3545497406883542,0.9,0.5991349239570253,0,0.5000000000005601
12212,0.3520352035203529,0.9,0.6035998325659271,0.017037087,0.6294095225492524
12213,0.3608360836083615,0.9,0.6520161852937072,0.066987298,0.7499999999959143
12214,0.3608360836083615,0.9,0.7683828659132134,0.14644660940666915,0.8535533905932167
12215,0.3620933521923626,0.75,0.8871215292311985,0.24999999999764472,0.9330127018908595
12216,0.3554926921263557,0.4,0.8057764755127668,0.37059047744356366,0.9829629131431472
12217,0.3547068992613549,0.4,0.5738802846379237,0.49999999999927847,1
12218,0.32013201320132056,0.4,0.40449281428770756,0.6294095225480144,0.9829629131454038
12219,0.30205877730630215,0.4,0.34714664434212367,0.7499999999948044,0.933012702
12220,0.29372937293729384,0.05,0.3457513604018418,0.8535533905923104,0.8535533905942372
12221,0.27487034417727463,0.4,0.20636249476768523,0.9330127018902187,0.7500000000034652
12222,0.2696841112682704,0.01,0.1188781917120134,0.9829629131446986,0.6294095225506463
12223,0.2633977683482631,0.01,0.056229943,1,0.5000000000020032
12224,0.2456388495992452,0.2,0.034323985,0.9829629131457356,0.3705904774532236
12225,0.23620933521923648,0.01,0.017301521,0.9330127018922219,0.25000000000000444
12226,0.22567971082822558,0.01,0.033626343,0.8535533905951433,0.14644660940859588
12227,0.21515008643721556,0.01,0.1078554485837868,0.7500000000045752,0.066987298
12228,0.20682068206820725,0.01,0.3830054416073671,0.6294095225518843,0.017037086855633043
12229,0.20257740059720275,0.01,0.7612669178177759,0.5000000000032849,0
12230,0.19377652050919414,0.05,0.8276824333751919,0.3705904774544616,0.017037087
12231,0.19110482476819124,0.05,0.7708943770057206,0.2500000000011144,0.066987298
12232,0.21169259783121186,0.01,0.6905260220454862,0.1464466094095021,0.14644660940395032
12233,0.24202420242024258,0.01,0.6195060694851402,0.066987298,0.24999999999431483
12234,0.27911362564827913,0.01,0.6591321333891447,0.017037086855964778,0.3705904774468777
12235,0.31494578029231546,0.01,0.6945723454723036,0,0.49999999999543343
12236,0.3341191261983343,0.4,0.6305288126133668,0.017037086855484107,0.6294095225513284
12237,0.3419770548483423,0.01,0.7000139528394028,0.066987298,0.7499999999977757
12238,0.3545497406883542,0.4,0.732663597,0.14644660940304405,0.8535533905895916
12239,0.3554926921263557,0.4,0.9323287288963303,0.25,0.9330127018919341
12240,0.356592802,0.01,0.8607506627598716,0.37059047744563967,0.9829629131437034
12241,0.3525066792393523,0.01,0.6236919213059857,0.49999999999415173,1
12242,0.31478862171931565,0.4,0.4524905818334031,0.6294095225500904,0.9829629131448476
12243,0.29372937293729384,0.4,0.3970978094042138,0.7499999999966657,0.9330127018941444
12244,0.28539996856828553,0.01,0.32900795311845965,0.8535533905886853,0.8535533905978623
12245,0.2600974383152601,0.01,0.22826845263011022,0.9330127018912933,0.7500000000016039
12246,0.2574257425742572,0.01,0.1278080089298172,0.9829629131433718,0.6294095225555983
12247,0.24233851956624308,0.01,0.057904284,1,0.49999999999985395
12248,0.22677982083922688,0.01,0.031393889,0.9829629131451794,0.3705904774511476
12249,0.21625019644821597,0.01,0.018417748011720383,0.9330127018947852,0.2500000000044443
12250,0.20163444915920214,0.01,0.031533417050369744,0.8535533905936237,0.14644660940707616
12251,0.20163444915920214,0.01,0.10325101158085671,0.7500000000027138,0.066987298
12252,0.20147729058620145,0.01,0.38244732803125436,0.6294095225568364,0.017037086856959927
12253,0.21829325789721787,0.01,0.7468954932328729,0.5000000000011356,0
12254,0.2465818010372467,0.01,0.8994000279056787,0.37059047745238555,0.017037086854488903
12255,0.2644978783592653,0.75,0.7986605274173294,0.2500000000055542,0.066987298
12256,0.29137199434229144,0.75,0.7415934142598019,0.14644660940798238,0.1464466094054701
12257,0.3339619676253336,0.9,0.6577368494488628,0.066987298,0.24999999999617617
12258,0.3688511708313693,0.9,0.6969443281707828,0.017037087,0.3705904774489537
12259,0.3837812352663845,0.9,0.6790846937351751,0,0.4999999999975827
12260,0.40169731258840136,0.9,0.7061532021766429,0.017037086854157224,0.6294095225463765
12261,0.42165645135942276,0.9,0.7311287847076879,0.066987298,0.75
12262,0.4362721986484366,0.9,0.8580996232733361,0.14644660940456378,0.8535533905911112
12263,0.4394153701084398,0.9,0.9472582670573462,0.24999999999506617,0.9330127018893708
12264,0.4416155901304424,0.9,0.807450816,0.37059047744771567,0.9829629131442598
12265,0.4391010529624393,0.9,0.614064462,0.5,1
12266,0.4326575514694331,0.9,0.4095158364727222,0.6294095225451384,0.9829629131461746
12267,0.41851327989941867,0.9,0.36598297753592857,0.75,0.9330127018930698
12268,0.41599874273141646,0.9,0.2977535928561462,0.8535533905902051,0.8535533905963424
12269,0.41599874273141646,0.9,0.25003488209850705,0.933012702,0.7499999999997427
12270,0.41851327989941867,0.9,0.17566624808148457,0.9829629131439281,0.6294095225535223
12271,0.41599874273141646,0.9,0.072415237,1,0.5000000000049807
12272,0.41489863272041516,0.9,0.038649365,0.9829629131446231,0.37059047744907153
12273,0.41489863272041516,0.9,0.027347565229524206,0.9330127018937107,0.25000000000258293
12274,0.41489863272041516,0.9,0.03557974,0.8535533905972488,0.1464466094107012
12275,0.41945623133741927,0.9,0.10004185851820846,0.7500000000008527,0.066987298
12276,0.41835612132641886,0.9,0.32621738523789595,0.6294095225547603,0.017037087
12277,0.42165645135942276,0.9,0.6298311706432259,0.5000000000062623,0
12278,0.42165645135942276,0.9,0.7153620761825031,0.37059047745030954,0.017037087
12279,0.41945623133741927,0.9,0.625366262,0.25000000000369293,0.066987298
12280,0.4225994027974225,0.9,0.5999720943211944,0.1464466094064626,0.14644660940698984
12281,0.42165645135942276,0.75,0.5618808427514999,0.066987298,0.24999999999803751
12282,0.4362721986484366,0.9,0.5678805636947118,0.017037086856735384,0.3705904774440017
12283,0.4394153701084398,0.75,0.6444816520161852,0,0.5
12284,0.4436586515794443,0.4,0.6520161852937072,0.017037087,0.6294095225484525